[2026-03-29T04:43:50.487Z] [SYSTEM] SIGINT — shutting down
[2026-03-29T04:43:50.489Z] [MQTT] Closed
[2026-03-29T04:43:50.489Z] [TCP] Closed
[2026-03-29T04:43:50.490Z] [DB] Pool closed
[2026-03-29T04:44:49.670Z] [MQTT] Broker on port 1883
[2026-03-29T04:44:49.672Z] [TCP] Server on port 9000
[2026-03-29T04:44:49.673Z] [HTTP] API → http://localhost:3000
[2026-03-29T04:44:49.707Z] [DB] MySQL OK ✓
[2026-03-29T04:56:25.679Z] [API_ERR] GET /api/nodes: Table 'solarmonitor.node_last_proto' doesn't exist
[2026-03-29T04:56:25.873Z] [API_ERR] GET /api/nodes: Table 'solarmonitor.node_last_proto' doesn't exist
[2026-03-29T04:56:26.077Z] [API_ERR] GET /api/nodes: Table 'solarmonitor.node_last_proto' doesn't exist
[2026-03-29T04:56:26.278Z] [API_ERR] GET /api/nodes: Table 'solarmonitor.node_last_proto' doesn't exist
[2026-03-29T04:56:26.495Z] [API_ERR] GET /api/nodes: Table 'solarmonitor.node_last_proto' doesn't exist
[2026-03-29T04:56:26.687Z] [API_ERR] GET /api/nodes: Table 'solarmonitor.node_last_proto' doesn't exist
[2026-03-29T04:56:26.889Z] [API_ERR] GET /api/nodes: Table 'solarmonitor.node_last_proto' doesn't exist
[2026-03-29T04:56:27.105Z] [API_ERR] GET /api/nodes: Table 'solarmonitor.node_last_proto' doesn't exist
[2026-03-29T04:56:27.312Z] [API_ERR] GET /api/nodes: Table 'solarmonitor.node_last_proto' doesn't exist
[2026-03-29T04:56:27.617Z] [API_ERR] GET /api/nodes: Table 'solarmonitor.node_last_proto' doesn't exist
[2026-03-29T04:56:27.891Z] [API_ERR] GET /api/nodes: Table 'solarmonitor.node_last_proto' doesn't exist
[2026-03-29T04:56:28.144Z] [API_ERR] GET /api/nodes: Table 'solarmonitor.node_last_proto' doesn't exist
[2026-03-29T04:56:28.377Z] [API_ERR] GET /api/nodes: Table 'solarmonitor.node_last_proto' doesn't exist
[2026-03-29T04:56:28.647Z] [API_ERR] GET /api/nodes: Table 'solarmonitor.node_last_proto' doesn't exist
[2026-03-29T04:56:28.897Z] [API_ERR] GET /api/nodes: Table 'solarmonitor.node_last_proto' doesn't exist
[2026-03-29T04:56:29.152Z] [API_ERR] GET /api/nodes: Table 'solarmonitor.node_last_proto' doesn't exist
[2026-03-29T04:56:29.408Z] [API_ERR] GET /api/nodes: Table 'solarmonitor.node_last_proto' doesn't exist
[2026-03-29T04:56:29.676Z] [API_ERR] GET /api/nodes: Table 'solarmonitor.node_last_proto' doesn't exist
[2026-03-29T04:56:29.930Z] [API_ERR] GET /api/nodes: Table 'solarmonitor.node_last_proto' doesn't exist
[2026-03-29T04:56:30.180Z] [API_ERR] GET /api/nodes: Table 'solarmonitor.node_last_proto' doesn't exist
[2026-03-29T04:56:30.442Z] [API_ERR] GET /api/nodes: Table 'solarmonitor.node_last_proto' doesn't exist
[2026-03-29T04:56:30.717Z] [API_ERR] GET /api/nodes: Table 'solarmonitor.node_last_proto' doesn't exist
[2026-03-29T04:56:31.014Z] [API_ERR] GET /api/nodes: Table 'solarmonitor.node_last_proto' doesn't exist
[2026-03-29T04:56:31.273Z] [API_ERR] GET /api/nodes: Table 'solarmonitor.node_last_proto' doesn't exist
[2026-03-29T04:56:31.535Z] [API_ERR] GET /api/nodes: Table 'solarmonitor.node_last_proto' doesn't exist
[2026-03-29T04:56:31.827Z] [API_ERR] GET /api/nodes: Table 'solarmonitor.node_last_proto' doesn't exist
[2026-03-29T04:56:32.106Z] [API_ERR] GET /api/nodes: Table 'solarmonitor.node_last_proto' doesn't exist
[2026-03-29T04:56:32.413Z] [API_ERR] GET /api/nodes: Table 'solarmonitor.node_last_proto' doesn't exist
[2026-03-29T04:56:32.685Z] [API_ERR] GET /api/nodes: Table 'solarmonitor.node_last_proto' doesn't exist
[2026-03-29T04:56:32.990Z] [API_ERR] GET /api/nodes: Table 'solarmonitor.node_last_proto' doesn't exist
[2026-03-29T04:56:33.268Z] [API_ERR] GET /api/nodes: Table 'solarmonitor.node_last_proto' doesn't exist
[2026-03-29T04:56:33.562Z] [API_ERR] GET /api/nodes: Table 'solarmonitor.node_last_proto' doesn't exist
[2026-03-29T04:56:33.902Z] [API_ERR] GET /api/nodes: Table 'solarmonitor.node_last_proto' doesn't exist
[2026-03-29T04:56:34.249Z] [API_ERR] GET /api/nodes: Table 'solarmonitor.node_last_proto' doesn't exist
[2026-03-29T04:56:34.610Z] [API_ERR] GET /api/nodes: Table 'solarmonitor.node_last_proto' doesn't exist
[2026-03-29T04:56:34.954Z] [API_ERR] GET /api/nodes: Table 'solarmonitor.node_last_proto' doesn't exist
[2026-03-29T04:56:35.291Z] [API_ERR] GET /api/nodes: Table 'solarmonitor.node_last_proto' doesn't exist
[2026-03-29T04:56:35.636Z] [API_ERR] GET /api/nodes: Table 'solarmonitor.node_last_proto' doesn't exist
[2026-03-29T04:56:35.990Z] [API_ERR] GET /api/nodes: Table 'solarmonitor.node_last_proto' doesn't exist
[2026-03-29T04:56:36.331Z] [API_ERR] GET /api/nodes: Table 'solarmonitor.node_last_proto' doesn't exist
[2026-03-29T04:56:36.716Z] [API_ERR] GET /api/nodes: Table 'solarmonitor.node_last_proto' doesn't exist
[2026-03-29T04:56:37.062Z] [API_ERR] GET /api/nodes: Table 'solarmonitor.node_last_proto' doesn't exist
[2026-03-29T04:56:37.446Z] [API_ERR] GET /api/nodes: Table 'solarmonitor.node_last_proto' doesn't exist
[2026-03-29T04:56:37.818Z] [API_ERR] GET /api/nodes: Table 'solarmonitor.node_last_proto' doesn't exist
[2026-03-29T04:56:38.125Z] [API_ERR] GET /api/nodes: Table 'solarmonitor.node_last_proto' doesn't exist
[2026-03-29T04:56:38.515Z] [API_ERR] GET /api/nodes: Table 'solarmonitor.node_last_proto' doesn't exist
[2026-03-29T04:56:38.838Z] [API_ERR] GET /api/nodes: Table 'solarmonitor.node_last_proto' doesn't exist
[2026-03-29T04:56:39.207Z] [API_ERR] GET /api/nodes: Table 'solarmonitor.node_last_proto' doesn't exist
[2026-03-29T04:56:39.586Z] [API_ERR] GET /api/nodes: Table 'solarmonitor.node_last_proto' doesn't exist
[2026-03-29T04:56:39.944Z] [API_ERR] GET /api/nodes: Table 'solarmonitor.node_last_proto' doesn't exist
[2026-03-29T04:56:40.403Z] [API_ERR] GET /api/nodes: Table 'solarmonitor.node_last_proto' doesn't exist
[2026-03-29T04:56:40.779Z] [API_ERR] GET /api/nodes: Table 'solarmonitor.node_last_proto' doesn't exist
[2026-03-29T04:56:41.136Z] [API_ERR] GET /api/nodes: Table 'solarmonitor.node_last_proto' doesn't exist
[2026-03-29T04:56:41.560Z] [API_ERR] GET /api/nodes: Table 'solarmonitor.node_last_proto' doesn't exist
[2026-03-29T04:56:41.933Z] [API_ERR] GET /api/nodes: Table 'solarmonitor.node_last_proto' doesn't exist
[2026-03-29T04:56:42.402Z] [API_ERR] GET /api/nodes: Table 'solarmonitor.node_last_proto' doesn't exist
[2026-03-29T04:56:42.828Z] [API_ERR] GET /api/nodes: Table 'solarmonitor.node_last_proto' doesn't exist
[2026-03-29T04:56:43.188Z] [API_ERR] GET /api/nodes: Table 'solarmonitor.node_last_proto' doesn't exist
[2026-03-29T04:56:43.669Z] [API_ERR] GET /api/nodes: Table 'solarmonitor.node_last_proto' doesn't exist
[2026-03-29T04:56:43.934Z] [API_ERR] GET /api/nodes: Table 'solarmonitor.node_last_proto' doesn't exist
[2026-03-29T04:56:44.223Z] [API_ERR] GET /api/nodes: Table 'solarmonitor.node_last_proto' doesn't exist
[2026-03-29T04:56:44.504Z] [API_ERR] GET /api/nodes: Table 'solarmonitor.node_last_proto' doesn't exist
[2026-03-29T04:56:44.784Z] [API_ERR] GET /api/nodes: Table 'solarmonitor.node_last_proto' doesn't exist
[2026-03-29T04:56:45.088Z] [API_ERR] GET /api/nodes: Table 'solarmonitor.node_last_proto' doesn't exist
[2026-03-29T04:56:45.409Z] [API_ERR] GET /api/nodes: Table 'solarmonitor.node_last_proto' doesn't exist
[2026-03-29T04:56:45.734Z] [API_ERR] GET /api/nodes: Table 'solarmonitor.node_last_proto' doesn't exist
[2026-03-29T04:56:46.048Z] [API_ERR] GET /api/nodes: Table 'solarmonitor.node_last_proto' doesn't exist
[2026-03-29T04:56:46.358Z] [API_ERR] GET /api/nodes: Table 'solarmonitor.node_last_proto' doesn't exist
[2026-03-29T04:56:46.679Z] [API_ERR] GET /api/nodes: Table 'solarmonitor.node_last_proto' doesn't exist
[2026-03-29T04:56:47.013Z] [API_ERR] GET /api/nodes: Table 'solarmonitor.node_last_proto' doesn't exist
[2026-03-29T04:56:47.342Z] [API_ERR] GET /api/nodes: Table 'solarmonitor.node_last_proto' doesn't exist
[2026-03-29T04:56:47.702Z] [API_ERR] GET /api/nodes: Table 'solarmonitor.node_last_proto' doesn't exist
[2026-03-29T04:56:48.027Z] [API_ERR] GET /api/nodes: Table 'solarmonitor.node_last_proto' doesn't exist
[2026-03-29T04:56:48.375Z] [API_ERR] GET /api/nodes: Table 'solarmonitor.node_last_proto' doesn't exist
[2026-03-29T04:56:48.731Z] [API_ERR] GET /api/nodes: Table 'solarmonitor.node_last_proto' doesn't exist
[2026-03-29T04:56:49.082Z] [API_ERR] GET /api/nodes: Table 'solarmonitor.node_last_proto' doesn't exist
[2026-03-29T04:56:49.418Z] [API_ERR] GET /api/nodes: Table 'solarmonitor.node_last_proto' doesn't exist
[2026-03-29T04:56:49.793Z] [API_ERR] GET /api/nodes: Table 'solarmonitor.node_last_proto' doesn't exist
[2026-03-29T04:56:50.151Z] [API_ERR] GET /api/nodes: Table 'solarmonitor.node_last_proto' doesn't exist
[2026-03-29T04:56:50.532Z] [API_ERR] GET /api/nodes: Table 'solarmonitor.node_last_proto' doesn't exist
[2026-03-29T04:56:50.919Z] [API_ERR] GET /api/nodes: Table 'solarmonitor.node_last_proto' doesn't exist
[2026-04-04T02:21:45.939Z] [SYSTEM] SIGINT — shutting down
[2026-04-04T02:21:48.073Z] [MQTT] Broker on port 1883
[2026-04-04T02:21:48.075Z] [TCP] Server on port 9000
[2026-04-04T02:21:48.076Z] [HTTP] API → http://localhost:3000
[2026-04-04T02:21:48.168Z] [DB] MySQL OK ✓
[2026-04-04T02:45:30.353Z] [MQTT] Connected: PV_11-03-1-2-01
[2026-04-04T02:45:30.861Z] [MQTT] TIME sync → cmd/11-03-1-2-01: TIME|10:45
[2026-04-04T02:45:50.189Z] [MQTT] Disconnected: PV_11-03-1-2-01
[2026-04-04T02:45:50.389Z] [MQTT] Connected: PV_11-03-1-2-01
[2026-04-04T02:45:50.890Z] [MQTT] TIME sync → cmd/11-03-1-2-01: TIME|10:45
[2026-04-04T02:47:13.702Z] [MQTT] Disconnected: PV_11-03-1-2-01
[2026-04-04T02:47:13.906Z] [MQTT] Connected: PV_11-03-1-2-01
[2026-04-04T02:47:14.416Z] [MQTT] TIME sync → cmd/11-03-1-2-01: TIME|10:47
[2026-04-04T02:48:16.285Z] [CMD] No last-proto record for 11-03-1-2-01 — cannot route command
[2026-04-04T02:48:16.288Z] [CMD] No last-proto record for 11-03-1-2-01 — cannot route command
[2026-04-04T02:48:16.291Z] [CMD] No last-proto record for 11-03-1-2-01 — cannot route command
[2026-04-04T02:48:16.302Z] [DB] INSERT cmd id=1 node=11-03-1-2-01 cmd=SCHED|08:00|17:00
[2026-04-04T02:48:16.304Z] [API] Schedule set for 11-03-1-2-01: SCHED|08:00|17:00 | delivery={"ok":false,"reason":"no_proto_record"}
[2026-04-04T02:52:33.179Z] [MQTT] Disconnected: PV_11-03-1-2-01
[2026-04-04T02:52:33.382Z] [MQTT] Connected: PV_11-03-1-2-01
[2026-04-04T02:52:33.888Z] [MQTT] TIME sync → cmd/11-03-1-2-01: TIME|10:52
[2026-04-04T02:52:41.926Z] [MQTT] Disconnected: PV_11-03-1-2-01
[2026-04-04T02:52:42.129Z] [MQTT] Connected: PV_11-03-1-2-01
[2026-04-04T02:52:42.635Z] [MQTT] TIME sync → cmd/11-03-1-2-01: TIME|10:52
[2026-04-04T02:53:42.831Z] [MQTT] Disconnected: PV_11-03-1-2-01
[2026-04-04T02:53:43.034Z] [MQTT] Connected: PV_11-03-1-2-01
[2026-04-04T02:53:43.536Z] [MQTT] TIME sync → cmd/11-03-1-2-01: TIME|10:53
[2026-04-04T02:53:49.735Z] [MQTT] Disconnected: PV_11-03-1-2-01
[2026-04-04T02:53:49.938Z] [MQTT] Connected: PV_11-03-1-2-01
[2026-04-04T02:53:50.448Z] [MQTT] TIME sync → cmd/11-03-1-2-01: TIME|10:53
[2026-04-04T03:00:21.540Z] [SYSTEM] SIGINT — shutting down
[2026-04-04T03:00:23.382Z] [MQTT] Broker on port 1883
[2026-04-04T03:00:23.384Z] [TCP] Server on port 9000
[2026-04-04T03:00:23.385Z] [HTTP] API → http://localhost:3000
[2026-04-04T03:00:23.418Z] [DB] MySQL OK ✓
[2026-04-04T03:00:26.553Z] [MQTT] Connected: PV_11-03-1-2-01
[2026-04-04T03:00:27.055Z] [MQTT] TIME sync → cmd/11-03-1-2-01: TIME|11:00
[2026-04-04T03:05:59.091Z] [SYSTEM] SIGINT — shutting down
[2026-04-04T03:06:07.843Z] [MQTT] Broker on port 1883
[2026-04-04T03:06:07.845Z] [TCP] Server on port 9000
[2026-04-04T03:06:07.846Z] [HTTP] API → http://localhost:3000
[2026-04-04T03:06:07.876Z] [DB] MySQL OK ✓
[2026-04-04T03:06:09.091Z] [MQTT] Connected: PV_11-03-1-2-01
[2026-04-04T03:06:09.603Z] [MQTT] TIME sync → cmd/11-03-1-2-01: TIME|11:06
[2026-04-04T03:07:12.418Z] [SYSTEM] SIGINT — shutting down
[2026-04-04T03:07:13.531Z] [MQTT] Broker on port 1883
[2026-04-04T03:07:13.533Z] [TCP] Server on port 9000
[2026-04-04T03:07:13.534Z] [HTTP] API → http://localhost:3000
[2026-04-04T03:07:13.561Z] [DB] MySQL OK ✓
[2026-04-04T03:07:17.427Z] [MQTT] Connected: PV_11-03-1-2-01
[2026-04-04T03:07:17.940Z] [MQTT] TIME sync → cmd/11-03-1-2-01: TIME|11:07
[2026-04-04T03:08:17.946Z] [SYSTEM] SIGINT — shutting down
[2026-04-04T03:08:18.861Z] [MQTT] Broker on port 1883
[2026-04-04T03:08:18.863Z] [TCP] Server on port 9000
[2026-04-04T03:08:18.864Z] [HTTP] API → http://localhost:3000
[2026-04-04T03:08:18.899Z] [DB] MySQL OK ✓
[2026-04-04T03:08:22.957Z] [MQTT] Connected: PV_11-03-1-2-01
[2026-04-04T03:08:23.463Z] [MQTT] TIME sync → cmd/11-03-1-2-01: TIME|11:08
[2026-04-04T03:21:28.330Z] [MQTT] Disconnected: PV_11-03-1-2-01
[2026-04-04T03:21:28.331Z] [MQTT] Connected: PV_11-03-1-2-01
[2026-04-04T03:21:28.837Z] [MQTT] TIME sync → cmd/11-03-1-2-01: TIME|11:21
[2026-04-04T03:24:03.349Z] [MQTT] Disconnected: PV_11-03-1-2-01
[2026-04-04T04:52:09.449Z] [MQTT] Connected: PV_11-03-1-2-01
[2026-04-04T04:52:09.952Z] [MQTT] TIME sync → cmd/11-03-1-2-01: TIME|12:52
[2026-04-04T04:52:29.106Z] [MQTT] Disconnected: PV_11-03-1-2-01
[2026-04-04T04:52:29.309Z] [MQTT] Connected: PV_11-03-1-2-01
[2026-04-04T04:52:29.818Z] [MQTT] TIME sync → cmd/11-03-1-2-01: TIME|12:52
[2026-04-04T04:53:51.749Z] [MQTT] Disconnected: PV_11-03-1-2-01
[2026-04-04T04:53:51.952Z] [MQTT] Connected: PV_11-03-1-2-01
[2026-04-04T04:53:52.456Z] [MQTT] TIME sync → cmd/11-03-1-2-01: TIME|12:53
[2026-04-04T05:03:28.926Z] [MQTT] Disconnected: PV_11-03-1-2-01
[2026-04-04T05:03:29.129Z] [MQTT] Connected: PV_11-03-1-2-01
[2026-04-04T05:03:29.631Z] [MQTT] TIME sync → cmd/11-03-1-2-01: TIME|13:03
[2026-04-04T05:03:39.137Z] [MQTT] DATA seq=1 node=11-03-1-2-01 V=4.25V I=-1.413A bat=4.25V clean=0
[2026-04-04T05:03:39.149Z] [DB] INSERT log id=1 node=11-03-1-2-01 proto=MQTT
[2026-04-04T05:03:49.137Z] [MQTT] DATA seq=2 node=11-03-1-2-01 V=4.27V I=-3.131A bat=4.27V clean=0
[2026-04-04T05:03:49.147Z] [DB] INSERT log id=2 node=11-03-1-2-01 proto=MQTT
[2026-04-04T05:03:59.137Z] [MQTT] DATA seq=3 node=11-03-1-2-01 V=4.27V I=-3.421A bat=4.27V clean=0
[2026-04-04T05:03:59.147Z] [DB] INSERT log id=3 node=11-03-1-2-01 proto=MQTT
[2026-04-04T05:04:10.672Z] [MQTT] Disconnected: PV_11-03-1-2-01
[2026-04-04T05:04:10.875Z] [MQTT] Connected: PV_11-03-1-2-01
[2026-04-04T05:04:11.389Z] [MQTT] TIME sync → cmd/11-03-1-2-01: TIME|13:04
[2026-04-04T05:04:20.884Z] [MQTT] DATA seq=1 node=11-03-1-2-01 V=4.25V I=-0.885A bat=4.25V clean=0
[2026-04-04T05:04:20.893Z] [DB] INSERT log id=4 node=11-03-1-2-01 proto=MQTT
[2026-04-04T05:04:30.884Z] [MQTT] DATA seq=2 node=11-03-1-2-01 V=4.25V I=-2.682A bat=4.25V clean=0
[2026-04-04T05:04:30.894Z] [DB] INSERT log id=5 node=11-03-1-2-01 proto=MQTT
[2026-04-04T05:04:40.886Z] [MQTT] DATA seq=3 node=11-03-1-2-01 V=4.25V I=-3.342A bat=4.25V clean=0
[2026-04-04T05:04:40.901Z] [DB] INSERT log id=6 node=11-03-1-2-01 proto=MQTT
[2026-04-04T05:04:50.885Z] [MQTT] DATA seq=4 node=11-03-1-2-01 V=4.25V I=-3.527A bat=4.25V clean=0
[2026-04-04T05:04:50.899Z] [DB] INSERT log id=7 node=11-03-1-2-01 proto=MQTT
[2026-04-04T05:05:00.884Z] [MQTT] DATA seq=5 node=11-03-1-2-01 V=4.25V I=-3.368A bat=4.25V clean=0
[2026-04-04T05:05:00.902Z] [DB] INSERT log id=8 node=11-03-1-2-01 proto=MQTT
[2026-04-04T05:05:10.885Z] [MQTT] DATA seq=6 node=11-03-1-2-01 V=4.25V I=-3.236A bat=4.25V clean=0
[2026-04-04T05:05:10.900Z] [DB] INSERT log id=9 node=11-03-1-2-01 proto=MQTT
[2026-04-04T05:05:20.884Z] [MQTT] DATA seq=7 node=11-03-1-2-01 V=4.26V I=-3.633A bat=4.26V clean=0
[2026-04-04T05:05:20.900Z] [DB] INSERT log id=10 node=11-03-1-2-01 proto=MQTT
[2026-04-04T05:05:30.885Z] [MQTT] DATA seq=8 node=11-03-1-2-01 V=4.25V I=-3.712A bat=4.25V clean=0
[2026-04-04T05:05:30.900Z] [DB] INSERT log id=11 node=11-03-1-2-01 proto=MQTT
[2026-04-04T05:05:40.886Z] [MQTT] DATA seq=9 node=11-03-1-2-01 V=4.26V I=-3.421A bat=4.26V clean=0
[2026-04-04T05:05:40.898Z] [DB] INSERT log id=12 node=11-03-1-2-01 proto=MQTT
[2026-04-04T05:05:50.885Z] [MQTT] DATA seq=10 node=11-03-1-2-01 V=4.25V I=-3.368A bat=4.25V clean=0
[2026-04-04T05:05:50.898Z] [DB] INSERT log id=13 node=11-03-1-2-01 proto=MQTT
[2026-04-04T05:06:00.885Z] [MQTT] DATA seq=11 node=11-03-1-2-01 V=4.25V I=-3.527A bat=4.25V clean=0
[2026-04-04T05:06:00.898Z] [DB] INSERT log id=14 node=11-03-1-2-01 proto=MQTT
[2026-04-04T05:06:10.885Z] [MQTT] DATA seq=12 node=11-03-1-2-01 V=4.25V I=-3.474A bat=4.25V clean=0
[2026-04-04T05:06:10.899Z] [DB] INSERT log id=15 node=11-03-1-2-01 proto=MQTT
[2026-04-04T05:06:20.885Z] [MQTT] DATA seq=13 node=11-03-1-2-01 V=4.25V I=-3.289A bat=4.25V clean=0
[2026-04-04T05:06:20.901Z] [DB] INSERT log id=16 node=11-03-1-2-01 proto=MQTT
[2026-04-04T05:06:30.885Z] [MQTT] DATA seq=14 node=11-03-1-2-01 V=4.25V I=-3.263A bat=4.25V clean=0
[2026-04-04T05:06:30.901Z] [DB] INSERT log id=17 node=11-03-1-2-01 proto=MQTT
[2026-04-04T05:06:40.884Z] [MQTT] DATA seq=15 node=11-03-1-2-01 V=4.25V I=-3.712A bat=4.25V clean=0
[2026-04-04T05:06:40.898Z] [DB] INSERT log id=18 node=11-03-1-2-01 proto=MQTT
[2026-04-04T05:06:50.884Z] [MQTT] DATA seq=16 node=11-03-1-2-01 V=4.25V I=-5.059A bat=4.25V clean=0
[2026-04-04T05:06:50.898Z] [DB] INSERT log id=19 node=11-03-1-2-01 proto=MQTT
[2026-04-04T05:07:00.884Z] [MQTT] DATA seq=17 node=11-03-1-2-01 V=4.26V I=-3.87A bat=4.26V clean=0
[2026-04-04T05:07:00.898Z] [DB] INSERT log id=20 node=11-03-1-2-01 proto=MQTT
[2026-04-04T05:07:10.884Z] [MQTT] DATA seq=18 node=11-03-1-2-01 V=4.25V I=-3.078A bat=4.25V clean=0
[2026-04-04T05:07:10.897Z] [DB] INSERT log id=21 node=11-03-1-2-01 proto=MQTT
[2026-04-04T05:07:20.884Z] [MQTT] DATA seq=19 node=11-03-1-2-01 V=4.25V I=-2.761A bat=4.25V clean=0
[2026-04-04T05:07:20.902Z] [DB] INSERT log id=22 node=11-03-1-2-01 proto=MQTT
[2026-04-04T05:07:30.885Z] [MQTT] DATA seq=20 node=11-03-1-2-01 V=4.25V I=-3.368A bat=4.25V clean=0
[2026-04-04T05:07:30.894Z] [DB] INSERT log id=23 node=11-03-1-2-01 proto=MQTT
[2026-04-04T05:07:40.884Z] [MQTT] DATA seq=21 node=11-03-1-2-01 V=4.25V I=-3.501A bat=4.25V clean=0
[2026-04-04T05:07:40.895Z] [DB] INSERT log id=24 node=11-03-1-2-01 proto=MQTT
[2026-04-04T05:07:50.884Z] [MQTT] DATA seq=22 node=11-03-1-2-01 V=4.25V I=-4.24A bat=4.25V clean=0
[2026-04-04T05:07:50.895Z] [DB] INSERT log id=25 node=11-03-1-2-01 proto=MQTT
[2026-04-04T05:08:00.883Z] [MQTT] DATA seq=23 node=11-03-1-2-01 V=4.25V I=-3.818A bat=4.25V clean=0
[2026-04-04T05:08:00.893Z] [DB] INSERT log id=26 node=11-03-1-2-01 proto=MQTT
[2026-04-04T05:08:10.884Z] [MQTT] DATA seq=24 node=11-03-1-2-01 V=4.25V I=-3.316A bat=4.25V clean=0
[2026-04-04T05:08:10.893Z] [DB] INSERT log id=27 node=11-03-1-2-01 proto=MQTT
[2026-04-04T05:08:20.884Z] [MQTT] DATA seq=25 node=11-03-1-2-01 V=4.25V I=-3.157A bat=4.25V clean=0
[2026-04-04T05:08:20.894Z] [DB] INSERT log id=28 node=11-03-1-2-01 proto=MQTT
[2026-04-04T05:08:30.883Z] [MQTT] DATA seq=26 node=11-03-1-2-01 V=4.25V I=-3.157A bat=4.25V clean=0
[2026-04-04T05:08:30.894Z] [DB] INSERT log id=29 node=11-03-1-2-01 proto=MQTT
[2026-04-04T05:08:40.883Z] [MQTT] DATA seq=27 node=11-03-1-2-01 V=4.25V I=-3.184A bat=4.25V clean=0
[2026-04-04T05:08:40.893Z] [DB] INSERT log id=30 node=11-03-1-2-01 proto=MQTT
[2026-04-04T05:08:50.883Z] [MQTT] DATA seq=28 node=11-03-1-2-01 V=4.25V I=-3.448A bat=4.25V clean=0
[2026-04-04T05:08:50.893Z] [DB] INSERT log id=31 node=11-03-1-2-01 proto=MQTT
[2026-04-04T05:09:00.883Z] [MQTT] DATA seq=29 node=11-03-1-2-01 V=4.25V I=-3.686A bat=4.25V clean=0
[2026-04-04T05:09:00.893Z] [DB] INSERT log id=32 node=11-03-1-2-01 proto=MQTT
[2026-04-04T05:09:10.883Z] [MQTT] DATA seq=30 node=11-03-1-2-01 V=4.25V I=-3.104A bat=4.25V clean=0
[2026-04-04T05:09:10.892Z] [DB] INSERT log id=33 node=11-03-1-2-01 proto=MQTT
[2026-04-04T05:09:20.883Z] [MQTT] DATA seq=31 node=11-03-1-2-01 V=4.25V I=-2.972A bat=4.25V clean=0
[2026-04-04T05:09:20.891Z] [DB] INSERT log id=34 node=11-03-1-2-01 proto=MQTT
[2026-04-04T05:09:30.884Z] [MQTT] DATA seq=32 node=11-03-1-2-01 V=4.26V I=-2.999A bat=4.26V clean=0
[2026-04-04T05:09:30.897Z] [DB] INSERT log id=35 node=11-03-1-2-01 proto=MQTT
[2026-04-04T05:09:40.884Z] [MQTT] DATA seq=33 node=11-03-1-2-01 V=4.25V I=-3.316A bat=4.25V clean=0
[2026-04-04T05:09:40.893Z] [DB] INSERT log id=36 node=11-03-1-2-01 proto=MQTT
[2026-04-04T05:09:50.883Z] [MQTT] DATA seq=34 node=11-03-1-2-01 V=4.25V I=-3.316A bat=4.25V clean=0
[2026-04-04T05:09:50.893Z] [DB] INSERT log id=37 node=11-03-1-2-01 proto=MQTT
[2026-04-04T05:10:00.884Z] [MQTT] DATA seq=35 node=11-03-1-2-01 V=4.26V I=-3.421A bat=4.26V clean=0
[2026-04-04T05:10:00.892Z] [DB] INSERT log id=38 node=11-03-1-2-01 proto=MQTT
[2026-04-04T05:10:10.884Z] [MQTT] DATA seq=36 node=11-03-1-2-01 V=4.25V I=-3.659A bat=4.25V clean=0
[2026-04-04T05:10:10.894Z] [DB] INSERT log id=39 node=11-03-1-2-01 proto=MQTT
[2026-04-04T05:10:20.884Z] [MQTT] DATA seq=37 node=11-03-1-2-01 V=4.26V I=-3.342A bat=4.26V clean=0
[2026-04-04T05:10:20.893Z] [DB] INSERT log id=40 node=11-03-1-2-01 proto=MQTT
[2026-04-04T05:10:30.884Z] [MQTT] DATA seq=38 node=11-03-1-2-01 V=4.26V I=-3.58A bat=4.26V clean=0
[2026-04-04T05:10:30.894Z] [DB] INSERT log id=41 node=11-03-1-2-01 proto=MQTT
[2026-04-04T05:10:40.883Z] [MQTT] DATA seq=39 node=11-03-1-2-01 V=4.25V I=-3.078A bat=4.25V clean=0
[2026-04-04T05:10:40.892Z] [DB] INSERT log id=42 node=11-03-1-2-01 proto=MQTT
[2026-04-04T05:10:50.884Z] [MQTT] DATA seq=40 node=11-03-1-2-01 V=4.25V I=-3.289A bat=4.25V clean=0
[2026-04-04T05:10:50.892Z] [DB] INSERT log id=43 node=11-03-1-2-01 proto=MQTT
[2026-04-04T05:11:00.884Z] [MQTT] DATA seq=41 node=11-03-1-2-01 V=4.25V I=-3.21A bat=4.25V clean=0
[2026-04-04T05:11:00.894Z] [DB] INSERT log id=44 node=11-03-1-2-01 proto=MQTT
[2026-04-04T05:11:10.883Z] [MQTT] DATA seq=42 node=11-03-1-2-01 V=4.25V I=-3.131A bat=4.25V clean=0
[2026-04-04T05:11:10.892Z] [DB] INSERT log id=45 node=11-03-1-2-01 proto=MQTT
[2026-04-04T05:11:20.884Z] [MQTT] DATA seq=43 node=11-03-1-2-01 V=4.25V I=-3.157A bat=4.25V clean=0
[2026-04-04T05:11:20.893Z] [DB] INSERT log id=46 node=11-03-1-2-01 proto=MQTT
[2026-04-04T05:11:30.884Z] [MQTT] DATA seq=44 node=11-03-1-2-01 V=4.26V I=-3.104A bat=4.26V clean=0
[2026-04-04T05:11:30.893Z] [DB] INSERT log id=47 node=11-03-1-2-01 proto=MQTT
[2026-04-04T05:11:40.883Z] [MQTT] DATA seq=45 node=11-03-1-2-01 V=4.25V I=-3.501A bat=4.25V clean=0
[2026-04-04T05:11:40.892Z] [DB] INSERT log id=48 node=11-03-1-2-01 proto=MQTT
[2026-04-04T05:11:50.883Z] [MQTT] DATA seq=46 node=11-03-1-2-01 V=4.25V I=-3.553A bat=4.25V clean=0
[2026-04-04T05:11:50.892Z] [DB] INSERT log id=49 node=11-03-1-2-01 proto=MQTT
[2026-04-04T05:12:00.883Z] [MQTT] DATA seq=47 node=11-03-1-2-01 V=4.26V I=-3.58A bat=4.26V clean=0
[2026-04-04T05:12:00.893Z] [DB] INSERT log id=50 node=11-03-1-2-01 proto=MQTT
[2026-04-04T05:12:10.883Z] [MQTT] DATA seq=48 node=11-03-1-2-01 V=4.25V I=-3.236A bat=4.25V clean=0
[2026-04-04T05:12:10.891Z] [DB] INSERT log id=51 node=11-03-1-2-01 proto=MQTT
[2026-04-04T05:12:20.884Z] [MQTT] DATA seq=49 node=11-03-1-2-01 V=4.25V I=-3.289A bat=4.25V clean=0
[2026-04-04T05:12:20.894Z] [DB] INSERT log id=52 node=11-03-1-2-01 proto=MQTT
[2026-04-04T05:12:30.883Z] [MQTT] DATA seq=50 node=11-03-1-2-01 V=4.25V I=-3.58A bat=4.25V clean=0
[2026-04-04T05:12:30.892Z] [DB] INSERT log id=53 node=11-03-1-2-01 proto=MQTT
[2026-04-04T05:12:40.883Z] [MQTT] DATA seq=51 node=11-03-1-2-01 V=4.27V I=-3.633A bat=4.27V clean=0
[2026-04-04T05:12:40.893Z] [DB] INSERT log id=54 node=11-03-1-2-01 proto=MQTT
[2026-04-04T05:12:50.884Z] [MQTT] DATA seq=52 node=11-03-1-2-01 V=4.25V I=-3.738A bat=4.25V clean=0
[2026-04-04T05:12:50.894Z] [DB] INSERT log id=55 node=11-03-1-2-01 proto=MQTT
[2026-04-04T05:13:00.883Z] [MQTT] DATA seq=53 node=11-03-1-2-01 V=4.22V I=-3.923A bat=4.22V clean=0
[2026-04-04T05:13:00.892Z] [DB] INSERT log id=56 node=11-03-1-2-01 proto=MQTT
[2026-04-04T05:13:10.883Z] [MQTT] DATA seq=54 node=11-03-1-2-01 V=4.23V I=-3.104A bat=4.23V clean=0
[2026-04-04T05:13:10.892Z] [DB] INSERT log id=57 node=11-03-1-2-01 proto=MQTT
[2026-04-04T05:13:20.883Z] [MQTT] DATA seq=55 node=11-03-1-2-01 V=4.23V I=-3.342A bat=4.23V clean=0
[2026-04-04T05:13:20.894Z] [DB] INSERT log id=58 node=11-03-1-2-01 proto=MQTT
[2026-04-04T05:13:30.883Z] [MQTT] DATA seq=56 node=11-03-1-2-01 V=4.22V I=-3.184A bat=4.22V clean=0
[2026-04-04T05:13:30.893Z] [DB] INSERT log id=59 node=11-03-1-2-01 proto=MQTT
[2026-04-04T05:13:40.884Z] [MQTT] DATA seq=57 node=11-03-1-2-01 V=4.23V I=-3.316A bat=4.23V clean=0
[2026-04-04T05:13:40.893Z] [DB] INSERT log id=60 node=11-03-1-2-01 proto=MQTT
[2026-04-04T05:13:50.883Z] [MQTT] DATA seq=58 node=11-03-1-2-01 V=4.22V I=-4.795A bat=4.22V clean=0
[2026-04-04T05:13:50.892Z] [DB] INSERT log id=61 node=11-03-1-2-01 proto=MQTT
[2026-04-04T05:14:00.883Z] [MQTT] DATA seq=59 node=11-03-1-2-01 V=4.22V I=-2.417A bat=4.22V clean=0
[2026-04-04T05:14:00.894Z] [DB] INSERT log id=62 node=11-03-1-2-01 proto=MQTT
[2026-04-04T05:14:10.884Z] [MQTT] DATA seq=60 node=11-03-1-2-01 V=4.22V I=-2.867A bat=4.22V clean=0
[2026-04-04T05:14:10.893Z] [DB] INSERT log id=63 node=11-03-1-2-01 proto=MQTT
[2026-04-04T05:14:20.883Z] [MQTT] DATA seq=61 node=11-03-1-2-01 V=4.23V I=-3.104A bat=4.23V clean=0
[2026-04-04T05:14:20.892Z] [DB] INSERT log id=64 node=11-03-1-2-01 proto=MQTT
[2026-04-04T05:14:30.884Z] [MQTT] DATA seq=62 node=11-03-1-2-01 V=4.22V I=-3.078A bat=4.22V clean=0
[2026-04-04T05:14:30.893Z] [DB] INSERT log id=65 node=11-03-1-2-01 proto=MQTT
[2026-04-04T05:14:40.883Z] [MQTT] DATA seq=63 node=11-03-1-2-01 V=4.22V I=-3.289A bat=4.22V clean=0
[2026-04-04T05:14:40.891Z] [DB] INSERT log id=66 node=11-03-1-2-01 proto=MQTT
[2026-04-04T05:14:50.883Z] [MQTT] DATA seq=64 node=11-03-1-2-01 V=4.22V I=-3.263A bat=4.22V clean=0
[2026-04-04T05:14:50.892Z] [DB] INSERT log id=67 node=11-03-1-2-01 proto=MQTT
[2026-04-04T05:15:00.883Z] [MQTT] DATA seq=65 node=11-03-1-2-01 V=4.22V I=-3.131A bat=4.22V clean=0
[2026-04-04T05:15:00.892Z] [DB] INSERT log id=68 node=11-03-1-2-01 proto=MQTT
[2026-04-04T05:15:10.883Z] [MQTT] DATA seq=66 node=11-03-1-2-01 V=4.24V I=-3.527A bat=4.24V clean=0
[2026-04-04T05:15:10.892Z] [DB] INSERT log id=69 node=11-03-1-2-01 proto=MQTT
[2026-04-04T05:15:20.883Z] [MQTT] DATA seq=67 node=11-03-1-2-01 V=4.22V I=-4.187A bat=4.22V clean=0
[2026-04-04T05:15:20.893Z] [DB] INSERT log id=70 node=11-03-1-2-01 proto=MQTT
[2026-04-04T05:15:30.883Z] [MQTT] DATA seq=68 node=11-03-1-2-01 V=4.22V I=-3.342A bat=4.22V clean=0
[2026-04-04T05:15:30.892Z] [DB] INSERT log id=71 node=11-03-1-2-01 proto=MQTT
[2026-04-04T05:15:40.883Z] [MQTT] DATA seq=69 node=11-03-1-2-01 V=4.23V I=-3.21A bat=4.23V clean=0
[2026-04-04T05:15:40.891Z] [DB] INSERT log id=72 node=11-03-1-2-01 proto=MQTT
[2026-04-04T05:15:50.883Z] [MQTT] DATA seq=70 node=11-03-1-2-01 V=4.22V I=-3.368A bat=4.22V clean=0
[2026-04-04T05:15:50.893Z] [DB] INSERT log id=73 node=11-03-1-2-01 proto=MQTT
[2026-04-04T05:16:00.883Z] [MQTT] DATA seq=71 node=11-03-1-2-01 V=4.22V I=-3.474A bat=4.22V clean=0
[2026-04-04T05:16:00.892Z] [DB] INSERT log id=74 node=11-03-1-2-01 proto=MQTT
[2026-04-04T05:16:10.883Z] [MQTT] DATA seq=72 node=11-03-1-2-01 V=4.22V I=-3.474A bat=4.22V clean=0
[2026-04-04T05:16:10.892Z] [DB] INSERT log id=75 node=11-03-1-2-01 proto=MQTT
[2026-04-04T05:16:20.883Z] [MQTT] DATA seq=73 node=11-03-1-2-01 V=4.22V I=-3.368A bat=4.22V clean=0
[2026-04-04T05:16:20.893Z] [DB] INSERT log id=76 node=11-03-1-2-01 proto=MQTT
[2026-04-04T05:16:30.883Z] [MQTT] DATA seq=74 node=11-03-1-2-01 V=4.22V I=-3.342A bat=4.22V clean=0
[2026-04-04T05:16:30.892Z] [DB] INSERT log id=77 node=11-03-1-2-01 proto=MQTT
[2026-04-04T05:16:40.884Z] [MQTT] DATA seq=75 node=11-03-1-2-01 V=4.23V I=-3.184A bat=4.23V clean=0
[2026-04-04T05:16:40.893Z] [DB] INSERT log id=78 node=11-03-1-2-01 proto=MQTT
[2026-04-04T05:16:50.884Z] [MQTT] DATA seq=76 node=11-03-1-2-01 V=4.23V I=-4.822A bat=4.23V clean=0
[2026-04-04T05:16:50.895Z] [DB] INSERT log id=79 node=11-03-1-2-01 proto=MQTT
[2026-04-04T05:17:00.883Z] [MQTT] DATA seq=77 node=11-03-1-2-01 V=4.22V I=-1.255A bat=4.22V clean=0
[2026-04-04T05:17:00.892Z] [DB] INSERT log id=80 node=11-03-1-2-01 proto=MQTT
[2026-04-04T05:17:10.883Z] [MQTT] DATA seq=78 node=11-03-1-2-01 V=4.23V I=-3.421A bat=4.23V clean=0
[2026-04-04T05:17:10.893Z] [DB] INSERT log id=81 node=11-03-1-2-01 proto=MQTT
[2026-04-04T05:17:20.883Z] [MQTT] DATA seq=79 node=11-03-1-2-01 V=4.22V I=-3.765A bat=4.22V clean=0
[2026-04-04T05:17:20.892Z] [DB] INSERT log id=82 node=11-03-1-2-01 proto=MQTT
[2026-04-04T05:17:30.883Z] [MQTT] DATA seq=80 node=11-03-1-2-01 V=4.22V I=-3.765A bat=4.22V clean=0
[2026-04-04T05:17:30.892Z] [DB] INSERT log id=83 node=11-03-1-2-01 proto=MQTT
[2026-04-04T05:17:40.883Z] [MQTT] DATA seq=81 node=11-03-1-2-01 V=4.22V I=-1.81A bat=4.22V clean=0
[2026-04-04T05:17:40.893Z] [DB] INSERT log id=84 node=11-03-1-2-01 proto=MQTT
[2026-04-04T05:17:50.883Z] [MQTT] DATA seq=82 node=11-03-1-2-01 V=4.22V I=-3.421A bat=4.22V clean=0
[2026-04-04T05:17:50.892Z] [DB] INSERT log id=85 node=11-03-1-2-01 proto=MQTT
[2026-04-04T05:18:00.883Z] [MQTT] DATA seq=83 node=11-03-1-2-01 V=4.22V I=-3.395A bat=4.22V clean=0
[2026-04-04T05:18:00.892Z] [DB] INSERT log id=86 node=11-03-1-2-01 proto=MQTT
[2026-04-04T05:18:10.884Z] [MQTT] DATA seq=84 node=11-03-1-2-01 V=4.22V I=-3.606A bat=4.22V clean=0
[2026-04-04T05:18:10.892Z] [DB] INSERT log id=87 node=11-03-1-2-01 proto=MQTT
[2026-04-04T05:18:20.883Z] [MQTT] DATA seq=85 node=11-03-1-2-01 V=4.21V I=-3.712A bat=4.21V clean=0
[2026-04-04T05:18:20.892Z] [DB] INSERT log id=88 node=11-03-1-2-01 proto=MQTT
[2026-04-04T05:18:30.883Z] [MQTT] DATA seq=86 node=11-03-1-2-01 V=4.22V I=-3.686A bat=4.22V clean=0
[2026-04-04T05:18:30.892Z] [DB] INSERT log id=89 node=11-03-1-2-01 proto=MQTT
[2026-04-04T05:18:40.883Z] [MQTT] DATA seq=87 node=11-03-1-2-01 V=4.22V I=-3.633A bat=4.22V clean=0
[2026-04-04T05:18:40.892Z] [DB] INSERT log id=90 node=11-03-1-2-01 proto=MQTT
[2026-04-04T05:18:50.883Z] [MQTT] DATA seq=88 node=11-03-1-2-01 V=4.25V I=-3.686A bat=4.25V clean=0
[2026-04-04T05:18:50.890Z] [DB] INSERT log id=91 node=11-03-1-2-01 proto=MQTT
[2026-04-04T05:19:00.883Z] [MQTT] DATA seq=89 node=11-03-1-2-01 V=4.22V I=-3.844A bat=4.22V clean=0
[2026-04-04T05:19:00.893Z] [DB] INSERT log id=92 node=11-03-1-2-01 proto=MQTT
[2026-04-04T05:19:10.883Z] [MQTT] DATA seq=90 node=11-03-1-2-01 V=4.22V I=-1.863A bat=4.22V clean=0
[2026-04-04T05:19:10.896Z] [DB] INSERT log id=93 node=11-03-1-2-01 proto=MQTT
[2026-04-04T05:19:20.883Z] [MQTT] DATA seq=91 node=11-03-1-2-01 V=4.22V I=-3.025A bat=4.22V clean=0
[2026-04-04T05:19:20.891Z] [DB] INSERT log id=94 node=11-03-1-2-01 proto=MQTT
[2026-04-04T05:19:30.884Z] [MQTT] DATA seq=92 node=11-03-1-2-01 V=4.23V I=-2.999A bat=4.23V clean=0
[2026-04-04T05:19:30.893Z] [DB] INSERT log id=95 node=11-03-1-2-01 proto=MQTT
[2026-04-04T05:19:40.883Z] [MQTT] DATA seq=93 node=11-03-1-2-01 V=4.22V I=-3.738A bat=4.22V clean=0
[2026-04-04T05:19:40.892Z] [DB] INSERT log id=96 node=11-03-1-2-01 proto=MQTT
[2026-04-04T05:19:50.883Z] [MQTT] DATA seq=94 node=11-03-1-2-01 V=4.22V I=-3.686A bat=4.22V clean=0
[2026-04-04T05:19:50.893Z] [DB] INSERT log id=97 node=11-03-1-2-01 proto=MQTT
[2026-04-04T05:20:00.882Z] [MQTT] DATA seq=95 node=11-03-1-2-01 V=4.22V I=-3.21A bat=4.22V clean=0
[2026-04-04T05:20:00.891Z] [DB] INSERT log id=98 node=11-03-1-2-01 proto=MQTT
[2026-04-04T05:20:10.883Z] [MQTT] DATA seq=96 node=11-03-1-2-01 V=4.22V I=-3.368A bat=4.22V clean=0
[2026-04-04T05:20:10.892Z] [DB] INSERT log id=99 node=11-03-1-2-01 proto=MQTT
[2026-04-04T05:20:20.883Z] [MQTT] DATA seq=97 node=11-03-1-2-01 V=4.22V I=-3.421A bat=4.22V clean=0
[2026-04-04T05:20:20.891Z] [DB] INSERT log id=100 node=11-03-1-2-01 proto=MQTT
[2026-04-04T05:20:30.882Z] [MQTT] DATA seq=98 node=11-03-1-2-01 V=4.24V I=-3.659A bat=4.24V clean=0
[2026-04-04T05:20:30.892Z] [DB] INSERT log id=101 node=11-03-1-2-01 proto=MQTT
[2026-04-04T05:20:40.883Z] [MQTT] DATA seq=99 node=11-03-1-2-01 V=4.22V I=-3.395A bat=4.22V clean=0
[2026-04-04T05:20:40.892Z] [DB] INSERT log id=102 node=11-03-1-2-01 proto=MQTT
[2026-04-04T05:20:50.883Z] [MQTT] DATA seq=100 node=11-03-1-2-01 V=4.24V I=-3.131A bat=4.24V clean=0
[2026-04-04T05:20:50.893Z] [DB] INSERT log id=103 node=11-03-1-2-01 proto=MQTT
[2026-04-04T05:21:00.883Z] [MQTT] DATA seq=101 node=11-03-1-2-01 V=4.25V I=-2.972A bat=4.25V clean=0
[2026-04-04T05:21:00.892Z] [DB] INSERT log id=104 node=11-03-1-2-01 proto=MQTT
[2026-04-04T05:21:10.883Z] [MQTT] DATA seq=102 node=11-03-1-2-01 V=4.25V I=-3.395A bat=4.25V clean=0
[2026-04-04T05:21:10.893Z] [DB] INSERT log id=105 node=11-03-1-2-01 proto=MQTT
[2026-04-04T05:21:20.882Z] [MQTT] DATA seq=103 node=11-03-1-2-01 V=4.26V I=-3.501A bat=4.26V clean=0
[2026-04-04T05:21:20.892Z] [DB] INSERT log id=106 node=11-03-1-2-01 proto=MQTT
[2026-04-04T05:21:30.883Z] [MQTT] DATA seq=104 node=11-03-1-2-01 V=4.25V I=-3.527A bat=4.25V clean=0
[2026-04-04T05:21:30.892Z] [DB] INSERT log id=107 node=11-03-1-2-01 proto=MQTT
[2026-04-04T05:21:40.883Z] [MQTT] DATA seq=105 node=11-03-1-2-01 V=4.25V I=-3.58A bat=4.25V clean=0
[2026-04-04T05:21:40.893Z] [DB] INSERT log id=108 node=11-03-1-2-01 proto=MQTT
[2026-04-04T05:21:50.882Z] [MQTT] DATA seq=106 node=11-03-1-2-01 V=4.25V I=-3.395A bat=4.25V clean=0
[2026-04-04T05:21:50.891Z] [DB] INSERT log id=109 node=11-03-1-2-01 proto=MQTT
[2026-04-04T05:22:00.883Z] [MQTT] DATA seq=107 node=11-03-1-2-01 V=4.25V I=-3.316A bat=4.25V clean=0
[2026-04-04T05:22:00.891Z] [DB] INSERT log id=110 node=11-03-1-2-01 proto=MQTT
[2026-04-04T05:22:10.883Z] [MQTT] DATA seq=108 node=11-03-1-2-01 V=4.32V I=-3.553A bat=4.32V clean=0
[2026-04-04T05:22:10.894Z] [DB] INSERT log id=111 node=11-03-1-2-01 proto=MQTT
[2026-04-04T05:22:20.882Z] [MQTT] DATA seq=109 node=11-03-1-2-01 V=4.31V I=0.04A bat=4.31V clean=0
[2026-04-04T05:22:20.891Z] [DB] INSERT log id=112 node=11-03-1-2-01 proto=MQTT
[2026-04-04T05:22:30.883Z] [MQTT] DATA seq=110 node=11-03-1-2-01 V=4.3V I=-0.013A bat=4.3V clean=0
[2026-04-04T05:22:30.892Z] [DB] INSERT log id=113 node=11-03-1-2-01 proto=MQTT
[2026-04-04T05:22:40.882Z] [MQTT] DATA seq=111 node=11-03-1-2-01 V=4.32V I=0.013A bat=4.32V clean=0
[2026-04-04T05:22:40.891Z] [DB] INSERT log id=114 node=11-03-1-2-01 proto=MQTT
[2026-04-04T05:22:50.883Z] [MQTT] DATA seq=112 node=11-03-1-2-01 V=4.32V I=0.013A bat=4.32V clean=0
[2026-04-04T05:22:50.891Z] [DB] INSERT log id=115 node=11-03-1-2-01 proto=MQTT
[2026-04-04T05:23:00.883Z] [MQTT] DATA seq=113 node=11-03-1-2-01 V=4.32V I=-0.013A bat=4.32V clean=0
[2026-04-04T05:23:00.892Z] [DB] INSERT log id=116 node=11-03-1-2-01 proto=MQTT
[2026-04-04T05:23:10.882Z] [MQTT] DATA seq=114 node=11-03-1-2-01 V=4.32V I=0.092A bat=4.32V clean=0
[2026-04-04T05:23:10.892Z] [DB] INSERT log id=117 node=11-03-1-2-01 proto=MQTT
[2026-04-04T05:23:20.883Z] [MQTT] DATA seq=115 node=11-03-1-2-01 V=4.32V I=0.066A bat=4.32V clean=0
[2026-04-04T05:23:20.892Z] [DB] INSERT log id=118 node=11-03-1-2-01 proto=MQTT
[2026-04-04T05:23:30.883Z] [MQTT] DATA seq=116 node=11-03-1-2-01 V=4.31V I=0.04A bat=4.31V clean=0
[2026-04-04T05:23:30.892Z] [DB] INSERT log id=119 node=11-03-1-2-01 proto=MQTT
[2026-04-04T05:23:40.882Z] [MQTT] DATA seq=117 node=11-03-1-2-01 V=4.32V I=-0.013A bat=4.32V clean=0
[2026-04-04T05:23:40.892Z] [DB] INSERT log id=120 node=11-03-1-2-01 proto=MQTT
[2026-04-04T05:23:50.882Z] [MQTT] DATA seq=118 node=11-03-1-2-01 V=4.32V I=-0.04A bat=4.32V clean=0
[2026-04-04T05:23:50.892Z] [DB] INSERT log id=121 node=11-03-1-2-01 proto=MQTT
[2026-04-04T05:24:00.881Z] [MQTT] DATA seq=119 node=11-03-1-2-01 V=4.27V I=-13.091A bat=4.27V clean=0
[2026-04-04T05:24:00.890Z] [DB] INSERT log id=122 node=11-03-1-2-01 proto=MQTT
[2026-04-04T05:24:10.882Z] [MQTT] DATA seq=120 node=11-03-1-2-01 V=4.25V I=-13.329A bat=4.25V clean=0
[2026-04-04T05:24:10.890Z] [DB] INSERT log id=123 node=11-03-1-2-01 proto=MQTT
[2026-04-04T05:24:20.882Z] [MQTT] DATA seq=121 node=11-03-1-2-01 V=4.25V I=-13.461A bat=4.25V clean=0
[2026-04-04T05:24:20.892Z] [DB] INSERT log id=124 node=11-03-1-2-01 proto=MQTT
[2026-04-04T05:24:30.881Z] [MQTT] DATA seq=122 node=11-03-1-2-01 V=4.25V I=-12.113A bat=4.25V clean=0
[2026-04-04T05:24:30.892Z] [DB] INSERT log id=125 node=11-03-1-2-01 proto=MQTT
[2026-04-04T05:24:40.882Z] [MQTT] DATA seq=123 node=11-03-1-2-01 V=4.24V I=-11.876A bat=4.24V clean=0
[2026-04-04T05:24:40.891Z] [DB] INSERT log id=126 node=11-03-1-2-01 proto=MQTT
[2026-04-04T05:24:50.882Z] [MQTT] DATA seq=124 node=11-03-1-2-01 V=4.24V I=-11.585A bat=4.24V clean=0
[2026-04-04T05:24:50.893Z] [DB] INSERT log id=127 node=11-03-1-2-01 proto=MQTT
[2026-04-04T05:25:00.882Z] [MQTT] DATA seq=125 node=11-03-1-2-01 V=4.22V I=-11.479A bat=4.22V clean=0
[2026-04-04T05:25:00.891Z] [DB] INSERT log id=128 node=11-03-1-2-01 proto=MQTT
[2026-04-04T05:25:10.882Z] [MQTT] DATA seq=126 node=11-03-1-2-01 V=4.22V I=-11.426A bat=4.22V clean=0
[2026-04-04T05:25:10.893Z] [DB] INSERT log id=129 node=11-03-1-2-01 proto=MQTT
[2026-04-04T05:25:20.881Z] [MQTT] DATA seq=127 node=11-03-1-2-01 V=4.28V I=-0.066A bat=4.28V clean=0
[2026-04-04T05:25:20.890Z] [DB] INSERT log id=130 node=11-03-1-2-01 proto=MQTT
[2026-04-04T05:25:30.882Z] [MQTT] DATA seq=128 node=11-03-1-2-01 V=4.27V I=0.013A bat=4.27V clean=0
[2026-04-04T05:25:30.890Z] [DB] INSERT log id=131 node=11-03-1-2-01 proto=MQTT
[2026-04-04T05:25:40.882Z] [MQTT] DATA seq=129 node=11-03-1-2-01 V=4.28V I=-0.04A bat=4.28V clean=0
[2026-04-04T05:25:40.891Z] [DB] INSERT log id=132 node=11-03-1-2-01 proto=MQTT
[2026-04-04T05:25:50.882Z] [MQTT] DATA seq=130 node=11-03-1-2-01 V=4.27V I=-0.119A bat=4.27V clean=0
[2026-04-04T05:25:50.891Z] [DB] INSERT log id=133 node=11-03-1-2-01 proto=MQTT
[2026-04-04T05:26:00.882Z] [MQTT] DATA seq=131 node=11-03-1-2-01 V=4.28V I=-0.119A bat=4.28V clean=0
[2026-04-04T05:26:00.892Z] [DB] INSERT log id=134 node=11-03-1-2-01 proto=MQTT
[2026-04-04T05:26:10.883Z] [MQTT] DATA seq=132 node=11-03-1-2-01 V=4.28V I=-0.145A bat=4.28V clean=0
[2026-04-04T05:26:10.891Z] [DB] INSERT log id=135 node=11-03-1-2-01 proto=MQTT
[2026-04-04T05:26:20.882Z] [MQTT] DATA seq=133 node=11-03-1-2-01 V=4.27V I=-0.013A bat=4.27V clean=0
[2026-04-04T05:26:20.891Z] [DB] INSERT log id=136 node=11-03-1-2-01 proto=MQTT
[2026-04-04T05:26:30.882Z] [MQTT] DATA seq=134 node=11-03-1-2-01 V=4.27V I=-0.145A bat=4.27V clean=0
[2026-04-04T05:26:30.891Z] [DB] INSERT log id=137 node=11-03-1-2-01 proto=MQTT
[2026-04-04T05:26:40.881Z] [MQTT] DATA seq=135 node=11-03-1-2-01 V=4.27V I=0.013A bat=4.27V clean=0
[2026-04-04T05:26:40.891Z] [DB] INSERT log id=138 node=11-03-1-2-01 proto=MQTT
[2026-04-04T05:26:50.882Z] [MQTT] DATA seq=136 node=11-03-1-2-01 V=4.27V I=0.013A bat=4.27V clean=0
[2026-04-04T05:26:50.892Z] [DB] INSERT log id=139 node=11-03-1-2-01 proto=MQTT
[2026-04-04T05:27:00.883Z] [MQTT] DATA seq=137 node=11-03-1-2-01 V=4.29V I=-0.145A bat=4.29V clean=0
[2026-04-04T05:27:00.892Z] [DB] INSERT log id=140 node=11-03-1-2-01 proto=MQTT
[2026-04-04T05:27:10.882Z] [MQTT] DATA seq=138 node=11-03-1-2-01 V=4.27V I=-0.04A bat=4.27V clean=0
[2026-04-04T05:27:10.893Z] [DB] INSERT log id=141 node=11-03-1-2-01 proto=MQTT
[2026-04-04T05:27:20.883Z] [MQTT] DATA seq=139 node=11-03-1-2-01 V=4.27V I=-0.092A bat=4.27V clean=0
[2026-04-04T05:27:20.892Z] [DB] INSERT log id=142 node=11-03-1-2-01 proto=MQTT
[2026-04-04T05:27:30.883Z] [MQTT] DATA seq=140 node=11-03-1-2-01 V=4.3V I=0.04A bat=4.3V clean=0
[2026-04-04T05:27:30.893Z] [DB] INSERT log id=143 node=11-03-1-2-01 proto=MQTT
[2026-04-04T05:27:40.882Z] [MQTT] DATA seq=141 node=11-03-1-2-01 V=4.3V I=-0.013A bat=4.3V clean=0
[2026-04-04T05:27:40.891Z] [DB] INSERT log id=144 node=11-03-1-2-01 proto=MQTT
[2026-04-04T05:27:50.882Z] [MQTT] DATA seq=142 node=11-03-1-2-01 V=4.3V I=0.013A bat=4.3V clean=0
[2026-04-04T05:27:50.891Z] [DB] INSERT log id=145 node=11-03-1-2-01 proto=MQTT
[2026-04-04T05:28:00.881Z] [MQTT] DATA seq=143 node=11-03-1-2-01 V=4.3V I=-0.013A bat=4.3V clean=0
[2026-04-04T05:28:00.890Z] [DB] INSERT log id=146 node=11-03-1-2-01 proto=MQTT
[2026-04-04T05:28:10.882Z] [MQTT] DATA seq=144 node=11-03-1-2-01 V=4.32V I=-0.119A bat=4.32V clean=0
[2026-04-04T05:28:10.890Z] [DB] INSERT log id=147 node=11-03-1-2-01 proto=MQTT
[2026-04-04T05:28:20.882Z] [MQTT] DATA seq=145 node=11-03-1-2-01 V=4.29V I=0.013A bat=4.29V clean=0
[2026-04-04T05:28:20.891Z] [DB] INSERT log id=148 node=11-03-1-2-01 proto=MQTT
[2026-04-04T05:28:30.882Z] [MQTT] DATA seq=146 node=11-03-1-2-01 V=4.32V I=0.04A bat=4.32V clean=0
[2026-04-04T05:28:30.890Z] [DB] INSERT log id=149 node=11-03-1-2-01 proto=MQTT
[2026-04-04T05:28:40.882Z] [MQTT] DATA seq=147 node=11-03-1-2-01 V=4.31V I=-0.04A bat=4.31V clean=0
[2026-04-04T05:28:40.891Z] [DB] INSERT log id=150 node=11-03-1-2-01 proto=MQTT
[2026-04-04T05:28:50.883Z] [MQTT] DATA seq=148 node=11-03-1-2-01 V=4.3V I=0.066A bat=4.3V clean=0
[2026-04-04T05:28:50.891Z] [DB] INSERT log id=151 node=11-03-1-2-01 proto=MQTT
[2026-04-04T05:29:00.882Z] [MQTT] DATA seq=149 node=11-03-1-2-01 V=0V I=0.066A bat=0V clean=0
[2026-04-04T05:29:00.892Z] [DB] INSERT log id=152 node=11-03-1-2-01 proto=MQTT
[2026-04-04T05:29:10.882Z] [MQTT] DATA seq=150 node=11-03-1-2-01 V=0.01V I=0.04A bat=0.01V clean=0
[2026-04-04T05:29:10.890Z] [DB] INSERT log id=153 node=11-03-1-2-01 proto=MQTT
[2026-04-04T05:29:20.882Z] [MQTT] DATA seq=151 node=11-03-1-2-01 V=0V I=0.066A bat=0V clean=0
[2026-04-04T05:29:20.891Z] [DB] INSERT log id=154 node=11-03-1-2-01 proto=MQTT
[2026-04-04T05:29:30.882Z] [MQTT] DATA seq=152 node=11-03-1-2-01 V=0V I=0.013A bat=0V clean=0
[2026-04-04T05:29:30.893Z] [DB] INSERT log id=155 node=11-03-1-2-01 proto=MQTT
[2026-04-04T05:29:40.882Z] [MQTT] DATA seq=153 node=11-03-1-2-01 V=0.08V I=-0.013A bat=0.08V clean=0
[2026-04-04T05:29:40.891Z] [DB] INSERT log id=156 node=11-03-1-2-01 proto=MQTT
[2026-04-04T05:29:50.882Z] [MQTT] DATA seq=154 node=11-03-1-2-01 V=4.35V I=0.066A bat=4.35V clean=0
[2026-04-04T05:29:50.891Z] [DB] INSERT log id=157 node=11-03-1-2-01 proto=MQTT
[2026-04-04T05:30:00.882Z] [MQTT] DATA seq=155 node=11-03-1-2-01 V=4.35V I=0.119A bat=4.35V clean=0
[2026-04-04T05:30:00.891Z] [DB] INSERT log id=158 node=11-03-1-2-01 proto=MQTT
[2026-04-04T05:30:10.883Z] [MQTT] DATA seq=156 node=11-03-1-2-01 V=4.36V I=-0.013A bat=4.36V clean=0
[2026-04-04T05:30:10.892Z] [DB] INSERT log id=159 node=11-03-1-2-01 proto=MQTT
[2026-04-04T05:30:20.882Z] [MQTT] DATA seq=157 node=11-03-1-2-01 V=4.35V I=0.119A bat=4.35V clean=0
[2026-04-04T05:30:20.891Z] [DB] INSERT log id=160 node=11-03-1-2-01 proto=MQTT
[2026-04-04T05:30:30.882Z] [MQTT] DATA seq=158 node=11-03-1-2-01 V=4.35V I=-0.04A bat=4.35V clean=0
[2026-04-04T05:30:30.891Z] [DB] INSERT log id=161 node=11-03-1-2-01 proto=MQTT
[2026-04-04T05:30:40.881Z] [MQTT] DATA seq=159 node=11-03-1-2-01 V=4.35V I=0.119A bat=4.35V clean=0
[2026-04-04T05:30:40.890Z] [DB] INSERT log id=162 node=11-03-1-2-01 proto=MQTT
[2026-04-04T05:30:50.881Z] [MQTT] DATA seq=160 node=11-03-1-2-01 V=4.36V I=0.066A bat=4.36V clean=0
[2026-04-04T05:30:50.890Z] [DB] INSERT log id=163 node=11-03-1-2-01 proto=MQTT
[2026-04-04T05:31:00.882Z] [MQTT] DATA seq=161 node=11-03-1-2-01 V=4.35V I=0.066A bat=4.35V clean=0
[2026-04-04T05:31:00.891Z] [DB] INSERT log id=164 node=11-03-1-2-01 proto=MQTT
[2026-04-04T05:31:10.881Z] [MQTT] DATA seq=162 node=11-03-1-2-01 V=4.35V I=0.066A bat=4.35V clean=0
[2026-04-04T05:31:10.890Z] [DB] INSERT log id=165 node=11-03-1-2-01 proto=MQTT
[2026-04-04T05:31:20.882Z] [MQTT] DATA seq=163 node=11-03-1-2-01 V=4.35V I=0.092A bat=4.35V clean=0
[2026-04-04T05:31:20.890Z] [DB] INSERT log id=166 node=11-03-1-2-01 proto=MQTT
[2026-04-04T05:31:30.882Z] [MQTT] DATA seq=164 node=11-03-1-2-01 V=4.33V I=0.066A bat=4.33V clean=0
[2026-04-04T05:31:30.890Z] [DB] INSERT log id=167 node=11-03-1-2-01 proto=MQTT
[2026-04-04T05:31:40.881Z] [MQTT] DATA seq=165 node=11-03-1-2-01 V=4.34V I=0.04A bat=4.34V clean=0
[2026-04-04T05:31:40.889Z] [DB] INSERT log id=168 node=11-03-1-2-01 proto=MQTT
[2026-04-04T05:31:50.882Z] [MQTT] DATA seq=166 node=11-03-1-2-01 V=4.38V I=0.04A bat=4.38V clean=0
[2026-04-04T05:31:50.890Z] [DB] INSERT log id=169 node=11-03-1-2-01 proto=MQTT
[2026-04-04T05:32:00.881Z] [MQTT] DATA seq=167 node=11-03-1-2-01 V=4.37V I=0.013A bat=4.37V clean=0
[2026-04-04T05:32:00.896Z] [DB] INSERT log id=170 node=11-03-1-2-01 proto=MQTT
[2026-04-04T05:32:10.882Z] [MQTT] DATA seq=168 node=11-03-1-2-01 V=4.35V I=-0.013A bat=4.35V clean=0
[2026-04-04T05:32:10.890Z] [DB] INSERT log id=171 node=11-03-1-2-01 proto=MQTT
[2026-04-04T05:32:20.882Z] [MQTT] DATA seq=169 node=11-03-1-2-01 V=4.38V I=0.066A bat=4.38V clean=0
[2026-04-04T05:32:20.891Z] [DB] INSERT log id=172 node=11-03-1-2-01 proto=MQTT
[2026-04-04T05:32:30.881Z] [MQTT] DATA seq=170 node=11-03-1-2-01 V=4.35V I=0.04A bat=4.35V clean=0
[2026-04-04T05:32:30.891Z] [DB] INSERT log id=173 node=11-03-1-2-01 proto=MQTT
[2026-04-04T05:32:40.882Z] [MQTT] DATA seq=171 node=11-03-1-2-01 V=4.38V I=0.145A bat=4.38V clean=0
[2026-04-04T05:32:40.891Z] [DB] INSERT log id=174 node=11-03-1-2-01 proto=MQTT
[2026-04-04T05:32:50.882Z] [MQTT] DATA seq=172 node=11-03-1-2-01 V=4.35V I=0.013A bat=4.35V clean=0
[2026-04-04T05:32:50.891Z] [DB] INSERT log id=175 node=11-03-1-2-01 proto=MQTT
[2026-04-04T05:33:00.881Z] [MQTT] DATA seq=173 node=11-03-1-2-01 V=4.36V I=0.04A bat=4.36V clean=0
[2026-04-04T05:33:00.891Z] [DB] INSERT log id=176 node=11-03-1-2-01 proto=MQTT
[2026-04-04T05:33:10.882Z] [MQTT] DATA seq=174 node=11-03-1-2-01 V=4.37V I=0.092A bat=4.37V clean=0
[2026-04-04T05:33:10.892Z] [DB] INSERT log id=177 node=11-03-1-2-01 proto=MQTT
[2026-04-04T05:33:20.881Z] [MQTT] DATA seq=175 node=11-03-1-2-01 V=4.32V I=0.172A bat=4.32V clean=0
[2026-04-04T05:33:20.890Z] [DB] INSERT log id=178 node=11-03-1-2-01 proto=MQTT
[2026-04-04T05:33:30.882Z] [MQTT] DATA seq=176 node=11-03-1-2-01 V=4.32V I=0.092A bat=4.32V clean=0
[2026-04-04T05:33:30.891Z] [DB] INSERT log id=179 node=11-03-1-2-01 proto=MQTT
[2026-04-04T05:33:40.882Z] [MQTT] DATA seq=177 node=11-03-1-2-01 V=4.33V I=0.092A bat=4.33V clean=0
[2026-04-04T05:33:40.892Z] [DB] INSERT log id=180 node=11-03-1-2-01 proto=MQTT
[2026-04-04T05:33:50.881Z] [MQTT] DATA seq=178 node=11-03-1-2-01 V=4.33V I=0.119A bat=4.33V clean=0
[2026-04-04T05:33:50.891Z] [DB] INSERT log id=181 node=11-03-1-2-01 proto=MQTT
[2026-04-04T05:34:00.882Z] [MQTT] DATA seq=179 node=11-03-1-2-01 V=4.34V I=0.119A bat=4.34V clean=0
[2026-04-04T05:34:00.890Z] [DB] INSERT log id=182 node=11-03-1-2-01 proto=MQTT
[2026-04-04T05:34:10.882Z] [MQTT] DATA seq=180 node=11-03-1-2-01 V=4.33V I=0.066A bat=4.33V clean=0
[2026-04-04T05:34:10.891Z] [DB] INSERT log id=183 node=11-03-1-2-01 proto=MQTT
[2026-04-04T05:34:20.881Z] [MQTT] DATA seq=181 node=11-03-1-2-01 V=4.35V I=0.04A bat=4.35V clean=0
[2026-04-04T05:34:20.891Z] [DB] INSERT log id=184 node=11-03-1-2-01 proto=MQTT
[2026-04-04T05:34:30.882Z] [MQTT] DATA seq=182 node=11-03-1-2-01 V=4.33V I=0.066A bat=4.33V clean=0
[2026-04-04T05:34:30.889Z] [DB] INSERT log id=185 node=11-03-1-2-01 proto=MQTT
[2026-04-04T05:34:40.882Z] [MQTT] DATA seq=183 node=11-03-1-2-01 V=4.32V I=0.092A bat=4.32V clean=0
[2026-04-04T05:34:40.900Z] [DB] INSERT log id=186 node=11-03-1-2-01 proto=MQTT
[2026-04-04T05:34:50.881Z] [MQTT] DATA seq=184 node=11-03-1-2-01 V=4.32V I=0.172A bat=4.32V clean=0
[2026-04-04T05:34:50.896Z] [DB] INSERT log id=187 node=11-03-1-2-01 proto=MQTT
[2026-04-04T05:35:00.882Z] [MQTT] DATA seq=185 node=11-03-1-2-01 V=4.35V I=0.145A bat=4.35V clean=0
[2026-04-04T05:35:00.896Z] [DB] INSERT log id=188 node=11-03-1-2-01 proto=MQTT
[2026-04-04T05:35:10.881Z] [MQTT] DATA seq=186 node=11-03-1-2-01 V=4.32V I=0.066A bat=4.32V clean=0
[2026-04-04T05:35:10.891Z] [DB] INSERT log id=189 node=11-03-1-2-01 proto=MQTT
[2026-04-04T05:35:20.882Z] [MQTT] DATA seq=187 node=11-03-1-2-01 V=4.32V I=0.198A bat=4.32V clean=0
[2026-04-04T05:35:20.891Z] [DB] INSERT log id=190 node=11-03-1-2-01 proto=MQTT
[2026-04-04T05:35:30.882Z] [MQTT] DATA seq=188 node=11-03-1-2-01 V=4.32V I=0.172A bat=4.32V clean=0
[2026-04-04T05:35:30.891Z] [DB] INSERT log id=191 node=11-03-1-2-01 proto=MQTT
[2026-04-04T05:35:40.882Z] [MQTT] DATA seq=189 node=11-03-1-2-01 V=4.35V I=0.092A bat=4.35V clean=0
[2026-04-04T05:35:40.894Z] [DB] INSERT log id=192 node=11-03-1-2-01 proto=MQTT
[2026-04-04T05:35:50.882Z] [MQTT] DATA seq=190 node=11-03-1-2-01 V=4.34V I=0.04A bat=4.34V clean=0
[2026-04-04T05:35:50.908Z] [DB] INSERT log id=193 node=11-03-1-2-01 proto=MQTT
[2026-04-04T05:35:53.909Z] [DB] INSERT cmd id=2 node=11-03-1-2-01 cmd=CLEAN
[2026-04-04T05:35:53.913Z] [CMD] → 11-03-1-2-01 via MQTT: CLEAN
[2026-04-04T05:36:00.881Z] [MQTT] DATA seq=191 node=11-03-1-2-01 V=4.32V I=0.066A bat=4.32V clean=1
[2026-04-04T05:36:00.890Z] [DB] INSERT log id=194 node=11-03-1-2-01 proto=MQTT
[2026-04-04T05:36:10.881Z] [MQTT] DATA seq=192 node=11-03-1-2-01 V=4.33V I=0.172A bat=4.33V clean=1
[2026-04-04T05:36:10.895Z] [DB] INSERT log id=195 node=11-03-1-2-01 proto=MQTT
[2026-04-04T05:36:20.882Z] [MQTT] DATA seq=193 node=11-03-1-2-01 V=4.33V I=0.172A bat=4.33V clean=1
[2026-04-04T05:36:20.897Z] [DB] INSERT log id=196 node=11-03-1-2-01 proto=MQTT
[2026-04-04T05:36:30.882Z] [MQTT] DATA seq=194 node=11-03-1-2-01 V=4.32V I=0.119A bat=4.32V clean=0
[2026-04-04T05:36:30.898Z] [DB] INSERT log id=197 node=11-03-1-2-01 proto=MQTT
[2026-04-04T05:36:40.882Z] [MQTT] DATA seq=195 node=11-03-1-2-01 V=4.32V I=0.145A bat=4.32V clean=0
[2026-04-04T05:36:40.891Z] [DB] INSERT log id=198 node=11-03-1-2-01 proto=MQTT
[2026-04-04T05:36:50.882Z] [MQTT] DATA seq=196 node=11-03-1-2-01 V=4.33V I=0.145A bat=4.33V clean=0
[2026-04-04T05:36:50.892Z] [DB] INSERT log id=199 node=11-03-1-2-01 proto=MQTT
[2026-04-04T05:37:00.881Z] [MQTT] DATA seq=197 node=11-03-1-2-01 V=4.34V I=0.119A bat=4.34V clean=0
[2026-04-04T05:37:00.891Z] [DB] INSERT log id=200 node=11-03-1-2-01 proto=MQTT
[2026-04-04T05:37:10.881Z] [MQTT] DATA seq=198 node=11-03-1-2-01 V=4.34V I=0.198A bat=4.34V clean=0
[2026-04-04T05:37:10.890Z] [DB] INSERT log id=201 node=11-03-1-2-01 proto=MQTT
[2026-04-04T05:37:20.881Z] [MQTT] DATA seq=199 node=11-03-1-2-01 V=4.32V I=0.119A bat=4.32V clean=0
[2026-04-04T05:37:20.890Z] [DB] INSERT log id=202 node=11-03-1-2-01 proto=MQTT
[2026-04-04T05:37:30.881Z] [MQTT] DATA seq=200 node=11-03-1-2-01 V=4.32V I=0.119A bat=4.32V clean=0
[2026-04-04T05:37:30.890Z] [DB] INSERT log id=203 node=11-03-1-2-01 proto=MQTT
[2026-04-04T05:37:40.882Z] [MQTT] DATA seq=201 node=11-03-1-2-01 V=4.32V I=0.092A bat=4.32V clean=0
[2026-04-04T05:37:40.891Z] [DB] INSERT log id=204 node=11-03-1-2-01 proto=MQTT
[2026-04-04T05:37:50.881Z] [MQTT] DATA seq=202 node=11-03-1-2-01 V=4.32V I=0.119A bat=4.32V clean=0
[2026-04-04T05:37:50.891Z] [DB] INSERT log id=205 node=11-03-1-2-01 proto=MQTT
[2026-04-04T05:38:00.881Z] [MQTT] DATA seq=203 node=11-03-1-2-01 V=4.32V I=0.145A bat=4.32V clean=0
[2026-04-04T05:38:00.890Z] [DB] INSERT log id=206 node=11-03-1-2-01 proto=MQTT
[2026-04-04T05:38:10.882Z] [MQTT] DATA seq=204 node=11-03-1-2-01 V=4.32V I=0.172A bat=4.32V clean=0
[2026-04-04T05:38:10.893Z] [DB] INSERT log id=207 node=11-03-1-2-01 proto=MQTT
[2026-04-04T05:38:20.881Z] [MQTT] DATA seq=205 node=11-03-1-2-01 V=4.32V I=0.145A bat=4.32V clean=0
[2026-04-04T05:38:20.890Z] [DB] INSERT log id=208 node=11-03-1-2-01 proto=MQTT
[2026-04-04T05:38:30.882Z] [MQTT] DATA seq=206 node=11-03-1-2-01 V=4.32V I=0.145A bat=4.32V clean=0
[2026-04-04T05:38:30.892Z] [DB] INSERT log id=209 node=11-03-1-2-01 proto=MQTT
[2026-04-04T05:38:40.881Z] [MQTT] DATA seq=207 node=11-03-1-2-01 V=4.32V I=0.066A bat=4.32V clean=0
[2026-04-04T05:38:40.889Z] [DB] INSERT log id=210 node=11-03-1-2-01 proto=MQTT
[2026-04-04T05:38:50.881Z] [MQTT] DATA seq=208 node=11-03-1-2-01 V=4.32V I=0.172A bat=4.32V clean=0
[2026-04-04T05:38:50.889Z] [DB] INSERT log id=211 node=11-03-1-2-01 proto=MQTT
[2026-04-04T05:39:00.881Z] [MQTT] DATA seq=209 node=11-03-1-2-01 V=4.32V I=0.092A bat=4.32V clean=0
[2026-04-04T05:39:00.889Z] [DB] INSERT log id=212 node=11-03-1-2-01 proto=MQTT
[2026-04-04T05:39:10.880Z] [MQTT] DATA seq=210 node=11-03-1-2-01 V=4.33V I=0.092A bat=4.33V clean=0
[2026-04-04T05:39:10.890Z] [DB] INSERT log id=213 node=11-03-1-2-01 proto=MQTT
[2026-04-04T05:39:20.881Z] [MQTT] DATA seq=211 node=11-03-1-2-01 V=4.33V I=0.225A bat=4.33V clean=0
[2026-04-04T05:39:20.890Z] [DB] INSERT log id=214 node=11-03-1-2-01 proto=MQTT
[2026-04-04T05:39:30.881Z] [MQTT] DATA seq=212 node=11-03-1-2-01 V=4.33V I=0.119A bat=4.33V clean=0
[2026-04-04T05:39:30.890Z] [DB] INSERT log id=215 node=11-03-1-2-01 proto=MQTT
[2026-04-04T05:39:40.880Z] [MQTT] DATA seq=213 node=11-03-1-2-01 V=4.35V I=0.172A bat=4.35V clean=0
[2026-04-04T05:39:40.890Z] [DB] INSERT log id=216 node=11-03-1-2-01 proto=MQTT
[2026-04-04T05:39:50.880Z] [MQTT] DATA seq=214 node=11-03-1-2-01 V=4.33V I=0.145A bat=4.33V clean=0
[2026-04-04T05:39:50.892Z] [DB] INSERT log id=217 node=11-03-1-2-01 proto=MQTT
[2026-04-04T05:40:00.880Z] [MQTT] DATA seq=215 node=11-03-1-2-01 V=4.33V I=0.145A bat=4.33V clean=0
[2026-04-04T05:40:00.890Z] [DB] INSERT log id=218 node=11-03-1-2-01 proto=MQTT
[2026-04-04T05:40:10.881Z] [MQTT] DATA seq=216 node=11-03-1-2-01 V=4.32V I=0.066A bat=4.32V clean=0
[2026-04-04T05:40:10.893Z] [DB] INSERT log id=219 node=11-03-1-2-01 proto=MQTT
[2026-04-04T05:40:20.881Z] [MQTT] DATA seq=217 node=11-03-1-2-01 V=4.32V I=0.119A bat=4.32V clean=0
[2026-04-04T05:40:20.890Z] [DB] INSERT log id=220 node=11-03-1-2-01 proto=MQTT
[2026-04-04T05:40:30.880Z] [MQTT] DATA seq=218 node=11-03-1-2-01 V=4.32V I=0.145A bat=4.32V clean=0
[2026-04-04T05:40:30.889Z] [DB] INSERT log id=221 node=11-03-1-2-01 proto=MQTT
[2026-04-04T05:40:40.881Z] [MQTT] DATA seq=219 node=11-03-1-2-01 V=4.32V I=0.119A bat=4.32V clean=0
[2026-04-04T05:40:40.888Z] [DB] INSERT log id=222 node=11-03-1-2-01 proto=MQTT
[2026-04-04T05:40:50.881Z] [MQTT] DATA seq=220 node=11-03-1-2-01 V=4.34V I=0.145A bat=4.34V clean=0
[2026-04-04T05:40:50.892Z] [DB] INSERT log id=223 node=11-03-1-2-01 proto=MQTT
[2026-04-04T05:41:00.881Z] [MQTT] DATA seq=221 node=11-03-1-2-01 V=4.33V I=0.225A bat=4.33V clean=0
[2026-04-04T05:41:00.889Z] [DB] INSERT log id=224 node=11-03-1-2-01 proto=MQTT
[2026-04-04T05:41:10.881Z] [MQTT] DATA seq=222 node=11-03-1-2-01 V=4.32V I=0.145A bat=4.32V clean=0
[2026-04-04T05:41:10.890Z] [DB] INSERT log id=225 node=11-03-1-2-01 proto=MQTT
[2026-04-04T05:41:20.880Z] [MQTT] DATA seq=223 node=11-03-1-2-01 V=4.32V I=0.119A bat=4.32V clean=0
[2026-04-04T05:41:20.889Z] [DB] INSERT log id=226 node=11-03-1-2-01 proto=MQTT
[2026-04-04T05:41:30.881Z] [MQTT] DATA seq=224 node=11-03-1-2-01 V=4.32V I=0.04A bat=4.32V clean=0
[2026-04-04T05:41:30.887Z] [DB] INSERT log id=227 node=11-03-1-2-01 proto=MQTT
[2026-04-04T05:41:40.881Z] [MQTT] DATA seq=225 node=11-03-1-2-01 V=4.32V I=0.092A bat=4.32V clean=0
[2026-04-04T05:41:40.890Z] [DB] INSERT log id=228 node=11-03-1-2-01 proto=MQTT
[2026-04-04T05:41:50.880Z] [MQTT] DATA seq=226 node=11-03-1-2-01 V=4.32V I=0.145A bat=4.32V clean=0
[2026-04-04T05:41:50.888Z] [DB] INSERT log id=229 node=11-03-1-2-01 proto=MQTT
[2026-04-04T05:42:00.880Z] [MQTT] DATA seq=227 node=11-03-1-2-01 V=4.33V I=0.092A bat=4.33V clean=0
[2026-04-04T05:42:00.888Z] [DB] INSERT log id=230 node=11-03-1-2-01 proto=MQTT
[2026-04-04T05:42:10.880Z] [MQTT] DATA seq=228 node=11-03-1-2-01 V=4.33V I=0.145A bat=4.33V clean=0
[2026-04-04T05:42:10.889Z] [DB] INSERT log id=231 node=11-03-1-2-01 proto=MQTT
[2026-04-04T05:42:20.880Z] [MQTT] DATA seq=229 node=11-03-1-2-01 V=4.32V I=0.145A bat=4.32V clean=0
[2026-04-04T05:42:20.889Z] [DB] INSERT log id=232 node=11-03-1-2-01 proto=MQTT
[2026-04-04T05:42:30.880Z] [MQTT] DATA seq=230 node=11-03-1-2-01 V=4.34V I=0.04A bat=4.34V clean=0
[2026-04-04T05:42:30.891Z] [DB] INSERT log id=233 node=11-03-1-2-01 proto=MQTT
[2026-04-04T05:42:40.879Z] [MQTT] DATA seq=231 node=11-03-1-2-01 V=4.33V I=0.119A bat=4.33V clean=0
[2026-04-04T05:42:40.888Z] [DB] INSERT log id=234 node=11-03-1-2-01 proto=MQTT
[2026-04-04T05:42:51.817Z] [MQTT] Disconnected: PV_11-03-1-2-01
[2026-04-04T05:42:52.020Z] [MQTT] Connected: PV_11-03-1-2-01
[2026-04-04T05:42:52.532Z] [MQTT] TIME sync → cmd/11-03-1-2-01: TIME|13:42
[2026-04-04T05:42:58.238Z] [TCP] Connected: ::ffff:10.4.119.240:49153
[2026-04-04T05:43:08.240Z] [TCP] Registered socket for node 11-03-1-2-01
[2026-04-04T05:43:08.241Z] [TCP] TIME sync → 11-03-1-2-01
[2026-04-04T05:43:08.242Z] [TCP] DATA seq=1 node=11-03-1-2-01 V=NaNV I=NaNA bat=NaNV clean=0
[2026-04-04T05:43:08.244Z] [DB_ERR] upsertLastProto: Data too long for column 'tcp_addr' at row 1
[2026-04-04T05:43:08.250Z] [DB] INSERT log id=235 node=11-03-1-2-01 proto=TCP/IP
[2026-04-04T05:43:18.239Z] [TCP] DATA seq=2 node=11-03-1-2-01 V=NaNV I=NaNA bat=NaNV clean=0
[2026-04-04T05:43:18.241Z] [DB_ERR] upsertLastProto: Data too long for column 'tcp_addr' at row 1
[2026-04-04T05:43:18.249Z] [DB] INSERT log id=236 node=11-03-1-2-01 proto=TCP/IP
[2026-04-04T05:43:28.239Z] [TCP] DATA seq=3 node=11-03-1-2-01 V=NaNV I=NaNA bat=NaNV clean=0
[2026-04-04T05:43:28.240Z] [DB_ERR] upsertLastProto: Data too long for column 'tcp_addr' at row 1
[2026-04-04T05:43:28.248Z] [DB] INSERT log id=237 node=11-03-1-2-01 proto=TCP/IP
[2026-04-04T05:43:37.041Z] [MQTT] Disconnected: PV_11-03-1-2-01
[2026-04-04T05:43:38.239Z] [TCP] DATA seq=4 node=11-03-1-2-01 V=NaNV I=NaNA bat=NaNV clean=0
[2026-04-04T05:43:38.242Z] [DB_ERR] upsertLastProto: Data too long for column 'tcp_addr' at row 1
[2026-04-04T05:43:38.251Z] [DB] INSERT log id=238 node=11-03-1-2-01 proto=TCP/IP
[2026-04-04T05:43:48.239Z] [TCP] DATA seq=5 node=11-03-1-2-01 V=NaNV I=NaNA bat=NaNV clean=0
[2026-04-04T05:43:48.241Z] [DB_ERR] upsertLastProto: Data too long for column 'tcp_addr' at row 1
[2026-04-04T05:43:48.248Z] [DB] INSERT log id=239 node=11-03-1-2-01 proto=TCP/IP
[2026-04-04T05:43:58.238Z] [TCP] DATA seq=6 node=11-03-1-2-01 V=NaNV I=NaNA bat=NaNV clean=0
[2026-04-04T05:43:58.240Z] [DB_ERR] upsertLastProto: Data too long for column 'tcp_addr' at row 1
[2026-04-04T05:43:58.247Z] [DB] INSERT log id=240 node=11-03-1-2-01 proto=TCP/IP
[2026-04-04T05:44:08.237Z] [TCP] DATA seq=7 node=11-03-1-2-01 V=NaNV I=NaNA bat=NaNV clean=0
[2026-04-04T05:44:08.239Z] [DB_ERR] upsertLastProto: Data too long for column 'tcp_addr' at row 1
[2026-04-04T05:44:08.245Z] [DB] INSERT log id=241 node=11-03-1-2-01 proto=TCP/IP
[2026-04-04T05:44:18.238Z] [TCP] DATA seq=8 node=11-03-1-2-01 V=NaNV I=NaNA bat=NaNV clean=0
[2026-04-04T05:44:18.239Z] [DB_ERR] upsertLastProto: Data too long for column 'tcp_addr' at row 1
[2026-04-04T05:44:18.247Z] [DB] INSERT log id=242 node=11-03-1-2-01 proto=TCP/IP
[2026-04-04T05:44:28.239Z] [TCP] DATA seq=9 node=11-03-1-2-01 V=NaNV I=NaNA bat=NaNV clean=0
[2026-04-04T05:44:28.240Z] [DB_ERR] upsertLastProto: Data too long for column 'tcp_addr' at row 1
[2026-04-04T05:44:28.247Z] [DB] INSERT log id=243 node=11-03-1-2-01 proto=TCP/IP
[2026-04-04T05:44:38.238Z] [TCP] DATA seq=10 node=11-03-1-2-01 V=NaNV I=NaNA bat=NaNV clean=0
[2026-04-04T05:44:38.239Z] [DB_ERR] upsertLastProto: Data too long for column 'tcp_addr' at row 1
[2026-04-04T05:44:38.248Z] [DB] INSERT log id=244 node=11-03-1-2-01 proto=TCP/IP
[2026-04-04T05:44:48.238Z] [TCP] DATA seq=11 node=11-03-1-2-01 V=NaNV I=NaNA bat=NaNV clean=0
[2026-04-04T05:44:48.239Z] [DB_ERR] upsertLastProto: Data too long for column 'tcp_addr' at row 1
[2026-04-04T05:44:48.246Z] [DB] INSERT log id=245 node=11-03-1-2-01 proto=TCP/IP
[2026-04-04T05:44:58.239Z] [TCP] DATA seq=12 node=11-03-1-2-01 V=NaNV I=NaNA bat=NaNV clean=0
[2026-04-04T05:44:58.240Z] [DB_ERR] upsertLastProto: Data too long for column 'tcp_addr' at row 1
[2026-04-04T05:44:58.246Z] [DB] INSERT log id=246 node=11-03-1-2-01 proto=TCP/IP
[2026-04-04T05:45:08.239Z] [TCP] DATA seq=13 node=11-03-1-2-01 V=NaNV I=NaNA bat=NaNV clean=0
[2026-04-04T05:45:08.241Z] [DB_ERR] upsertLastProto: Data too long for column 'tcp_addr' at row 1
[2026-04-04T05:45:08.247Z] [DB] INSERT log id=247 node=11-03-1-2-01 proto=TCP/IP
[2026-04-04T05:45:18.239Z] [TCP] DATA seq=14 node=11-03-1-2-01 V=NaNV I=NaNA bat=NaNV clean=0
[2026-04-04T05:45:18.241Z] [DB_ERR] upsertLastProto: Data too long for column 'tcp_addr' at row 1
[2026-04-04T05:45:18.246Z] [DB] INSERT log id=248 node=11-03-1-2-01 proto=TCP/IP
[2026-04-04T05:45:28.239Z] [TCP] DATA seq=15 node=11-03-1-2-01 V=NaNV I=NaNA bat=NaNV clean=0
[2026-04-04T05:45:28.240Z] [DB_ERR] upsertLastProto: Data too long for column 'tcp_addr' at row 1
[2026-04-04T05:45:28.248Z] [DB] INSERT log id=249 node=11-03-1-2-01 proto=TCP/IP
[2026-04-04T05:45:38.239Z] [TCP] DATA seq=16 node=11-03-1-2-01 V=NaNV I=NaNA bat=NaNV clean=0
[2026-04-04T05:45:38.240Z] [DB_ERR] upsertLastProto: Data too long for column 'tcp_addr' at row 1
[2026-04-04T05:45:38.248Z] [DB] INSERT log id=250 node=11-03-1-2-01 proto=TCP/IP
[2026-04-04T05:45:48.239Z] [TCP] DATA seq=17 node=11-03-1-2-01 V=NaNV I=NaNA bat=NaNV clean=0
[2026-04-04T05:45:48.241Z] [DB_ERR] upsertLastProto: Data too long for column 'tcp_addr' at row 1
[2026-04-04T05:45:48.248Z] [DB] INSERT log id=251 node=11-03-1-2-01 proto=TCP/IP
[2026-04-04T05:45:58.239Z] [TCP] DATA seq=18 node=11-03-1-2-01 V=NaNV I=NaNA bat=NaNV clean=0
[2026-04-04T05:45:58.240Z] [DB_ERR] upsertLastProto: Data too long for column 'tcp_addr' at row 1
[2026-04-04T05:45:58.248Z] [DB] INSERT log id=252 node=11-03-1-2-01 proto=TCP/IP
[2026-04-04T05:46:08.239Z] [TCP] DATA seq=19 node=11-03-1-2-01 V=NaNV I=NaNA bat=NaNV clean=0
[2026-04-04T05:46:08.240Z] [DB_ERR] upsertLastProto: Data too long for column 'tcp_addr' at row 1
[2026-04-04T05:46:08.247Z] [DB] INSERT log id=253 node=11-03-1-2-01 proto=TCP/IP
[2026-04-04T05:46:19.516Z] [TCP] Error [::ffff:10.4.119.240:49153]: read ECONNRESET
[2026-04-04T05:46:19.517Z] [TCP] Disconnected: ::ffff:10.4.119.240:49153
[2026-04-04T05:46:19.718Z] [TCP] Connected: ::ffff:10.4.119.240:49153
[2026-04-04T05:46:25.376Z] [TCP] Error [::ffff:10.4.119.240:49153]: read ECONNRESET
[2026-04-04T05:46:25.377Z] [TCP] Disconnected: ::ffff:10.4.119.240:49153
[2026-04-04T05:46:25.578Z] [TCP] Connected: ::ffff:10.4.119.240:49153
[2026-04-04T05:46:35.581Z] [TCP] Registered socket for node 11-03-1-2-01
[2026-04-04T05:46:35.582Z] [TCP] TIME sync → 11-03-1-2-01
[2026-04-04T05:46:35.583Z] [TCP] DATA seq=1 node=11-03-1-2-01 V=4.32V I=0.119A bat=4.32V clean=0
[2026-04-04T05:46:35.584Z] [DB_ERR] upsertLastProto: Data too long for column 'tcp_addr' at row 1
[2026-04-04T05:46:35.595Z] [DB] INSERT log id=254 node=11-03-1-2-01 proto=TCP/IP
[2026-04-04T05:46:45.581Z] [TCP] DATA seq=2 node=11-03-1-2-01 V=4.31V I=0.013A bat=4.31V clean=0
[2026-04-04T05:46:45.582Z] [DB_ERR] upsertLastProto: Data too long for column 'tcp_addr' at row 1
[2026-04-04T05:46:45.591Z] [DB] INSERT log id=255 node=11-03-1-2-01 proto=TCP/IP
[2026-04-04T05:46:55.581Z] [TCP] DATA seq=3 node=11-03-1-2-01 V=4.32V I=0.04A bat=4.32V clean=0
[2026-04-04T05:46:55.582Z] [DB_ERR] upsertLastProto: Data too long for column 'tcp_addr' at row 1
[2026-04-04T05:46:55.592Z] [DB] INSERT log id=256 node=11-03-1-2-01 proto=TCP/IP
[2026-04-04T05:47:05.581Z] [TCP] DATA seq=4 node=11-03-1-2-01 V=4.32V I=0.066A bat=4.32V clean=0
[2026-04-04T05:47:05.583Z] [DB_ERR] upsertLastProto: Data too long for column 'tcp_addr' at row 1
[2026-04-04T05:47:05.593Z] [DB] INSERT log id=257 node=11-03-1-2-01 proto=TCP/IP
[2026-04-04T05:47:15.580Z] [TCP] DATA seq=5 node=11-03-1-2-01 V=4.31V I=0.145A bat=4.31V clean=0
[2026-04-04T05:47:15.582Z] [DB_ERR] upsertLastProto: Data too long for column 'tcp_addr' at row 1
[2026-04-04T05:47:15.592Z] [DB] INSERT log id=258 node=11-03-1-2-01 proto=TCP/IP
[2026-04-04T05:47:25.581Z] [TCP] DATA seq=6 node=11-03-1-2-01 V=4.3V I=0.145A bat=4.3V clean=0
[2026-04-04T05:47:25.582Z] [DB_ERR] upsertLastProto: Data too long for column 'tcp_addr' at row 1
[2026-04-04T05:47:25.593Z] [DB] INSERT log id=259 node=11-03-1-2-01 proto=TCP/IP
[2026-04-04T05:47:35.582Z] [TCP] DATA seq=7 node=11-03-1-2-01 V=4.32V I=0.092A bat=4.32V clean=0
[2026-04-04T05:47:35.584Z] [DB_ERR] upsertLastProto: Data too long for column 'tcp_addr' at row 1
[2026-04-04T05:47:35.596Z] [DB] INSERT log id=260 node=11-03-1-2-01 proto=TCP/IP
[2026-04-04T05:47:45.581Z] [TCP] DATA seq=8 node=11-03-1-2-01 V=4.32V I=0.172A bat=4.32V clean=0
[2026-04-04T05:47:45.582Z] [DB_ERR] upsertLastProto: Data too long for column 'tcp_addr' at row 1
[2026-04-04T05:47:45.593Z] [DB] INSERT log id=261 node=11-03-1-2-01 proto=TCP/IP
[2026-04-04T05:47:55.581Z] [TCP] DATA seq=9 node=11-03-1-2-01 V=4.3V I=0.145A bat=4.3V clean=0
[2026-04-04T05:47:55.583Z] [DB_ERR] upsertLastProto: Data too long for column 'tcp_addr' at row 1
[2026-04-04T05:47:55.593Z] [DB] INSERT log id=262 node=11-03-1-2-01 proto=TCP/IP
[2026-04-04T05:48:05.580Z] [TCP] DATA seq=10 node=11-03-1-2-01 V=4.32V I=0.145A bat=4.32V clean=0
[2026-04-04T05:48:05.582Z] [DB_ERR] upsertLastProto: Data too long for column 'tcp_addr' at row 1
[2026-04-04T05:48:05.591Z] [DB] INSERT log id=263 node=11-03-1-2-01 proto=TCP/IP
[2026-04-04T05:48:15.581Z] [TCP] DATA seq=11 node=11-03-1-2-01 V=4.32V I=0.119A bat=4.32V clean=0
[2026-04-04T05:48:15.583Z] [DB_ERR] upsertLastProto: Data too long for column 'tcp_addr' at row 1
[2026-04-04T05:48:15.594Z] [DB] INSERT log id=264 node=11-03-1-2-01 proto=TCP/IP
[2026-04-04T05:48:25.581Z] [TCP] DATA seq=12 node=11-03-1-2-01 V=4.32V I=0.092A bat=4.32V clean=0
[2026-04-04T05:48:25.583Z] [DB_ERR] upsertLastProto: Data too long for column 'tcp_addr' at row 1
[2026-04-04T05:48:25.594Z] [DB] INSERT log id=265 node=11-03-1-2-01 proto=TCP/IP
[2026-04-04T05:48:35.580Z] [TCP] DATA seq=13 node=11-03-1-2-01 V=4.33V I=0.119A bat=4.33V clean=0
[2026-04-04T05:48:35.582Z] [DB_ERR] upsertLastProto: Data too long for column 'tcp_addr' at row 1
[2026-04-04T05:48:35.594Z] [DB] INSERT log id=266 node=11-03-1-2-01 proto=TCP/IP
[2026-04-04T05:48:45.581Z] [TCP] DATA seq=14 node=11-03-1-2-01 V=4.31V I=-0.013A bat=4.31V clean=0
[2026-04-04T05:48:45.583Z] [DB_ERR] upsertLastProto: Data too long for column 'tcp_addr' at row 1
[2026-04-04T05:48:45.595Z] [DB] INSERT log id=267 node=11-03-1-2-01 proto=TCP/IP
[2026-04-04T05:48:55.581Z] [TCP] DATA seq=15 node=11-03-1-2-01 V=4.31V I=0.092A bat=4.31V clean=0
[2026-04-04T05:48:55.583Z] [DB_ERR] upsertLastProto: Data too long for column 'tcp_addr' at row 1
[2026-04-04T05:48:55.593Z] [DB] INSERT log id=268 node=11-03-1-2-01 proto=TCP/IP
[2026-04-04T05:49:05.580Z] [TCP] DATA seq=16 node=11-03-1-2-01 V=4.32V I=0.066A bat=4.32V clean=0
[2026-04-04T05:49:05.582Z] [DB_ERR] upsertLastProto: Data too long for column 'tcp_addr' at row 1
[2026-04-04T05:49:05.594Z] [DB] INSERT log id=269 node=11-03-1-2-01 proto=TCP/IP
[2026-04-04T05:49:15.581Z] [TCP] DATA seq=17 node=11-03-1-2-01 V=4.32V I=0.092A bat=4.32V clean=0
[2026-04-04T05:49:15.583Z] [DB_ERR] upsertLastProto: Data too long for column 'tcp_addr' at row 1
[2026-04-04T05:49:15.594Z] [DB] INSERT log id=270 node=11-03-1-2-01 proto=TCP/IP
[2026-04-04T05:49:25.580Z] [TCP] DATA seq=18 node=11-03-1-2-01 V=4.32V I=0.145A bat=4.32V clean=0
[2026-04-04T05:49:25.582Z] [DB_ERR] upsertLastProto: Data too long for column 'tcp_addr' at row 1
[2026-04-04T05:49:25.592Z] [DB] INSERT log id=271 node=11-03-1-2-01 proto=TCP/IP
[2026-04-04T05:49:35.580Z] [TCP] DATA seq=19 node=11-03-1-2-01 V=4.3V I=0.04A bat=4.3V clean=0
[2026-04-04T05:49:35.582Z] [DB_ERR] upsertLastProto: Data too long for column 'tcp_addr' at row 1
[2026-04-04T05:49:35.593Z] [DB] INSERT log id=272 node=11-03-1-2-01 proto=TCP/IP
[2026-04-04T05:49:45.580Z] [TCP] DATA seq=20 node=11-03-1-2-01 V=4.3V I=0.198A bat=4.3V clean=0
[2026-04-04T05:49:45.583Z] [DB_ERR] upsertLastProto: Data too long for column 'tcp_addr' at row 1
[2026-04-04T05:49:45.593Z] [DB] INSERT log id=273 node=11-03-1-2-01 proto=TCP/IP
[2026-04-04T05:49:55.580Z] [TCP] DATA seq=21 node=11-03-1-2-01 V=4.34V I=0.092A bat=4.34V clean=0
[2026-04-04T05:49:55.581Z] [DB_ERR] upsertLastProto: Data too long for column 'tcp_addr' at row 1
[2026-04-04T05:49:55.592Z] [DB] INSERT log id=274 node=11-03-1-2-01 proto=TCP/IP
[2026-04-04T05:50:05.580Z] [TCP] DATA seq=22 node=11-03-1-2-01 V=4.32V I=0.145A bat=4.32V clean=0
[2026-04-04T05:50:05.583Z] [DB_ERR] upsertLastProto: Data too long for column 'tcp_addr' at row 1
[2026-04-04T05:50:05.593Z] [DB] INSERT log id=275 node=11-03-1-2-01 proto=TCP/IP
[2026-04-04T05:50:15.580Z] [TCP] DATA seq=23 node=11-03-1-2-01 V=4.31V I=0.066A bat=4.31V clean=0
[2026-04-04T05:50:15.583Z] [DB_ERR] upsertLastProto: Data too long for column 'tcp_addr' at row 1
[2026-04-04T05:50:15.594Z] [DB] INSERT log id=276 node=11-03-1-2-01 proto=TCP/IP
[2026-04-04T05:50:25.580Z] [TCP] DATA seq=24 node=11-03-1-2-01 V=4.32V I=0.198A bat=4.32V clean=0
[2026-04-04T05:50:25.583Z] [DB_ERR] upsertLastProto: Data too long for column 'tcp_addr' at row 1
[2026-04-04T05:50:25.594Z] [DB] INSERT log id=277 node=11-03-1-2-01 proto=TCP/IP
[2026-04-04T05:50:35.580Z] [TCP] DATA seq=25 node=11-03-1-2-01 V=4.3V I=0.172A bat=4.3V clean=0
[2026-04-04T05:50:35.583Z] [DB_ERR] upsertLastProto: Data too long for column 'tcp_addr' at row 1
[2026-04-04T05:50:35.592Z] [DB] INSERT log id=278 node=11-03-1-2-01 proto=TCP/IP
[2026-04-04T05:50:45.579Z] [TCP] DATA seq=26 node=11-03-1-2-01 V=4.32V I=0.092A bat=4.32V clean=0
[2026-04-04T05:50:45.582Z] [DB_ERR] upsertLastProto: Data too long for column 'tcp_addr' at row 1
[2026-04-04T05:50:45.592Z] [DB] INSERT log id=279 node=11-03-1-2-01 proto=TCP/IP
[2026-04-04T05:50:55.580Z] [TCP] DATA seq=27 node=11-03-1-2-01 V=4.31V I=0.119A bat=4.31V clean=0
[2026-04-04T05:50:55.583Z] [DB_ERR] upsertLastProto: Data too long for column 'tcp_addr' at row 1
[2026-04-04T05:50:55.592Z] [DB] INSERT log id=280 node=11-03-1-2-01 proto=TCP/IP
[2026-04-04T05:51:05.581Z] [TCP] DATA seq=28 node=11-03-1-2-01 V=4.32V I=0.092A bat=4.32V clean=0
[2026-04-04T05:51:05.583Z] [DB_ERR] upsertLastProto: Data too long for column 'tcp_addr' at row 1
[2026-04-04T05:51:05.592Z] [DB] INSERT log id=281 node=11-03-1-2-01 proto=TCP/IP
[2026-04-04T05:51:15.580Z] [TCP] DATA seq=29 node=11-03-1-2-01 V=4.32V I=0.066A bat=4.32V clean=0
[2026-04-04T05:51:15.583Z] [DB_ERR] upsertLastProto: Data too long for column 'tcp_addr' at row 1
[2026-04-04T05:51:15.597Z] [DB] INSERT log id=282 node=11-03-1-2-01 proto=TCP/IP
[2026-04-04T05:51:25.580Z] [TCP] DATA seq=30 node=11-03-1-2-01 V=4.32V I=0.119A bat=4.32V clean=0
[2026-04-04T05:51:25.583Z] [DB_ERR] upsertLastProto: Data too long for column 'tcp_addr' at row 1
[2026-04-04T05:51:25.604Z] [DB] INSERT log id=283 node=11-03-1-2-01 proto=TCP/IP
[2026-04-04T05:51:35.580Z] [TCP] DATA seq=31 node=11-03-1-2-01 V=4.32V I=0.066A bat=4.32V clean=0
[2026-04-04T05:51:35.584Z] [DB_ERR] upsertLastProto: Data too long for column 'tcp_addr' at row 1
[2026-04-04T05:51:35.601Z] [DB] INSERT log id=284 node=11-03-1-2-01 proto=TCP/IP
[2026-04-04T05:51:45.580Z] [TCP] DATA seq=32 node=11-03-1-2-01 V=4.38V I=0.119A bat=4.38V clean=0
[2026-04-04T05:51:45.584Z] [DB_ERR] upsertLastProto: Data too long for column 'tcp_addr' at row 1
[2026-04-04T05:51:45.607Z] [DB] INSERT log id=285 node=11-03-1-2-01 proto=TCP/IP
[2026-04-04T05:51:55.580Z] [TCP] DATA seq=33 node=11-03-1-2-01 V=4.34V I=0.145A bat=4.34V clean=0
[2026-04-04T05:51:55.583Z] [DB_ERR] upsertLastProto: Data too long for column 'tcp_addr' at row 1
[2026-04-04T05:51:55.605Z] [DB] INSERT log id=286 node=11-03-1-2-01 proto=TCP/IP
[2026-04-04T05:52:05.580Z] [TCP] DATA seq=34 node=11-03-1-2-01 V=4.3V I=0.066A bat=4.3V clean=0
[2026-04-04T05:52:05.583Z] [DB_ERR] upsertLastProto: Data too long for column 'tcp_addr' at row 1
[2026-04-04T05:52:05.603Z] [DB] INSERT log id=287 node=11-03-1-2-01 proto=TCP/IP
[2026-04-04T05:52:13.566Z] [DB] INSERT cmd id=3 node=11-03-1-2-01 cmd=CLEAN
[2026-04-04T05:52:13.568Z] [CMD] → 11-03-1-2-01 via MQTT: CLEAN
[2026-04-04T05:52:15.579Z] [TCP] DATA seq=35 node=11-03-1-2-01 V=4.28V I=0.066A bat=4.28V clean=0
[2026-04-04T05:52:15.581Z] [DB_ERR] upsertLastProto: Data too long for column 'tcp_addr' at row 1
[2026-04-04T05:52:15.590Z] [DB] INSERT log id=288 node=11-03-1-2-01 proto=TCP/IP
[2026-04-04T05:52:25.580Z] [TCP] DATA seq=36 node=11-03-1-2-01 V=4.28V I=0.092A bat=4.28V clean=0
[2026-04-04T05:52:25.581Z] [DB_ERR] upsertLastProto: Data too long for column 'tcp_addr' at row 1
[2026-04-04T05:52:25.593Z] [DB] INSERT log id=289 node=11-03-1-2-01 proto=TCP/IP
[2026-04-04T05:52:35.579Z] [TCP] DATA seq=37 node=11-03-1-2-01 V=4.27V I=0.145A bat=4.27V clean=0
[2026-04-04T05:52:35.581Z] [DB_ERR] upsertLastProto: Data too long for column 'tcp_addr' at row 1
[2026-04-04T05:52:35.589Z] [DB] INSERT log id=290 node=11-03-1-2-01 proto=TCP/IP
[2026-04-04T05:52:45.580Z] [TCP] DATA seq=38 node=11-03-1-2-01 V=4.27V I=0.04A bat=4.27V clean=0
[2026-04-04T05:52:45.581Z] [DB_ERR] upsertLastProto: Data too long for column 'tcp_addr' at row 1
[2026-04-04T05:52:45.589Z] [DB] INSERT log id=291 node=11-03-1-2-01 proto=TCP/IP
[2026-04-04T05:52:55.580Z] [TCP] DATA seq=39 node=11-03-1-2-01 V=4.27V I=0.119A bat=4.27V clean=0
[2026-04-04T05:52:55.582Z] [DB_ERR] upsertLastProto: Data too long for column 'tcp_addr' at row 1
[2026-04-04T05:52:55.589Z] [DB] INSERT log id=292 node=11-03-1-2-01 proto=TCP/IP
[2026-04-04T05:53:44.229Z] [MQTT] Connected: PV_11-03-1-2-01
[2026-04-04T05:53:44.736Z] [MQTT] TIME sync → cmd/11-03-1-2-01: TIME|13:53
[2026-04-04T05:53:54.237Z] [MQTT] DATA seq=1 node=11-03-1-2-01 V=4.27V I=0.066A bat=4.27V clean=0
[2026-04-04T05:53:54.256Z] [DB] INSERT log id=293 node=11-03-1-2-01 proto=MQTT
[2026-04-04T05:54:04.236Z] [MQTT] DATA seq=2 node=11-03-1-2-01 V=4.27V I=0.04A bat=4.27V clean=0
[2026-04-04T05:54:04.257Z] [DB] INSERT log id=294 node=11-03-1-2-01 proto=MQTT
[2026-04-04T05:54:05.403Z] [DB] INSERT cmd id=4 node=11-03-1-2-01 cmd=CLEAN
[2026-04-04T05:54:05.405Z] [CMD] → 11-03-1-2-01 via MQTT: CLEAN
[2026-04-04T05:54:14.237Z] [MQTT] DATA seq=3 node=11-03-1-2-01 V=4.27V I=0.04A bat=4.27V clean=1
[2026-04-04T05:54:14.249Z] [DB] INSERT log id=295 node=11-03-1-2-01 proto=MQTT
[2026-04-04T05:54:24.237Z] [MQTT] DATA seq=4 node=11-03-1-2-01 V=4.27V I=0.092A bat=4.27V clean=1
[2026-04-04T05:54:24.251Z] [DB] INSERT log id=296 node=11-03-1-2-01 proto=MQTT
[2026-04-04T05:54:34.237Z] [MQTT] DATA seq=5 node=11-03-1-2-01 V=4.27V I=0.092A bat=4.27V clean=1
[2026-04-04T05:54:34.251Z] [DB] INSERT log id=297 node=11-03-1-2-01 proto=MQTT
[2026-04-04T05:54:44.237Z] [MQTT] DATA seq=6 node=11-03-1-2-01 V=4.27V I=0.119A bat=4.27V clean=0
[2026-04-04T05:54:44.249Z] [DB] INSERT log id=298 node=11-03-1-2-01 proto=MQTT
[2026-04-04T05:54:54.234Z] [MQTT] DATA seq=7 node=11-03-1-2-01 V=4.27V I=0.04A bat=4.27V clean=0
[2026-04-04T05:54:54.247Z] [DB] INSERT log id=299 node=11-03-1-2-01 proto=MQTT
[2026-04-04T05:55:04.235Z] [MQTT] DATA seq=8 node=11-03-1-2-01 V=4.27V I=-0.013A bat=4.27V clean=0
[2026-04-04T05:55:04.248Z] [DB] INSERT log id=300 node=11-03-1-2-01 proto=MQTT
[2026-04-04T05:55:14.234Z] [MQTT] DATA seq=9 node=11-03-1-2-01 V=4.28V I=0.04A bat=4.28V clean=0
[2026-04-04T05:55:14.246Z] [DB] INSERT log id=301 node=11-03-1-2-01 proto=MQTT
[2026-04-04T05:55:24.235Z] [MQTT] DATA seq=10 node=11-03-1-2-01 V=4.27V I=0.145A bat=4.27V clean=0
[2026-04-04T05:55:24.249Z] [DB] INSERT log id=302 node=11-03-1-2-01 proto=MQTT
[2026-04-04T05:55:34.235Z] [MQTT] DATA seq=11 node=11-03-1-2-01 V=4.27V I=-0.04A bat=4.27V clean=0
[2026-04-04T05:55:34.249Z] [DB] INSERT log id=303 node=11-03-1-2-01 proto=MQTT
[2026-04-04T05:55:44.234Z] [MQTT] DATA seq=12 node=11-03-1-2-01 V=4.27V I=0.092A bat=4.27V clean=0
[2026-04-04T05:55:44.249Z] [DB] INSERT log id=304 node=11-03-1-2-01 proto=MQTT
[2026-04-04T05:55:54.236Z] [MQTT] DATA seq=13 node=11-03-1-2-01 V=4.28V I=0.066A bat=4.28V clean=0
[2026-04-04T05:55:54.251Z] [DB] INSERT log id=305 node=11-03-1-2-01 proto=MQTT
[2026-04-04T05:56:04.236Z] [MQTT] DATA seq=14 node=11-03-1-2-01 V=4.26V I=-0.013A bat=4.26V clean=0
[2026-04-04T05:56:04.249Z] [DB] INSERT log id=306 node=11-03-1-2-01 proto=MQTT
[2026-04-04T05:56:14.235Z] [MQTT] DATA seq=15 node=11-03-1-2-01 V=4.27V I=0.119A bat=4.27V clean=0
[2026-04-04T05:56:14.250Z] [DB] INSERT log id=307 node=11-03-1-2-01 proto=MQTT
[2026-04-04T05:56:24.236Z] [MQTT] DATA seq=16 node=11-03-1-2-01 V=4.27V I=0.092A bat=4.27V clean=0
[2026-04-04T05:56:24.250Z] [DB] INSERT log id=308 node=11-03-1-2-01 proto=MQTT
[2026-04-04T05:56:34.235Z] [MQTT] DATA seq=17 node=11-03-1-2-01 V=4.27V I=0.119A bat=4.27V clean=0
[2026-04-04T05:56:34.249Z] [DB] INSERT log id=309 node=11-03-1-2-01 proto=MQTT
[2026-04-04T05:56:44.236Z] [MQTT] DATA seq=18 node=11-03-1-2-01 V=4.27V I=0.119A bat=4.27V clean=0
[2026-04-04T05:56:44.248Z] [DB] INSERT log id=310 node=11-03-1-2-01 proto=MQTT
[2026-04-04T05:56:54.236Z] [MQTT] DATA seq=19 node=11-03-1-2-01 V=4.27V I=0.119A bat=4.27V clean=0
[2026-04-04T05:56:54.250Z] [DB] INSERT log id=311 node=11-03-1-2-01 proto=MQTT
[2026-04-04T05:57:04.236Z] [MQTT] DATA seq=20 node=11-03-1-2-01 V=4.27V I=0.092A bat=4.27V clean=0
[2026-04-04T05:57:04.249Z] [DB] INSERT log id=312 node=11-03-1-2-01 proto=MQTT
[2026-04-04T05:57:14.236Z] [MQTT] DATA seq=21 node=11-03-1-2-01 V=4.26V I=-0.013A bat=4.26V clean=0
[2026-04-04T05:57:14.250Z] [DB] INSERT log id=313 node=11-03-1-2-01 proto=MQTT
[2026-04-04T05:57:24.236Z] [MQTT] DATA seq=22 node=11-03-1-2-01 V=4.27V I=0.04A bat=4.27V clean=0
[2026-04-04T05:57:24.252Z] [DB] INSERT log id=314 node=11-03-1-2-01 proto=MQTT
[2026-04-04T05:57:34.236Z] [MQTT] DATA seq=23 node=11-03-1-2-01 V=4.25V I=0.092A bat=4.25V clean=0
[2026-04-04T05:57:34.248Z] [DB] INSERT log id=315 node=11-03-1-2-01 proto=MQTT
[2026-04-04T05:57:44.236Z] [MQTT] DATA seq=24 node=11-03-1-2-01 V=4.27V I=0.04A bat=4.27V clean=0
[2026-04-04T05:57:44.251Z] [DB] INSERT log id=316 node=11-03-1-2-01 proto=MQTT
[2026-04-04T05:57:54.235Z] [MQTT] DATA seq=25 node=11-03-1-2-01 V=4.27V I=0.145A bat=4.27V clean=0
[2026-04-04T05:57:54.251Z] [DB] INSERT log id=317 node=11-03-1-2-01 proto=MQTT
[2026-04-04T05:58:04.235Z] [MQTT] DATA seq=26 node=11-03-1-2-01 V=4.25V I=0.092A bat=4.25V clean=0
[2026-04-04T05:58:04.249Z] [DB] INSERT log id=318 node=11-03-1-2-01 proto=MQTT
[2026-04-04T05:58:14.236Z] [MQTT] DATA seq=27 node=11-03-1-2-01 V=4.27V I=0.066A bat=4.27V clean=0
[2026-04-04T05:58:14.250Z] [DB] INSERT log id=319 node=11-03-1-2-01 proto=MQTT
[2026-04-04T05:58:24.235Z] [MQTT] DATA seq=28 node=11-03-1-2-01 V=4.27V I=0.066A bat=4.27V clean=0
[2026-04-04T05:58:24.252Z] [DB] INSERT log id=320 node=11-03-1-2-01 proto=MQTT
[2026-04-04T05:58:34.237Z] [MQTT] DATA seq=29 node=11-03-1-2-01 V=4.27V I=0.119A bat=4.27V clean=0
[2026-04-04T05:58:34.249Z] [DB] INSERT log id=321 node=11-03-1-2-01 proto=MQTT
[2026-04-04T05:58:44.237Z] [MQTT] DATA seq=30 node=11-03-1-2-01 V=4.27V I=0.092A bat=4.27V clean=0
[2026-04-04T05:58:44.257Z] [DB] INSERT log id=322 node=11-03-1-2-01 proto=MQTT
[2026-04-04T05:58:45.279Z] [DB] INSERT cmd id=5 node=11-03-1-2-01 cmd=CLEAN
[2026-04-04T05:58:45.281Z] [CMD] → 11-03-1-2-01 via MQTT: CLEAN
[2026-04-04T05:58:54.236Z] [MQTT] DATA seq=31 node=11-03-1-2-01 V=4.38V I=-0.04A bat=4.38V clean=1
[2026-04-04T05:58:54.248Z] [DB] INSERT log id=323 node=11-03-1-2-01 proto=MQTT
[2026-04-04T05:59:04.236Z] [MQTT] DATA seq=32 node=11-03-1-2-01 V=4.37V I=0.145A bat=4.37V clean=1
[2026-04-04T05:59:04.248Z] [DB] INSERT log id=324 node=11-03-1-2-01 proto=MQTT
[2026-04-04T05:59:14.236Z] [MQTT] DATA seq=33 node=11-03-1-2-01 V=4.37V I=0.119A bat=4.37V clean=1
[2026-04-04T05:59:14.249Z] [DB] INSERT log id=325 node=11-03-1-2-01 proto=MQTT
[2026-04-04T05:59:24.236Z] [MQTT] DATA seq=34 node=11-03-1-2-01 V=4.27V I=0.119A bat=4.27V clean=0
[2026-04-04T05:59:24.248Z] [DB] INSERT log id=326 node=11-03-1-2-01 proto=MQTT
[2026-04-04T05:59:34.236Z] [MQTT] DATA seq=35 node=11-03-1-2-01 V=4.27V I=0.066A bat=4.27V clean=0
[2026-04-04T05:59:34.249Z] [DB] INSERT log id=327 node=11-03-1-2-01 proto=MQTT
[2026-04-04T05:59:37.246Z] [DB] INSERT cmd id=6 node=11-03-1-2-01 cmd=CLEAN
[2026-04-04T05:59:37.250Z] [CMD] → 11-03-1-2-01 via MQTT: CLEAN
[2026-04-04T05:59:44.235Z] [MQTT] DATA seq=36 node=11-03-1-2-01 V=4.38V I=0.092A bat=4.38V clean=1
[2026-04-04T05:59:44.250Z] [DB] INSERT log id=328 node=11-03-1-2-01 proto=MQTT
[2026-04-04T05:59:54.235Z] [MQTT] DATA seq=37 node=11-03-1-2-01 V=4.36V I=0.145A bat=4.36V clean=1
[2026-04-04T05:59:54.249Z] [DB] INSERT log id=329 node=11-03-1-2-01 proto=MQTT
[2026-04-04T06:00:04.235Z] [MQTT] DATA seq=38 node=11-03-1-2-01 V=4.37V I=0.119A bat=4.37V clean=1
[2026-04-04T06:00:04.249Z] [DB] INSERT log id=330 node=11-03-1-2-01 proto=MQTT
[2026-04-04T06:00:14.234Z] [MQTT] DATA seq=39 node=11-03-1-2-01 V=4.27V I=0.119A bat=4.27V clean=0
[2026-04-04T06:00:14.248Z] [DB] INSERT log id=331 node=11-03-1-2-01 proto=MQTT
[2026-04-04T06:00:24.235Z] [MQTT] DATA seq=40 node=11-03-1-2-01 V=4.25V I=0.198A bat=4.25V clean=0
[2026-04-04T06:00:24.247Z] [DB] INSERT log id=332 node=11-03-1-2-01 proto=MQTT
[2026-04-04T06:00:34.234Z] [MQTT] DATA seq=41 node=11-03-1-2-01 V=4.26V I=0.092A bat=4.26V clean=0
[2026-04-04T06:00:34.247Z] [DB] INSERT log id=333 node=11-03-1-2-01 proto=MQTT
[2026-04-04T06:00:44.235Z] [MQTT] DATA seq=42 node=11-03-1-2-01 V=4.27V I=0.04A bat=4.27V clean=0
[2026-04-04T06:00:44.248Z] [DB] INSERT log id=334 node=11-03-1-2-01 proto=MQTT
[2026-04-04T06:00:54.235Z] [MQTT] DATA seq=43 node=11-03-1-2-01 V=4.28V I=0.119A bat=4.28V clean=0
[2026-04-04T06:00:54.251Z] [DB] INSERT log id=335 node=11-03-1-2-01 proto=MQTT
[2026-04-04T06:01:04.235Z] [MQTT] DATA seq=44 node=11-03-1-2-01 V=4.27V I=0.066A bat=4.27V clean=0
[2026-04-04T06:01:04.247Z] [DB] INSERT log id=336 node=11-03-1-2-01 proto=MQTT
[2026-04-04T06:01:14.235Z] [MQTT] DATA seq=45 node=11-03-1-2-01 V=4.25V I=0.013A bat=4.25V clean=0
[2026-04-04T06:01:14.249Z] [DB] INSERT log id=337 node=11-03-1-2-01 proto=MQTT
[2026-04-04T06:01:24.235Z] [MQTT] DATA seq=46 node=11-03-1-2-01 V=4.27V I=0.04A bat=4.27V clean=0
[2026-04-04T06:01:24.250Z] [DB] INSERT log id=338 node=11-03-1-2-01 proto=MQTT
[2026-04-04T06:01:34.235Z] [MQTT] DATA seq=47 node=11-03-1-2-01 V=4.27V I=0.145A bat=4.27V clean=0
[2026-04-04T06:01:34.248Z] [DB] INSERT log id=339 node=11-03-1-2-01 proto=MQTT
[2026-04-04T06:01:44.235Z] [MQTT] DATA seq=48 node=11-03-1-2-01 V=4.25V I=0.013A bat=4.25V clean=0
[2026-04-04T06:01:44.248Z] [DB] INSERT log id=340 node=11-03-1-2-01 proto=MQTT
[2026-04-04T06:01:54.234Z] [MQTT] DATA seq=49 node=11-03-1-2-01 V=4.27V I=0.092A bat=4.27V clean=0
[2026-04-04T06:01:54.247Z] [DB] INSERT log id=341 node=11-03-1-2-01 proto=MQTT
[2026-04-04T06:02:04.235Z] [MQTT] DATA seq=50 node=11-03-1-2-01 V=4.27V I=0.119A bat=4.27V clean=0
[2026-04-04T06:02:04.248Z] [DB] INSERT log id=342 node=11-03-1-2-01 proto=MQTT
[2026-04-04T06:02:14.235Z] [MQTT] DATA seq=51 node=11-03-1-2-01 V=4.25V I=0.013A bat=4.25V clean=0
[2026-04-04T06:02:14.250Z] [DB] INSERT log id=343 node=11-03-1-2-01 proto=MQTT
[2026-04-04T06:02:24.235Z] [MQTT] DATA seq=52 node=11-03-1-2-01 V=4.25V I=0.066A bat=4.25V clean=0
[2026-04-04T06:02:24.248Z] [DB] INSERT log id=344 node=11-03-1-2-01 proto=MQTT
[2026-04-04T06:02:34.234Z] [MQTT] DATA seq=53 node=11-03-1-2-01 V=4.25V I=0.145A bat=4.25V clean=0
[2026-04-04T06:02:34.247Z] [DB] INSERT log id=345 node=11-03-1-2-01 proto=MQTT
[2026-04-04T06:02:44.235Z] [MQTT] DATA seq=54 node=11-03-1-2-01 V=4.27V I=0.145A bat=4.27V clean=0
[2026-04-04T06:02:44.252Z] [DB] INSERT log id=346 node=11-03-1-2-01 proto=MQTT
[2026-04-04T06:02:54.234Z] [MQTT] DATA seq=55 node=11-03-1-2-01 V=4.25V I=0.04A bat=4.25V clean=0
[2026-04-04T06:02:54.247Z] [DB] INSERT log id=347 node=11-03-1-2-01 proto=MQTT
[2026-04-04T06:03:04.234Z] [MQTT] DATA seq=56 node=11-03-1-2-01 V=4.27V I=0.092A bat=4.27V clean=0
[2026-04-04T06:03:04.247Z] [DB] INSERT log id=348 node=11-03-1-2-01 proto=MQTT
[2026-04-04T06:03:14.234Z] [MQTT] DATA seq=57 node=11-03-1-2-01 V=4.27V I=0.119A bat=4.27V clean=0
[2026-04-04T06:03:14.248Z] [DB] INSERT log id=349 node=11-03-1-2-01 proto=MQTT
[2026-04-04T06:03:24.234Z] [MQTT] DATA seq=58 node=11-03-1-2-01 V=4.27V I=0.092A bat=4.27V clean=0
[2026-04-04T06:03:24.247Z] [DB] INSERT log id=350 node=11-03-1-2-01 proto=MQTT
[2026-04-04T06:03:34.234Z] [MQTT] DATA seq=59 node=11-03-1-2-01 V=4.27V I=0.092A bat=4.27V clean=0
[2026-04-04T06:03:34.248Z] [DB] INSERT log id=351 node=11-03-1-2-01 proto=MQTT
[2026-04-04T06:03:44.234Z] [MQTT] DATA seq=60 node=11-03-1-2-01 V=4.27V I=0.04A bat=4.27V clean=0
[2026-04-04T06:03:44.249Z] [DB] INSERT log id=352 node=11-03-1-2-01 proto=MQTT
[2026-04-04T06:03:54.235Z] [MQTT] DATA seq=61 node=11-03-1-2-01 V=4.32V I=0.04A bat=4.32V clean=0
[2026-04-04T06:03:54.249Z] [DB] INSERT log id=353 node=11-03-1-2-01 proto=MQTT
[2026-04-04T06:04:04.236Z] [MQTT] DATA seq=62 node=11-03-1-2-01 V=4.3V I=0.04A bat=4.3V clean=0
[2026-04-04T06:04:04.249Z] [DB] INSERT log id=354 node=11-03-1-2-01 proto=MQTT
[2026-04-04T06:04:14.235Z] [MQTT] DATA seq=63 node=11-03-1-2-01 V=0.01V I=-0.013A bat=0.01V clean=0
[2026-04-04T06:04:14.247Z] [DB] INSERT log id=355 node=11-03-1-2-01 proto=MQTT
[2026-04-04T06:04:24.235Z] [MQTT] DATA seq=64 node=11-03-1-2-01 V=12.99V I=-0.04A bat=12.99V clean=0
[2026-04-04T06:04:24.246Z] [DB] INSERT log id=356 node=11-03-1-2-01 proto=MQTT
[2026-04-04T06:04:34.233Z] [MQTT] DATA seq=65 node=11-03-1-2-01 V=12.99V I=-0.013A bat=12.99V clean=0
[2026-04-04T06:04:34.245Z] [DB] INSERT log id=357 node=11-03-1-2-01 proto=MQTT
[2026-04-04T06:04:44.235Z] [MQTT] DATA seq=66 node=11-03-1-2-01 V=12.99V I=-0.04A bat=12.99V clean=0
[2026-04-04T06:04:44.245Z] [DB] INSERT log id=358 node=11-03-1-2-01 proto=MQTT
[2026-04-04T06:04:54.235Z] [MQTT] DATA seq=67 node=11-03-1-2-01 V=12.99V I=-0.04A bat=12.99V clean=0
[2026-04-04T06:04:54.247Z] [DB] INSERT log id=359 node=11-03-1-2-01 proto=MQTT
[2026-04-04T06:05:04.235Z] [MQTT] DATA seq=68 node=11-03-1-2-01 V=12.99V I=0.013A bat=12.99V clean=0
[2026-04-04T06:05:04.247Z] [DB] INSERT log id=360 node=11-03-1-2-01 proto=MQTT
[2026-04-04T06:05:14.235Z] [MQTT] DATA seq=69 node=11-03-1-2-01 V=12.99V I=-0.013A bat=12.99V clean=0
[2026-04-04T06:05:14.247Z] [DB] INSERT log id=361 node=11-03-1-2-01 proto=MQTT
[2026-04-04T06:05:24.235Z] [MQTT] DATA seq=70 node=11-03-1-2-01 V=12.99V I=0.04A bat=12.99V clean=0
[2026-04-04T06:05:24.247Z] [DB] INSERT log id=362 node=11-03-1-2-01 proto=MQTT
[2026-04-04T06:05:34.234Z] [MQTT] DATA seq=71 node=11-03-1-2-01 V=12.99V I=-0.04A bat=12.99V clean=0
[2026-04-04T06:05:34.248Z] [DB] INSERT log id=363 node=11-03-1-2-01 proto=MQTT
[2026-04-04T06:05:44.234Z] [MQTT] DATA seq=72 node=11-03-1-2-01 V=12.99V I=-0.092A bat=12.99V clean=0
[2026-04-04T06:05:44.247Z] [DB] INSERT log id=364 node=11-03-1-2-01 proto=MQTT
[2026-04-04T06:05:54.233Z] [MQTT] DATA seq=73 node=11-03-1-2-01 V=13V I=-0.013A bat=13V clean=0
[2026-04-04T06:05:54.247Z] [DB] INSERT log id=365 node=11-03-1-2-01 proto=MQTT
[2026-04-04T06:06:04.234Z] [MQTT] DATA seq=74 node=11-03-1-2-01 V=12.99V I=-0.013A bat=12.99V clean=0
[2026-04-04T06:06:04.245Z] [DB] INSERT log id=366 node=11-03-1-2-01 proto=MQTT
[2026-04-04T06:06:14.234Z] [MQTT] DATA seq=75 node=11-03-1-2-01 V=12.99V I=0.04A bat=12.99V clean=0
[2026-04-04T06:06:14.242Z] [DB] INSERT log id=367 node=11-03-1-2-01 proto=MQTT
[2026-04-04T06:06:24.233Z] [MQTT] DATA seq=76 node=11-03-1-2-01 V=12.99V I=-0.04A bat=12.99V clean=0
[2026-04-04T06:06:24.242Z] [DB] INSERT log id=368 node=11-03-1-2-01 proto=MQTT
[2026-04-04T06:06:34.234Z] [MQTT] DATA seq=77 node=11-03-1-2-01 V=12.99V I=-0.013A bat=12.99V clean=0
[2026-04-04T06:06:34.243Z] [DB] INSERT log id=369 node=11-03-1-2-01 proto=MQTT
[2026-04-04T06:06:44.234Z] [MQTT] DATA seq=78 node=11-03-1-2-01 V=12.99V I=-0.013A bat=12.99V clean=0
[2026-04-04T06:06:44.243Z] [DB] INSERT log id=370 node=11-03-1-2-01 proto=MQTT
[2026-04-04T06:06:54.233Z] [MQTT] DATA seq=79 node=11-03-1-2-01 V=12.99V I=0.013A bat=12.99V clean=0
[2026-04-04T06:06:54.240Z] [DB] INSERT log id=371 node=11-03-1-2-01 proto=MQTT
[2026-04-04T06:07:04.234Z] [MQTT] DATA seq=80 node=11-03-1-2-01 V=13V I=-0.013A bat=13V clean=0
[2026-04-04T06:07:04.243Z] [DB] INSERT log id=372 node=11-03-1-2-01 proto=MQTT
[2026-04-04T06:07:14.233Z] [MQTT] DATA seq=81 node=11-03-1-2-01 V=12.99V I=0.092A bat=12.99V clean=0
[2026-04-04T06:07:14.243Z] [DB] INSERT log id=373 node=11-03-1-2-01 proto=MQTT
[2026-04-04T06:07:24.233Z] [MQTT] DATA seq=82 node=11-03-1-2-01 V=12.99V I=0.04A bat=12.99V clean=0
[2026-04-04T06:07:24.242Z] [DB] INSERT log id=374 node=11-03-1-2-01 proto=MQTT
[2026-04-04T06:07:34.234Z] [MQTT] DATA seq=83 node=11-03-1-2-01 V=12.99V I=-0.04A bat=12.99V clean=0
[2026-04-04T06:07:34.243Z] [DB] INSERT log id=375 node=11-03-1-2-01 proto=MQTT
[2026-04-04T06:07:44.233Z] [MQTT] DATA seq=84 node=11-03-1-2-01 V=12.99V I=-0.066A bat=12.99V clean=0
[2026-04-04T06:07:44.242Z] [DB] INSERT log id=376 node=11-03-1-2-01 proto=MQTT
[2026-04-04T06:07:54.233Z] [MQTT] DATA seq=85 node=11-03-1-2-01 V=12.99V I=0.04A bat=12.99V clean=0
[2026-04-04T06:07:54.242Z] [DB] INSERT log id=377 node=11-03-1-2-01 proto=MQTT
[2026-04-04T06:08:04.234Z] [MQTT] DATA seq=86 node=11-03-1-2-01 V=12.99V I=-0.013A bat=12.99V clean=0
[2026-04-04T06:08:04.243Z] [DB] INSERT log id=378 node=11-03-1-2-01 proto=MQTT
[2026-04-04T06:08:14.233Z] [MQTT] DATA seq=87 node=11-03-1-2-01 V=13.04V I=0.145A bat=13.04V clean=0
[2026-04-04T06:08:14.243Z] [DB] INSERT log id=379 node=11-03-1-2-01 proto=MQTT
[2026-04-04T06:08:24.233Z] [MQTT] DATA seq=88 node=11-03-1-2-01 V=12.98V I=-0.04A bat=12.98V clean=0
[2026-04-04T06:08:24.242Z] [DB] INSERT log id=380 node=11-03-1-2-01 proto=MQTT
[2026-04-04T06:08:34.233Z] [MQTT] DATA seq=89 node=11-03-1-2-01 V=12.99V I=-0.04A bat=12.99V clean=0
[2026-04-04T06:08:34.242Z] [DB] INSERT log id=381 node=11-03-1-2-01 proto=MQTT
[2026-04-04T06:08:44.233Z] [MQTT] DATA seq=90 node=11-03-1-2-01 V=13.01V I=0.066A bat=13.01V clean=0
[2026-04-04T06:08:44.242Z] [DB] INSERT log id=382 node=11-03-1-2-01 proto=MQTT
[2026-04-04T06:08:54.233Z] [MQTT] DATA seq=91 node=11-03-1-2-01 V=12.99V I=0.04A bat=12.99V clean=0
[2026-04-04T06:08:54.242Z] [DB] INSERT log id=383 node=11-03-1-2-01 proto=MQTT
[2026-04-04T06:09:04.233Z] [MQTT] DATA seq=92 node=11-03-1-2-01 V=12.99V I=-0.013A bat=12.99V clean=0
[2026-04-04T06:09:04.242Z] [DB] INSERT log id=384 node=11-03-1-2-01 proto=MQTT
[2026-04-04T06:09:14.233Z] [MQTT] DATA seq=93 node=11-03-1-2-01 V=13.01V I=0.092A bat=13.01V clean=0
[2026-04-04T06:09:14.242Z] [DB] INSERT log id=385 node=11-03-1-2-01 proto=MQTT
[2026-04-04T06:09:24.233Z] [MQTT] DATA seq=94 node=11-03-1-2-01 V=12.99V I=-0.04A bat=12.99V clean=0
[2026-04-04T06:09:24.242Z] [DB] INSERT log id=386 node=11-03-1-2-01 proto=MQTT
[2026-04-04T06:09:34.233Z] [MQTT] DATA seq=95 node=11-03-1-2-01 V=13.01V I=0.066A bat=13.01V clean=0
[2026-04-04T06:09:34.242Z] [DB] INSERT log id=387 node=11-03-1-2-01 proto=MQTT
[2026-04-04T06:09:44.233Z] [MQTT] DATA seq=96 node=11-03-1-2-01 V=13.01V I=-0.04A bat=13.01V clean=0
[2026-04-04T06:09:44.242Z] [DB] INSERT log id=388 node=11-03-1-2-01 proto=MQTT
[2026-04-04T06:09:54.232Z] [MQTT] DATA seq=97 node=11-03-1-2-01 V=13.01V I=0.013A bat=13.01V clean=0
[2026-04-04T06:09:54.242Z] [DB] INSERT log id=389 node=11-03-1-2-01 proto=MQTT
[2026-04-04T06:10:04.233Z] [MQTT] DATA seq=98 node=11-03-1-2-01 V=13.01V I=-0.066A bat=13.01V clean=0
[2026-04-04T06:10:04.242Z] [DB] INSERT log id=390 node=11-03-1-2-01 proto=MQTT
[2026-04-04T06:10:14.233Z] [MQTT] DATA seq=99 node=11-03-1-2-01 V=13.01V I=-0.066A bat=13.01V clean=0
[2026-04-04T06:10:14.243Z] [DB] INSERT log id=391 node=11-03-1-2-01 proto=MQTT
[2026-04-04T06:10:24.232Z] [MQTT] DATA seq=100 node=11-03-1-2-01 V=13.01V I=0.092A bat=13.01V clean=0
[2026-04-04T06:10:24.241Z] [DB] INSERT log id=392 node=11-03-1-2-01 proto=MQTT
[2026-04-04T06:10:34.233Z] [MQTT] DATA seq=101 node=11-03-1-2-01 V=12.99V I=-0.066A bat=12.99V clean=0
[2026-04-04T06:10:34.244Z] [DB] INSERT log id=393 node=11-03-1-2-01 proto=MQTT
[2026-04-04T06:10:44.233Z] [MQTT] DATA seq=102 node=11-03-1-2-01 V=12.99V I=-0.013A bat=12.99V clean=0
[2026-04-04T06:10:44.242Z] [DB] INSERT log id=394 node=11-03-1-2-01 proto=MQTT
[2026-04-04T06:10:54.233Z] [MQTT] DATA seq=103 node=11-03-1-2-01 V=12.98V I=-0.04A bat=12.98V clean=0
[2026-04-04T06:10:54.241Z] [DB] INSERT log id=395 node=11-03-1-2-01 proto=MQTT
[2026-04-04T06:11:04.233Z] [MQTT] DATA seq=104 node=11-03-1-2-01 V=12.99V I=0.119A bat=12.99V clean=0
[2026-04-04T06:11:04.242Z] [DB] INSERT log id=396 node=11-03-1-2-01 proto=MQTT
[2026-04-04T06:11:14.233Z] [MQTT] DATA seq=105 node=11-03-1-2-01 V=12.99V I=-0.04A bat=12.99V clean=0
[2026-04-04T06:11:14.242Z] [DB] INSERT log id=397 node=11-03-1-2-01 proto=MQTT
[2026-04-04T06:11:24.233Z] [MQTT] DATA seq=106 node=11-03-1-2-01 V=13.01V I=0.013A bat=13.01V clean=0
[2026-04-04T06:11:24.242Z] [DB] INSERT log id=398 node=11-03-1-2-01 proto=MQTT
[2026-04-04T06:11:34.233Z] [MQTT] DATA seq=107 node=11-03-1-2-01 V=12.99V I=-0.04A bat=12.99V clean=0
[2026-04-04T06:11:34.243Z] [DB] INSERT log id=399 node=11-03-1-2-01 proto=MQTT
[2026-04-04T06:11:44.233Z] [MQTT] DATA seq=108 node=11-03-1-2-01 V=12.99V I=0.013A bat=12.99V clean=0
[2026-04-04T06:11:44.242Z] [DB] INSERT log id=400 node=11-03-1-2-01 proto=MQTT
[2026-04-04T06:11:54.233Z] [MQTT] DATA seq=109 node=11-03-1-2-01 V=12.99V I=0.066A bat=12.99V clean=0
[2026-04-04T06:11:54.241Z] [DB] INSERT log id=401 node=11-03-1-2-01 proto=MQTT
[2026-04-04T06:12:04.234Z] [MQTT] DATA seq=110 node=11-03-1-2-01 V=12.99V I=0.066A bat=12.99V clean=0
[2026-04-04T06:12:04.243Z] [DB] INSERT log id=402 node=11-03-1-2-01 proto=MQTT
[2026-04-04T06:12:14.233Z] [MQTT] DATA seq=111 node=11-03-1-2-01 V=12.99V I=0.066A bat=12.99V clean=0
[2026-04-04T06:12:14.241Z] [DB] INSERT log id=403 node=11-03-1-2-01 proto=MQTT
[2026-04-04T06:12:24.233Z] [MQTT] DATA seq=112 node=11-03-1-2-01 V=12.99V I=0.013A bat=12.99V clean=0
[2026-04-04T06:12:24.241Z] [DB] INSERT log id=404 node=11-03-1-2-01 proto=MQTT
[2026-04-04T06:12:34.232Z] [MQTT] DATA seq=113 node=11-03-1-2-01 V=12.99V I=0.04A bat=12.99V clean=0
[2026-04-04T06:12:34.242Z] [DB] INSERT log id=405 node=11-03-1-2-01 proto=MQTT
[2026-04-04T06:12:44.233Z] [MQTT] DATA seq=114 node=11-03-1-2-01 V=12.99V I=-0.013A bat=12.99V clean=0
[2026-04-04T06:12:44.242Z] [DB] INSERT log id=406 node=11-03-1-2-01 proto=MQTT
[2026-04-04T06:12:54.233Z] [MQTT] DATA seq=115 node=11-03-1-2-01 V=12.99V I=0.066A bat=12.99V clean=0
[2026-04-04T06:12:54.244Z] [DB] INSERT log id=407 node=11-03-1-2-01 proto=MQTT
[2026-04-04T06:13:04.232Z] [MQTT] DATA seq=116 node=11-03-1-2-01 V=12.98V I=-0.119A bat=12.98V clean=0
[2026-04-04T06:13:04.241Z] [DB] INSERT log id=408 node=11-03-1-2-01 proto=MQTT
[2026-04-04T06:13:14.233Z] [MQTT] DATA seq=117 node=11-03-1-2-01 V=13V I=0.04A bat=13V clean=0
[2026-04-04T06:13:14.241Z] [DB] INSERT log id=409 node=11-03-1-2-01 proto=MQTT
[2026-04-04T06:13:24.233Z] [MQTT] DATA seq=118 node=11-03-1-2-01 V=12.99V I=0.013A bat=12.99V clean=0
[2026-04-04T06:13:24.243Z] [DB] INSERT log id=410 node=11-03-1-2-01 proto=MQTT
[2026-04-04T06:13:34.233Z] [MQTT] DATA seq=119 node=11-03-1-2-01 V=12.99V I=0.013A bat=12.99V clean=0
[2026-04-04T06:13:34.242Z] [DB] INSERT log id=411 node=11-03-1-2-01 proto=MQTT
[2026-04-04T06:13:44.233Z] [MQTT] DATA seq=120 node=11-03-1-2-01 V=12.99V I=-0.04A bat=12.99V clean=0
[2026-04-04T06:13:44.242Z] [DB] INSERT log id=412 node=11-03-1-2-01 proto=MQTT
[2026-04-04T06:13:54.232Z] [MQTT] DATA seq=121 node=11-03-1-2-01 V=13V I=0.013A bat=13V clean=0
[2026-04-04T06:13:54.242Z] [DB] INSERT log id=413 node=11-03-1-2-01 proto=MQTT
[2026-04-04T06:14:04.233Z] [MQTT] DATA seq=122 node=11-03-1-2-01 V=12.99V I=-0.04A bat=12.99V clean=0
[2026-04-04T06:14:04.241Z] [DB] INSERT log id=414 node=11-03-1-2-01 proto=MQTT
[2026-04-04T06:14:14.233Z] [MQTT] DATA seq=123 node=11-03-1-2-01 V=12.99V I=0.013A bat=12.99V clean=0
[2026-04-04T06:14:14.243Z] [DB] INSERT log id=415 node=11-03-1-2-01 proto=MQTT
[2026-04-04T06:14:24.232Z] [MQTT] DATA seq=124 node=11-03-1-2-01 V=12.99V I=-0.04A bat=12.99V clean=0
[2026-04-04T06:14:24.243Z] [DB] INSERT log id=416 node=11-03-1-2-01 proto=MQTT
[2026-04-04T06:14:34.233Z] [MQTT] DATA seq=125 node=11-03-1-2-01 V=12.99V I=0.04A bat=12.99V clean=0
[2026-04-04T06:14:34.242Z] [DB] INSERT log id=417 node=11-03-1-2-01 proto=MQTT
[2026-04-04T06:14:44.233Z] [MQTT] DATA seq=126 node=11-03-1-2-01 V=12.99V I=-0.119A bat=12.99V clean=0
[2026-04-04T06:14:44.242Z] [DB] INSERT log id=418 node=11-03-1-2-01 proto=MQTT
[2026-04-04T06:14:54.233Z] [MQTT] DATA seq=127 node=11-03-1-2-01 V=12.99V I=0.013A bat=12.99V clean=0
[2026-04-04T06:14:54.242Z] [DB] INSERT log id=419 node=11-03-1-2-01 proto=MQTT
[2026-04-04T06:15:04.233Z] [MQTT] DATA seq=128 node=11-03-1-2-01 V=12.99V I=0.092A bat=12.99V clean=0
[2026-04-04T06:15:04.243Z] [DB] INSERT log id=420 node=11-03-1-2-01 proto=MQTT
[2026-04-04T06:15:14.232Z] [MQTT] DATA seq=129 node=11-03-1-2-01 V=12.99V I=0.04A bat=12.99V clean=0
[2026-04-04T06:15:14.241Z] [DB] INSERT log id=421 node=11-03-1-2-01 proto=MQTT
[2026-04-04T06:15:24.233Z] [MQTT] DATA seq=130 node=11-03-1-2-01 V=12.99V I=-0.04A bat=12.99V clean=0
[2026-04-04T06:15:24.243Z] [DB] INSERT log id=422 node=11-03-1-2-01 proto=MQTT
[2026-04-04T06:15:34.233Z] [MQTT] DATA seq=131 node=11-03-1-2-01 V=12.99V I=0.066A bat=12.99V clean=0
[2026-04-04T06:15:34.242Z] [DB] INSERT log id=423 node=11-03-1-2-01 proto=MQTT
[2026-04-04T06:15:44.232Z] [MQTT] DATA seq=132 node=11-03-1-2-01 V=12.99V I=0.013A bat=12.99V clean=0
[2026-04-04T06:15:44.241Z] [DB] INSERT log id=424 node=11-03-1-2-01 proto=MQTT
[2026-04-04T06:15:54.233Z] [MQTT] DATA seq=133 node=11-03-1-2-01 V=12.99V I=0.013A bat=12.99V clean=0
[2026-04-04T06:15:54.242Z] [DB] INSERT log id=425 node=11-03-1-2-01 proto=MQTT
[2026-04-04T06:16:04.233Z] [MQTT] DATA seq=134 node=11-03-1-2-01 V=12.99V I=-0.04A bat=12.99V clean=0
[2026-04-04T06:16:04.242Z] [DB] INSERT log id=426 node=11-03-1-2-01 proto=MQTT
[2026-04-04T06:16:14.232Z] [MQTT] DATA seq=135 node=11-03-1-2-01 V=12.99V I=-0.04A bat=12.99V clean=0
[2026-04-04T06:16:14.242Z] [DB] INSERT log id=427 node=11-03-1-2-01 proto=MQTT
[2026-04-04T06:16:24.232Z] [MQTT] DATA seq=136 node=11-03-1-2-01 V=12.99V I=0.119A bat=12.99V clean=0
[2026-04-04T06:16:24.242Z] [DB] INSERT log id=428 node=11-03-1-2-01 proto=MQTT
[2026-04-04T06:16:34.232Z] [MQTT] DATA seq=137 node=11-03-1-2-01 V=12.99V I=0.04A bat=12.99V clean=0
[2026-04-04T06:16:34.241Z] [DB] INSERT log id=429 node=11-03-1-2-01 proto=MQTT
[2026-04-04T06:16:44.232Z] [MQTT] DATA seq=138 node=11-03-1-2-01 V=12.99V I=-0.013A bat=12.99V clean=0
[2026-04-04T06:16:44.241Z] [DB] INSERT log id=430 node=11-03-1-2-01 proto=MQTT
[2026-04-04T06:16:54.233Z] [MQTT] DATA seq=139 node=11-03-1-2-01 V=13V I=-0.092A bat=13V clean=0
[2026-04-04T06:16:54.243Z] [DB] INSERT log id=431 node=11-03-1-2-01 proto=MQTT
[2026-04-04T06:17:04.232Z] [MQTT] DATA seq=140 node=11-03-1-2-01 V=12.99V I=-0.013A bat=12.99V clean=0
[2026-04-04T06:17:04.241Z] [DB] INSERT log id=432 node=11-03-1-2-01 proto=MQTT
[2026-04-04T06:17:14.232Z] [MQTT] DATA seq=141 node=11-03-1-2-01 V=12.99V I=0.013A bat=12.99V clean=0
[2026-04-04T06:17:14.240Z] [DB] INSERT log id=433 node=11-03-1-2-01 proto=MQTT
[2026-04-04T06:30:20.283Z] [MQTT] DATA seq=142 node=11-03-1-2-01 V=12.99V I=0.04A bat=12.99V clean=0
[2026-04-04T06:30:20.307Z] [MQTT] DATA seq=143 node=11-03-1-2-01 V=12.99V I=0.04A bat=12.99V clean=0
[2026-04-04T06:30:20.345Z] [MQTT] Connected: PV_11-03-1-2-01
[2026-04-04T06:30:20.356Z] [MQTT] Disconnected: PV_11-03-1-2-01
[2026-04-04T06:30:20.361Z] [MQTT] Connected: PV_11-03-1-2-01
[2026-04-04T06:30:20.364Z] [MQTT] Disconnected: PV_11-03-1-2-01
[2026-04-04T06:30:20.368Z] [MQTT] Connected: PV_11-03-1-2-01
[2026-04-04T06:30:20.373Z] [MQTT] Disconnected: PV_11-03-1-2-01
[2026-04-04T06:30:20.381Z] [MQTT] Connected: PV_11-03-1-2-01
[2026-04-04T06:30:20.388Z] [MQTT] Disconnected: PV_11-03-1-2-01
[2026-04-04T06:30:20.389Z] [MQTT] Connected: PV_11-03-1-2-01
[2026-04-04T06:30:20.404Z] [MQTT] Disconnected: PV_11-03-1-2-01
[2026-04-04T06:30:20.415Z] [MQTT] Connected: PV_11-03-1-2-01
[2026-04-04T06:30:20.421Z] [MQTT] Disconnected: PV_11-03-1-2-01
[2026-04-04T06:30:20.430Z] [MQTT] Connected: PV_11-03-1-2-01
[2026-04-04T06:30:20.433Z] [MQTT] Disconnected: PV_11-03-1-2-01
[2026-04-04T06:30:20.434Z] [MQTT] Connected: PV_11-03-1-2-01
[2026-04-04T06:30:20.435Z] [MQTT] Disconnected: PV_11-03-1-2-01
[2026-04-04T06:30:20.435Z] [MQTT] Connected: PV_11-03-1-2-01
[2026-04-04T06:30:20.436Z] [MQTT] Disconnected: PV_11-03-1-2-01
[2026-04-04T06:30:20.437Z] [MQTT] Connected: PV_11-03-1-2-01
[2026-04-04T06:30:20.441Z] [MQTT] Disconnected: PV_11-03-1-2-01
[2026-04-04T06:30:20.442Z] [MQTT] Connected: PV_11-03-1-2-01
[2026-04-04T06:30:20.445Z] [MQTT] Disconnected: PV_11-03-1-2-01
[2026-04-04T06:30:20.446Z] [MQTT] Connected: PV_11-03-1-2-01
[2026-04-04T06:30:20.451Z] [MQTT] Disconnected: PV_11-03-1-2-01
[2026-04-04T06:30:20.452Z] [MQTT] Connected: PV_11-03-1-2-01
[2026-04-04T06:30:20.456Z] [MQTT] Disconnected: PV_11-03-1-2-01
[2026-04-04T06:30:20.457Z] [MQTT] Connected: PV_11-03-1-2-01
[2026-04-04T06:30:20.458Z] [MQTT] Disconnected: PV_11-03-1-2-01
[2026-04-04T06:30:20.459Z] [MQTT] Connected: PV_11-03-1-2-01
[2026-04-04T06:30:20.460Z] [MQTT] Disconnected: PV_11-03-1-2-01
[2026-04-04T06:30:20.461Z] [MQTT] Connected: PV_11-03-1-2-01
[2026-04-04T06:30:20.464Z] [MQTT] Disconnected: PV_11-03-1-2-01
[2026-04-04T06:30:20.467Z] [MQTT] Connected: PV_11-03-1-2-01
[2026-04-04T06:30:20.484Z] [MQTT] Disconnected: PV_11-03-1-2-01
[2026-04-04T06:30:20.491Z] [MQTT] Connected: PV_11-03-1-2-01
[2026-04-04T06:30:20.493Z] [MQTT] Disconnected: PV_11-03-1-2-01
[2026-04-04T06:30:20.494Z] [MQTT] Connected: PV_11-03-1-2-01
[2026-04-04T06:30:20.495Z] [MQTT] Disconnected: PV_11-03-1-2-01
[2026-04-04T06:30:20.496Z] [MQTT] Connected: PV_11-03-1-2-01
[2026-04-04T06:30:20.499Z] [MQTT] Disconnected: PV_11-03-1-2-01
[2026-04-04T06:30:20.500Z] [MQTT] Connected: PV_11-03-1-2-01
[2026-04-04T06:30:20.503Z] [MQTT] Disconnected: PV_11-03-1-2-01
[2026-04-04T06:30:20.504Z] [MQTT] Connected: PV_11-03-1-2-01
[2026-04-04T06:30:20.505Z] [MQTT] Disconnected: PV_11-03-1-2-01
[2026-04-04T06:30:20.506Z] [MQTT] Connected: PV_11-03-1-2-01
[2026-04-04T06:30:20.507Z] [MQTT] Disconnected: PV_11-03-1-2-01
[2026-04-04T06:30:20.510Z] [MQTT] Connected: PV_11-03-1-2-01
[2026-04-04T06:30:20.512Z] [MQTT] Disconnected: PV_11-03-1-2-01
[2026-04-04T06:30:20.514Z] [MQTT] Connected: PV_11-03-1-2-01
[2026-04-04T06:30:20.516Z] [MQTT] Disconnected: PV_11-03-1-2-01
[2026-04-04T06:30:20.519Z] [MQTT] Connected: PV_11-03-1-2-01
[2026-04-04T06:30:20.520Z] [MQTT] Disconnected: PV_11-03-1-2-01
[2026-04-04T06:30:20.522Z] [MQTT] Connected: PV_11-03-1-2-01
[2026-04-04T06:30:20.525Z] [MQTT] Disconnected: PV_11-03-1-2-01
[2026-04-04T06:30:20.526Z] [MQTT] Connected: PV_11-03-1-2-01
[2026-04-04T06:30:20.528Z] [MQTT] Disconnected: PV_11-03-1-2-01
[2026-04-04T06:30:20.529Z] [MQTT] Connected: PV_11-03-1-2-01
[2026-04-04T06:30:20.535Z] [MQTT] Disconnected: PV_11-03-1-2-01
[2026-04-04T06:30:20.539Z] [MQTT] Connected: PV_11-03-1-2-01
[2026-04-04T06:30:20.545Z] [MQTT] Connected: PV_11-03-1-2-01
[2026-04-04T06:30:20.546Z] [MQTT] Disconnected: PV_11-03-1-2-01
[2026-04-04T06:30:20.549Z] [MQTT] Connected: PV_11-03-1-2-01
[2026-04-04T06:30:20.550Z] [MQTT] Disconnected: PV_11-03-1-2-01
[2026-04-04T06:30:20.551Z] [MQTT] Connected: PV_11-03-1-2-01
[2026-04-04T06:30:20.553Z] [MQTT] Disconnected: PV_11-03-1-2-01
[2026-04-04T06:30:20.553Z] [MQTT] Connected: PV_11-03-1-2-01
[2026-04-04T06:30:20.554Z] [MQTT] Disconnected: PV_11-03-1-2-01
[2026-04-04T06:30:20.555Z] [MQTT] Connected: PV_11-03-1-2-01
[2026-04-04T06:30:20.556Z] [MQTT] Disconnected: PV_11-03-1-2-01
[2026-04-04T06:30:20.556Z] [MQTT] Connected: PV_11-03-1-2-01
[2026-04-04T06:30:20.557Z] [MQTT] Disconnected: PV_11-03-1-2-01
[2026-04-04T06:30:20.558Z] [MQTT] Connected: PV_11-03-1-2-01
[2026-04-04T06:30:20.559Z] [MQTT] Disconnected: PV_11-03-1-2-01
[2026-04-04T06:30:20.559Z] [MQTT] Connected: PV_11-03-1-2-01
[2026-04-04T06:30:20.560Z] [MQTT] Disconnected: PV_11-03-1-2-01
[2026-04-04T06:30:20.561Z] [MQTT] Connected: PV_11-03-1-2-01
[2026-04-04T06:30:20.561Z] [MQTT] Disconnected: PV_11-03-1-2-01
[2026-04-04T06:30:20.562Z] [MQTT] Connected: PV_11-03-1-2-01
[2026-04-04T06:30:20.563Z] [MQTT] Disconnected: PV_11-03-1-2-01
[2026-04-04T06:30:20.563Z] [MQTT] Connected: PV_11-03-1-2-01
[2026-04-04T06:30:20.564Z] [MQTT] Disconnected: PV_11-03-1-2-01
[2026-04-04T06:30:20.564Z] [MQTT] Connected: PV_11-03-1-2-01
[2026-04-04T06:30:20.565Z] [MQTT] Disconnected: PV_11-03-1-2-01
[2026-04-04T06:30:20.565Z] [MQTT] Connected: PV_11-03-1-2-01
[2026-04-04T06:30:20.566Z] [MQTT] Disconnected: PV_11-03-1-2-01
[2026-04-04T06:30:20.566Z] [MQTT] Connected: PV_11-03-1-2-01
[2026-04-04T06:30:20.567Z] [MQTT] Disconnected: PV_11-03-1-2-01
[2026-04-04T06:30:20.567Z] [MQTT] Connected: PV_11-03-1-2-01
[2026-04-04T06:30:20.568Z] [MQTT] Disconnected: PV_11-03-1-2-01
[2026-04-04T06:30:20.568Z] [MQTT] Connected: PV_11-03-1-2-01
[2026-04-04T06:30:20.569Z] [MQTT] Disconnected: PV_11-03-1-2-01
[2026-04-04T06:30:20.569Z] [MQTT] Connected: PV_11-03-1-2-01
[2026-04-04T06:30:20.570Z] [MQTT] Disconnected: PV_11-03-1-2-01
[2026-04-04T06:30:20.570Z] [MQTT] Connected: PV_11-03-1-2-01
[2026-04-04T06:30:20.571Z] [MQTT] Disconnected: PV_11-03-1-2-01
[2026-04-04T06:30:20.572Z] [MQTT] Connected: PV_11-03-1-2-01
[2026-04-04T06:30:20.572Z] [MQTT] Disconnected: PV_11-03-1-2-01
[2026-04-04T06:30:20.573Z] [MQTT] Connected: PV_11-03-1-2-01
[2026-04-04T06:30:20.580Z] [MQTT] DATA seq=147 node=11-03-1-2-01 V=13.04V I=0.092A bat=13.04V clean=0
[2026-04-04T06:30:20.587Z] [DB] INSERT log id=435 node=11-03-1-2-01 proto=MQTT
[2026-04-04T06:30:20.588Z] [DB] INSERT log id=434 node=11-03-1-2-01 proto=MQTT
[2026-04-04T06:30:20.603Z] [DB] INSERT log id=436 node=11-03-1-2-01 proto=MQTT
[2026-04-04T06:30:20.863Z] [MQTT] TIME sync → cmd/11-03-1-2-01: TIME|14:30
[2026-04-04T06:30:20.863Z] [MQTT] TIME sync → cmd/11-03-1-2-01: TIME|14:30
[2026-04-04T06:30:20.878Z] [MQTT] TIME sync → cmd/11-03-1-2-01: TIME|14:30
[2026-04-04T06:30:20.894Z] [MQTT] TIME sync → cmd/11-03-1-2-01: TIME|14:30
[2026-04-04T06:30:20.910Z] [MQTT] TIME sync → cmd/11-03-1-2-01: TIME|14:30
[2026-04-04T06:30:20.926Z] [MQTT] TIME sync → cmd/11-03-1-2-01: TIME|14:30
[2026-04-04T06:30:20.942Z] [MQTT] TIME sync → cmd/11-03-1-2-01: TIME|14:30
[2026-04-04T06:30:20.942Z] [MQTT] TIME sync → cmd/11-03-1-2-01: TIME|14:30
[2026-04-04T06:30:20.943Z] [MQTT] TIME sync → cmd/11-03-1-2-01: TIME|14:30
[2026-04-04T06:30:20.943Z] [MQTT] TIME sync → cmd/11-03-1-2-01: TIME|14:30
[2026-04-04T06:30:20.958Z] [MQTT] TIME sync → cmd/11-03-1-2-01: TIME|14:30
[2026-04-04T06:30:20.958Z] [MQTT] TIME sync → cmd/11-03-1-2-01: TIME|14:30
[2026-04-04T06:30:20.958Z] [MQTT] TIME sync → cmd/11-03-1-2-01: TIME|14:30
[2026-04-04T06:30:20.959Z] [MQTT] TIME sync → cmd/11-03-1-2-01: TIME|14:30
[2026-04-04T06:30:20.959Z] [MQTT] TIME sync → cmd/11-03-1-2-01: TIME|14:30
[2026-04-04T06:30:20.973Z] [MQTT] TIME sync → cmd/11-03-1-2-01: TIME|14:30
[2026-04-04T06:30:20.989Z] [MQTT] TIME sync → cmd/11-03-1-2-01: TIME|14:30
[2026-04-04T06:30:21.005Z] [MQTT] TIME sync → cmd/11-03-1-2-01: TIME|14:30
[2026-04-04T06:30:21.005Z] [MQTT] TIME sync → cmd/11-03-1-2-01: TIME|14:30
[2026-04-04T06:30:21.006Z] [MQTT] TIME sync → cmd/11-03-1-2-01: TIME|14:30
[2026-04-04T06:30:21.006Z] [MQTT] TIME sync → cmd/11-03-1-2-01: TIME|14:30
[2026-04-04T06:30:21.006Z] [MQTT] TIME sync → cmd/11-03-1-2-01: TIME|14:30
[2026-04-04T06:30:21.007Z] [MQTT] TIME sync → cmd/11-03-1-2-01: TIME|14:30
[2026-04-04T06:30:21.020Z] [MQTT] TIME sync → cmd/11-03-1-2-01: TIME|14:30
[2026-04-04T06:30:21.021Z] [MQTT] TIME sync → cmd/11-03-1-2-01: TIME|14:30
[2026-04-04T06:30:21.021Z] [MQTT] TIME sync → cmd/11-03-1-2-01: TIME|14:30
[2026-04-04T06:30:21.036Z] [MQTT] TIME sync → cmd/11-03-1-2-01: TIME|14:30
[2026-04-04T06:30:21.037Z] [MQTT] TIME sync → cmd/11-03-1-2-01: TIME|14:30
[2026-04-04T06:30:21.037Z] [MQTT] TIME sync → cmd/11-03-1-2-01: TIME|14:30
[2026-04-04T06:30:21.052Z] [MQTT] TIME sync → cmd/11-03-1-2-01: TIME|14:30
[2026-04-04T06:30:21.053Z] [MQTT] TIME sync → cmd/11-03-1-2-01: TIME|14:30
[2026-04-04T06:30:21.053Z] [MQTT] TIME sync → cmd/11-03-1-2-01: TIME|14:30
[2026-04-04T06:30:21.053Z] [MQTT] TIME sync → cmd/11-03-1-2-01: TIME|14:30
[2026-04-04T06:30:21.054Z] [MQTT] TIME sync → cmd/11-03-1-2-01: TIME|14:30
[2026-04-04T06:30:21.068Z] [MQTT] TIME sync → cmd/11-03-1-2-01: TIME|14:30
[2026-04-04T06:30:21.068Z] [MQTT] TIME sync → cmd/11-03-1-2-01: TIME|14:30
[2026-04-04T06:30:21.069Z] [MQTT] TIME sync → cmd/11-03-1-2-01: TIME|14:30
[2026-04-04T06:30:21.069Z] [MQTT] TIME sync → cmd/11-03-1-2-01: TIME|14:30
[2026-04-04T06:30:21.069Z] [MQTT] TIME sync → cmd/11-03-1-2-01: TIME|14:30
[2026-04-04T06:30:21.069Z] [MQTT] TIME sync → cmd/11-03-1-2-01: TIME|14:30
[2026-04-04T06:30:21.070Z] [MQTT] TIME sync → cmd/11-03-1-2-01: TIME|14:30
[2026-04-04T06:30:21.070Z] [MQTT] TIME sync → cmd/11-03-1-2-01: TIME|14:30
[2026-04-04T06:30:21.070Z] [MQTT] TIME sync → cmd/11-03-1-2-01: TIME|14:30
[2026-04-04T06:30:21.070Z] [MQTT] TIME sync → cmd/11-03-1-2-01: TIME|14:30
[2026-04-04T06:30:21.071Z] [MQTT] TIME sync → cmd/11-03-1-2-01: TIME|14:30
[2026-04-04T06:30:21.071Z] [MQTT] TIME sync → cmd/11-03-1-2-01: TIME|14:30
[2026-04-04T06:30:21.071Z] [MQTT] TIME sync → cmd/11-03-1-2-01: TIME|14:30
[2026-04-04T06:30:21.072Z] [MQTT] TIME sync → cmd/11-03-1-2-01: TIME|14:30
[2026-04-04T06:30:21.072Z] [MQTT] TIME sync → cmd/11-03-1-2-01: TIME|14:30
[2026-04-04T06:30:21.072Z] [MQTT] TIME sync → cmd/11-03-1-2-01: TIME|14:30
[2026-04-04T06:30:30.579Z] [MQTT] DATA seq=148 node=11-03-1-2-01 V=13.01V I=0.04A bat=13.01V clean=0
[2026-04-04T06:30:30.585Z] [DB] INSERT log id=437 node=11-03-1-2-01 proto=MQTT
[2026-04-04T06:30:40.578Z] [MQTT] DATA seq=149 node=11-03-1-2-01 V=13.02V I=0.04A bat=13.02V clean=0
[2026-04-04T06:30:40.588Z] [DB] INSERT log id=438 node=11-03-1-2-01 proto=MQTT
[2026-04-04T06:30:50.579Z] [MQTT] DATA seq=150 node=11-03-1-2-01 V=13.01V I=0.092A bat=13.01V clean=0
[2026-04-04T06:30:50.588Z] [DB] INSERT log id=439 node=11-03-1-2-01 proto=MQTT
[2026-04-04T06:31:00.578Z] [MQTT] DATA seq=151 node=11-03-1-2-01 V=13.01V I=-0.04A bat=13.01V clean=0
[2026-04-04T06:31:00.587Z] [DB] INSERT log id=440 node=11-03-1-2-01 proto=MQTT
[2026-04-04T06:31:10.579Z] [MQTT] DATA seq=152 node=11-03-1-2-01 V=13.02V I=-0.013A bat=13.02V clean=0
[2026-04-04T06:31:10.590Z] [DB] INSERT log id=441 node=11-03-1-2-01 proto=MQTT
[2026-04-04T06:31:20.580Z] [MQTT] DATA seq=153 node=11-03-1-2-01 V=13.02V I=0.066A bat=13.02V clean=0
[2026-04-04T06:31:20.590Z] [DB] INSERT log id=442 node=11-03-1-2-01 proto=MQTT
[2026-04-04T06:31:30.579Z] [MQTT] DATA seq=154 node=11-03-1-2-01 V=13.01V I=0.013A bat=13.01V clean=0
[2026-04-04T06:31:30.589Z] [DB] INSERT log id=443 node=11-03-1-2-01 proto=MQTT
[2026-04-04T06:31:40.580Z] [MQTT] DATA seq=155 node=11-03-1-2-01 V=13.01V I=0.013A bat=13.01V clean=0
[2026-04-04T06:31:40.590Z] [DB] INSERT log id=444 node=11-03-1-2-01 proto=MQTT
[2026-04-04T06:31:50.581Z] [MQTT] DATA seq=156 node=11-03-1-2-01 V=13.01V I=-0.145A bat=13.01V clean=0
[2026-04-04T06:31:50.591Z] [DB] INSERT log id=445 node=11-03-1-2-01 proto=MQTT
[2026-04-04T06:32:00.580Z] [MQTT] DATA seq=157 node=11-03-1-2-01 V=13.01V I=-0.013A bat=13.01V clean=0
[2026-04-04T06:32:00.590Z] [DB] INSERT log id=446 node=11-03-1-2-01 proto=MQTT
[2026-04-04T06:32:10.580Z] [MQTT] DATA seq=158 node=11-03-1-2-01 V=13.01V I=-0.04A bat=13.01V clean=0
[2026-04-04T06:32:10.591Z] [DB] INSERT log id=447 node=11-03-1-2-01 proto=MQTT
[2026-04-04T06:32:20.579Z] [MQTT] DATA seq=159 node=11-03-1-2-01 V=13.01V I=-0.066A bat=13.01V clean=0
[2026-04-04T06:32:20.589Z] [DB] INSERT log id=448 node=11-03-1-2-01 proto=MQTT
[2026-04-04T06:32:30.580Z] [MQTT] DATA seq=160 node=11-03-1-2-01 V=13.01V I=-0.04A bat=13.01V clean=0
[2026-04-04T06:32:30.589Z] [DB] INSERT log id=449 node=11-03-1-2-01 proto=MQTT
[2026-04-04T06:32:40.580Z] [MQTT] DATA seq=161 node=11-03-1-2-01 V=13.01V I=-0.04A bat=13.01V clean=0
[2026-04-04T06:32:40.590Z] [DB] INSERT log id=450 node=11-03-1-2-01 proto=MQTT
[2026-04-04T06:32:50.579Z] [MQTT] DATA seq=162 node=11-03-1-2-01 V=13.01V I=0.04A bat=13.01V clean=0
[2026-04-04T06:32:50.589Z] [DB] INSERT log id=451 node=11-03-1-2-01 proto=MQTT
[2026-04-04T06:33:00.580Z] [MQTT] DATA seq=163 node=11-03-1-2-01 V=13.01V I=0.013A bat=13.01V clean=0
[2026-04-04T06:33:00.590Z] [DB] INSERT log id=452 node=11-03-1-2-01 proto=MQTT
[2026-04-04T06:33:10.581Z] [MQTT] DATA seq=164 node=11-03-1-2-01 V=13.01V I=-0.066A bat=13.01V clean=0
[2026-04-04T06:33:10.593Z] [DB] INSERT log id=453 node=11-03-1-2-01 proto=MQTT
[2026-04-04T06:33:20.579Z] [MQTT] DATA seq=165 node=11-03-1-2-01 V=13.01V I=-0.013A bat=13.01V clean=0
[2026-04-04T06:33:20.589Z] [DB] INSERT log id=454 node=11-03-1-2-01 proto=MQTT
[2026-04-04T06:33:30.580Z] [MQTT] DATA seq=166 node=11-03-1-2-01 V=13.01V I=-0.04A bat=13.01V clean=0
[2026-04-04T06:33:30.589Z] [DB] INSERT log id=455 node=11-03-1-2-01 proto=MQTT
[2026-04-04T06:33:40.579Z] [MQTT] DATA seq=167 node=11-03-1-2-01 V=13.02V I=0.013A bat=13.02V clean=0
[2026-04-04T06:33:40.591Z] [DB] INSERT log id=456 node=11-03-1-2-01 proto=MQTT
[2026-04-04T06:33:50.580Z] [MQTT] DATA seq=168 node=11-03-1-2-01 V=13.01V I=0.013A bat=13.01V clean=0
[2026-04-04T06:33:50.591Z] [DB] INSERT log id=457 node=11-03-1-2-01 proto=MQTT
[2026-04-04T06:34:00.580Z] [MQTT] DATA seq=169 node=11-03-1-2-01 V=13.01V I=-0.04A bat=13.01V clean=0
[2026-04-04T06:34:00.590Z] [DB] INSERT log id=458 node=11-03-1-2-01 proto=MQTT
[2026-04-04T06:34:10.580Z] [MQTT] DATA seq=170 node=11-03-1-2-01 V=13.04V I=0.013A bat=13.04V clean=0
[2026-04-04T06:34:10.589Z] [DB] INSERT log id=459 node=11-03-1-2-01 proto=MQTT
[2026-04-04T06:34:20.579Z] [MQTT] DATA seq=171 node=11-03-1-2-01 V=13.01V I=-0.092A bat=13.01V clean=0
[2026-04-04T06:34:20.591Z] [DB] INSERT log id=460 node=11-03-1-2-01 proto=MQTT
[2026-04-04T06:34:30.580Z] [MQTT] DATA seq=172 node=11-03-1-2-01 V=13.01V I=0.092A bat=13.01V clean=0
[2026-04-04T06:34:30.590Z] [DB] INSERT log id=461 node=11-03-1-2-01 proto=MQTT
[2026-04-04T06:34:40.579Z] [MQTT] DATA seq=173 node=11-03-1-2-01 V=13.01V I=-0.066A bat=13.01V clean=0
[2026-04-04T06:34:40.589Z] [DB] INSERT log id=462 node=11-03-1-2-01 proto=MQTT
[2026-04-04T06:34:50.580Z] [MQTT] DATA seq=174 node=11-03-1-2-01 V=13.01V I=0.04A bat=13.01V clean=0
[2026-04-04T06:34:50.590Z] [DB] INSERT log id=463 node=11-03-1-2-01 proto=MQTT
[2026-04-04T06:35:00.579Z] [MQTT] DATA seq=175 node=11-03-1-2-01 V=13.01V I=0.013A bat=13.01V clean=0
[2026-04-04T06:35:00.588Z] [DB] INSERT log id=464 node=11-03-1-2-01 proto=MQTT
[2026-04-04T06:35:10.579Z] [MQTT] DATA seq=176 node=11-03-1-2-01 V=13.04V I=-0.013A bat=13.04V clean=0
[2026-04-04T06:35:10.589Z] [DB] INSERT log id=465 node=11-03-1-2-01 proto=MQTT
[2026-04-04T06:35:20.579Z] [MQTT] DATA seq=177 node=11-03-1-2-01 V=13.02V I=0.066A bat=13.02V clean=0
[2026-04-04T06:35:20.589Z] [DB] INSERT log id=466 node=11-03-1-2-01 proto=MQTT
[2026-04-04T06:35:30.579Z] [MQTT] DATA seq=178 node=11-03-1-2-01 V=13.03V I=0.013A bat=13.03V clean=0
[2026-04-04T06:35:30.589Z] [DB] INSERT log id=467 node=11-03-1-2-01 proto=MQTT
[2026-04-04T06:35:40.580Z] [MQTT] DATA seq=179 node=11-03-1-2-01 V=13.02V I=0.04A bat=13.02V clean=0
[2026-04-04T06:35:40.591Z] [DB] INSERT log id=468 node=11-03-1-2-01 proto=MQTT
[2026-04-04T06:35:50.580Z] [MQTT] DATA seq=180 node=11-03-1-2-01 V=13.01V I=0.013A bat=13.01V clean=0
[2026-04-04T06:35:50.591Z] [DB] INSERT log id=469 node=11-03-1-2-01 proto=MQTT
[2026-04-04T06:36:00.580Z] [MQTT] DATA seq=181 node=11-03-1-2-01 V=13.01V I=0.013A bat=13.01V clean=0
[2026-04-04T06:36:00.589Z] [DB] INSERT log id=470 node=11-03-1-2-01 proto=MQTT
[2026-04-04T06:36:10.580Z] [MQTT] DATA seq=182 node=11-03-1-2-01 V=13.01V I=-0.066A bat=13.01V clean=0
[2026-04-04T06:36:10.590Z] [DB] INSERT log id=471 node=11-03-1-2-01 proto=MQTT
[2026-04-04T06:36:20.579Z] [MQTT] DATA seq=183 node=11-03-1-2-01 V=13.01V I=-0.04A bat=13.01V clean=0
[2026-04-04T06:36:20.589Z] [DB] INSERT log id=472 node=11-03-1-2-01 proto=MQTT
[2026-04-04T06:36:30.579Z] [MQTT] DATA seq=184 node=11-03-1-2-01 V=13.02V I=0.013A bat=13.02V clean=0
[2026-04-04T06:36:30.589Z] [DB] INSERT log id=473 node=11-03-1-2-01 proto=MQTT
[2026-04-04T06:36:40.580Z] [MQTT] DATA seq=185 node=11-03-1-2-01 V=13.01V I=-0.013A bat=13.01V clean=0
[2026-04-04T06:36:40.590Z] [DB] INSERT log id=474 node=11-03-1-2-01 proto=MQTT
[2026-04-04T06:36:50.579Z] [MQTT] DATA seq=186 node=11-03-1-2-01 V=13.01V I=-0.013A bat=13.01V clean=0
[2026-04-04T06:36:50.589Z] [DB] INSERT log id=475 node=11-03-1-2-01 proto=MQTT
[2026-04-04T06:37:00.580Z] [MQTT] DATA seq=187 node=11-03-1-2-01 V=13.04V I=0.04A bat=13.04V clean=0
[2026-04-04T06:37:00.589Z] [DB] INSERT log id=476 node=11-03-1-2-01 proto=MQTT
[2026-04-04T06:37:10.580Z] [MQTT] DATA seq=188 node=11-03-1-2-01 V=13.04V I=0.04A bat=13.04V clean=0
[2026-04-04T06:37:10.590Z] [DB] INSERT log id=477 node=11-03-1-2-01 proto=MQTT
[2026-04-04T06:37:20.564Z] [MQTT] DATA seq=189 node=11-03-1-2-01 V=13.02V I=0.066A bat=13.02V clean=0
[2026-04-04T06:37:20.574Z] [DB] INSERT log id=478 node=11-03-1-2-01 proto=MQTT
[2026-04-04T06:37:30.565Z] [MQTT] DATA seq=190 node=11-03-1-2-01 V=13.02V I=-0.013A bat=13.02V clean=0
[2026-04-04T06:37:30.575Z] [DB] INSERT log id=479 node=11-03-1-2-01 proto=MQTT
[2026-04-04T06:37:40.564Z] [MQTT] DATA seq=191 node=11-03-1-2-01 V=13.02V I=0.066A bat=13.02V clean=0
[2026-04-04T06:37:40.573Z] [DB] INSERT log id=480 node=11-03-1-2-01 proto=MQTT
[2026-04-04T06:37:50.564Z] [MQTT] DATA seq=192 node=11-03-1-2-01 V=13.01V I=0.092A bat=13.01V clean=0
[2026-04-04T06:37:50.574Z] [DB] INSERT log id=481 node=11-03-1-2-01 proto=MQTT
[2026-04-04T06:38:00.564Z] [MQTT] DATA seq=193 node=11-03-1-2-01 V=13.01V I=0.04A bat=13.01V clean=0
[2026-04-04T06:38:00.576Z] [DB] INSERT log id=482 node=11-03-1-2-01 proto=MQTT
[2026-04-04T06:38:10.564Z] [MQTT] DATA seq=194 node=11-03-1-2-01 V=13.01V I=-0.013A bat=13.01V clean=0
[2026-04-04T06:38:10.573Z] [DB] INSERT log id=483 node=11-03-1-2-01 proto=MQTT
[2026-04-04T06:38:20.564Z] [MQTT] DATA seq=195 node=11-03-1-2-01 V=13.02V I=0.013A bat=13.02V clean=0
[2026-04-04T06:38:20.576Z] [DB] INSERT log id=484 node=11-03-1-2-01 proto=MQTT
[2026-04-04T06:38:30.568Z] [MQTT] DATA seq=196 node=11-03-1-2-01 V=13.02V I=0.04A bat=13.02V clean=0
[2026-04-04T06:38:30.578Z] [DB] INSERT log id=485 node=11-03-1-2-01 proto=MQTT
[2026-04-04T06:38:40.567Z] [MQTT] DATA seq=197 node=11-03-1-2-01 V=13.04V I=0.013A bat=13.04V clean=0
[2026-04-04T06:38:40.576Z] [DB] INSERT log id=486 node=11-03-1-2-01 proto=MQTT
[2026-04-04T06:38:50.568Z] [MQTT] DATA seq=198 node=11-03-1-2-01 V=13.01V I=-0.066A bat=13.01V clean=0
[2026-04-04T06:38:50.577Z] [DB] INSERT log id=487 node=11-03-1-2-01 proto=MQTT
[2026-04-04T06:39:00.567Z] [MQTT] DATA seq=199 node=11-03-1-2-01 V=13.01V I=0.013A bat=13.01V clean=0
[2026-04-04T06:39:00.576Z] [DB] INSERT log id=488 node=11-03-1-2-01 proto=MQTT
[2026-04-04T06:39:10.568Z] [MQTT] DATA seq=200 node=11-03-1-2-01 V=13.01V I=-0.066A bat=13.01V clean=0
[2026-04-04T06:39:10.577Z] [DB] INSERT log id=489 node=11-03-1-2-01 proto=MQTT
[2026-04-04T06:39:20.568Z] [MQTT] DATA seq=201 node=11-03-1-2-01 V=13.01V I=-0.04A bat=13.01V clean=0
[2026-04-04T06:39:20.584Z] [DB] INSERT log id=490 node=11-03-1-2-01 proto=MQTT
[2026-04-04T06:39:30.573Z] [MQTT] DATA seq=202 node=11-03-1-2-01 V=13.01V I=0.04A bat=13.01V clean=0
[2026-04-04T06:39:30.583Z] [DB] INSERT log id=491 node=11-03-1-2-01 proto=MQTT
[2026-04-04T06:39:40.574Z] [MQTT] DATA seq=203 node=11-03-1-2-01 V=13.04V I=0.04A bat=13.04V clean=0
[2026-04-04T06:39:40.584Z] [DB] INSERT log id=492 node=11-03-1-2-01 proto=MQTT
[2026-04-04T06:39:50.575Z] [MQTT] DATA seq=204 node=11-03-1-2-01 V=13.04V I=-0.013A bat=13.04V clean=0
[2026-04-04T06:39:50.584Z] [DB] INSERT log id=493 node=11-03-1-2-01 proto=MQTT
[2026-04-04T06:40:00.573Z] [MQTT] DATA seq=205 node=11-03-1-2-01 V=13.02V I=0.04A bat=13.02V clean=0
[2026-04-04T06:40:00.583Z] [DB] INSERT log id=494 node=11-03-1-2-01 proto=MQTT
[2026-04-04T06:40:10.574Z] [MQTT] DATA seq=206 node=11-03-1-2-01 V=13.01V I=0.04A bat=13.01V clean=0
[2026-04-04T06:40:10.584Z] [DB] INSERT log id=495 node=11-03-1-2-01 proto=MQTT
[2026-04-04T06:40:20.573Z] [MQTT] DATA seq=207 node=11-03-1-2-01 V=13.02V I=-0.04A bat=13.02V clean=0
[2026-04-04T06:40:20.572Z] [DB] INSERT log id=496 node=11-03-1-2-01 proto=MQTT
[2026-04-04T06:40:30.564Z] [MQTT] DATA seq=208 node=11-03-1-2-01 V=13.01V I=0.04A bat=13.01V clean=0
[2026-04-04T06:40:30.573Z] [DB] INSERT log id=497 node=11-03-1-2-01 proto=MQTT
[2026-04-04T06:40:40.565Z] [MQTT] DATA seq=209 node=11-03-1-2-01 V=13.01V I=0.04A bat=13.01V clean=0
[2026-04-04T06:40:40.574Z] [DB] INSERT log id=498 node=11-03-1-2-01 proto=MQTT
[2026-04-04T06:40:50.564Z] [MQTT] DATA seq=210 node=11-03-1-2-01 V=13.01V I=-0.04A bat=13.01V clean=0
[2026-04-04T06:40:50.576Z] [DB] INSERT log id=499 node=11-03-1-2-01 proto=MQTT
[2026-04-04T06:41:00.564Z] [MQTT] DATA seq=211 node=11-03-1-2-01 V=13.01V I=0.092A bat=13.01V clean=0
[2026-04-04T06:41:00.574Z] [DB] INSERT log id=500 node=11-03-1-2-01 proto=MQTT
[2026-04-04T06:41:10.565Z] [MQTT] DATA seq=212 node=11-03-1-2-01 V=13.02V I=-0.013A bat=13.02V clean=0
[2026-04-04T06:41:10.576Z] [DB] INSERT log id=501 node=11-03-1-2-01 proto=MQTT
[2026-04-04T06:41:20.564Z] [MQTT] DATA seq=213 node=11-03-1-2-01 V=13.04V I=0.092A bat=13.04V clean=0
[2026-04-04T06:41:20.576Z] [DB] INSERT log id=502 node=11-03-1-2-01 proto=MQTT
[2026-04-04T06:41:30.567Z] [MQTT] DATA seq=214 node=11-03-1-2-01 V=13.02V I=-0.066A bat=13.02V clean=0
[2026-04-04T06:41:30.577Z] [DB] INSERT log id=503 node=11-03-1-2-01 proto=MQTT
[2026-04-04T06:41:40.566Z] [MQTT] DATA seq=215 node=11-03-1-2-01 V=13.01V I=0.013A bat=13.01V clean=0
[2026-04-04T06:41:40.576Z] [DB] INSERT log id=504 node=11-03-1-2-01 proto=MQTT
[2026-04-04T06:41:50.566Z] [MQTT] DATA seq=216 node=11-03-1-2-01 V=13.04V I=0.092A bat=13.04V clean=0
[2026-04-04T06:41:50.577Z] [DB] INSERT log id=505 node=11-03-1-2-01 proto=MQTT
[2026-04-04T06:42:00.567Z] [MQTT] DATA seq=217 node=11-03-1-2-01 V=13.01V I=-0.013A bat=13.01V clean=0
[2026-04-04T06:42:00.576Z] [DB] INSERT log id=506 node=11-03-1-2-01 proto=MQTT
[2026-04-04T06:42:10.566Z] [MQTT] DATA seq=218 node=11-03-1-2-01 V=13.01V I=0.04A bat=13.01V clean=0
[2026-04-04T06:42:10.576Z] [DB] INSERT log id=507 node=11-03-1-2-01 proto=MQTT
[2026-04-04T06:42:20.566Z] [MQTT] DATA seq=219 node=11-03-1-2-01 V=13.01V I=-0.066A bat=13.01V clean=0
[2026-04-04T06:42:20.587Z] [DB] INSERT log id=508 node=11-03-1-2-01 proto=MQTT
[2026-04-04T06:42:30.580Z] [MQTT] DATA seq=220 node=11-03-1-2-01 V=13.02V I=0.04A bat=13.02V clean=0
[2026-04-04T06:42:30.590Z] [DB] INSERT log id=509 node=11-03-1-2-01 proto=MQTT
[2026-04-04T06:42:40.579Z] [MQTT] DATA seq=221 node=11-03-1-2-01 V=13.02V I=0.092A bat=13.02V clean=0
[2026-04-04T06:42:40.588Z] [DB] INSERT log id=510 node=11-03-1-2-01 proto=MQTT
[2026-04-04T06:42:50.579Z] [MQTT] DATA seq=222 node=11-03-1-2-01 V=13.04V I=-0.04A bat=13.04V clean=0
[2026-04-04T06:42:50.589Z] [DB] INSERT log id=511 node=11-03-1-2-01 proto=MQTT
[2026-04-04T06:43:00.579Z] [MQTT] DATA seq=223 node=11-03-1-2-01 V=13.01V I=-0.04A bat=13.01V clean=0
[2026-04-04T06:43:00.588Z] [DB] INSERT log id=512 node=11-03-1-2-01 proto=MQTT
[2026-04-04T06:43:10.579Z] [MQTT] DATA seq=224 node=11-03-1-2-01 V=13.02V I=0.013A bat=13.02V clean=0
[2026-04-04T06:43:10.588Z] [DB] INSERT log id=513 node=11-03-1-2-01 proto=MQTT
[2026-04-04T06:43:20.580Z] [MQTT] DATA seq=225 node=11-03-1-2-01 V=13.01V I=-0.04A bat=13.01V clean=0
[2026-04-04T06:43:20.583Z] [DB] INSERT log id=514 node=11-03-1-2-01 proto=MQTT
[2026-04-04T06:43:30.573Z] [MQTT] DATA seq=226 node=11-03-1-2-01 V=13.02V I=-0.013A bat=13.02V clean=0
[2026-04-04T06:43:30.583Z] [DB] INSERT log id=515 node=11-03-1-2-01 proto=MQTT
[2026-04-04T06:43:40.574Z] [MQTT] DATA seq=227 node=11-03-1-2-01 V=13.01V I=0.066A bat=13.01V clean=0
[2026-04-04T06:43:40.583Z] [DB] INSERT log id=516 node=11-03-1-2-01 proto=MQTT
[2026-04-04T06:43:50.574Z] [MQTT] DATA seq=228 node=11-03-1-2-01 V=13.01V I=0.013A bat=13.01V clean=0
[2026-04-04T06:43:50.582Z] [DB] INSERT log id=517 node=11-03-1-2-01 proto=MQTT
[2026-04-04T06:44:00.573Z] [MQTT] DATA seq=229 node=11-03-1-2-01 V=13.02V I=0.066A bat=13.02V clean=0
[2026-04-04T06:44:00.584Z] [DB] INSERT log id=518 node=11-03-1-2-01 proto=MQTT
[2026-04-04T06:44:10.573Z] [MQTT] DATA seq=230 node=11-03-1-2-01 V=13.02V I=-0.066A bat=13.02V clean=0
[2026-04-04T06:44:10.586Z] [DB] INSERT log id=519 node=11-03-1-2-01 proto=MQTT
[2026-04-04T06:44:20.573Z] [MQTT] DATA seq=231 node=11-03-1-2-01 V=13.04V I=0.04A bat=13.04V clean=0
[2026-04-04T06:44:20.587Z] [DB] INSERT log id=520 node=11-03-1-2-01 proto=MQTT
[2026-04-04T06:44:30.579Z] [MQTT] DATA seq=232 node=11-03-1-2-01 V=13.04V I=-0.013A bat=13.04V clean=0
[2026-04-04T06:44:30.590Z] [DB] INSERT log id=521 node=11-03-1-2-01 proto=MQTT
[2026-04-04T06:44:40.579Z] [MQTT] DATA seq=233 node=11-03-1-2-01 V=13.01V I=0.066A bat=13.01V clean=0
[2026-04-04T06:44:40.589Z] [DB] INSERT log id=522 node=11-03-1-2-01 proto=MQTT
[2026-04-04T06:44:50.579Z] [MQTT] DATA seq=234 node=11-03-1-2-01 V=13.01V I=0.013A bat=13.01V clean=0
[2026-04-04T06:44:50.589Z] [DB] INSERT log id=523 node=11-03-1-2-01 proto=MQTT
[2026-04-04T06:45:00.579Z] [MQTT] DATA seq=235 node=11-03-1-2-01 V=13.02V I=0.04A bat=13.02V clean=0
[2026-04-04T06:45:00.588Z] [DB] INSERT log id=524 node=11-03-1-2-01 proto=MQTT
[2026-04-04T06:45:10.579Z] [MQTT] DATA seq=236 node=11-03-1-2-01 V=13.01V I=0.013A bat=13.01V clean=0
[2026-04-04T06:45:10.588Z] [DB] INSERT log id=525 node=11-03-1-2-01 proto=MQTT
[2026-04-04T06:45:20.579Z] [MQTT] DATA seq=237 node=11-03-1-2-01 V=13.02V I=0.066A bat=13.02V clean=0
[2026-04-04T06:45:20.587Z] [DB] INSERT log id=526 node=11-03-1-2-01 proto=MQTT
[2026-04-04T06:45:30.579Z] [MQTT] DATA seq=238 node=11-03-1-2-01 V=13.01V I=-0.013A bat=13.01V clean=0
[2026-04-04T06:45:30.588Z] [DB] INSERT log id=527 node=11-03-1-2-01 proto=MQTT
[2026-04-04T06:45:40.578Z] [MQTT] DATA seq=239 node=11-03-1-2-01 V=13.02V I=0.066A bat=13.02V clean=0
[2026-04-04T06:45:40.588Z] [DB] INSERT log id=528 node=11-03-1-2-01 proto=MQTT
[2026-04-04T06:45:50.578Z] [MQTT] DATA seq=240 node=11-03-1-2-01 V=13.04V I=-0.013A bat=13.04V clean=0
[2026-04-04T06:45:50.587Z] [DB] INSERT log id=529 node=11-03-1-2-01 proto=MQTT
[2026-04-04T06:46:00.579Z] [MQTT] DATA seq=241 node=11-03-1-2-01 V=13.04V I=-0.013A bat=13.04V clean=0
[2026-04-04T06:46:00.588Z] [DB] INSERT log id=530 node=11-03-1-2-01 proto=MQTT
[2026-04-04T06:46:10.578Z] [MQTT] DATA seq=242 node=11-03-1-2-01 V=13.01V I=0.013A bat=13.01V clean=0
[2026-04-04T06:46:10.588Z] [DB] INSERT log id=531 node=11-03-1-2-01 proto=MQTT
[2026-04-04T06:46:20.578Z] [MQTT] DATA seq=243 node=11-03-1-2-01 V=13.01V I=-0.04A bat=13.01V clean=0
[2026-04-04T06:46:20.588Z] [DB] INSERT log id=532 node=11-03-1-2-01 proto=MQTT
[2026-04-04T06:46:30.579Z] [MQTT] DATA seq=244 node=11-03-1-2-01 V=13.02V I=0.066A bat=13.02V clean=0
[2026-04-04T06:46:30.588Z] [DB] INSERT log id=533 node=11-03-1-2-01 proto=MQTT
[2026-04-04T06:46:40.578Z] [MQTT] DATA seq=245 node=11-03-1-2-01 V=13.04V I=-0.066A bat=13.04V clean=0
[2026-04-04T06:46:40.588Z] [DB] INSERT log id=534 node=11-03-1-2-01 proto=MQTT
[2026-04-04T06:46:50.578Z] [MQTT] DATA seq=246 node=11-03-1-2-01 V=13.01V I=-0.04A bat=13.01V clean=0
[2026-04-04T06:46:50.587Z] [DB] INSERT log id=535 node=11-03-1-2-01 proto=MQTT
[2026-04-04T06:47:00.578Z] [MQTT] DATA seq=247 node=11-03-1-2-01 V=13.02V I=0.013A bat=13.02V clean=0
[2026-04-04T06:47:00.587Z] [DB] INSERT log id=536 node=11-03-1-2-01 proto=MQTT
[2026-04-04T06:47:10.578Z] [MQTT] DATA seq=248 node=11-03-1-2-01 V=13.01V I=-0.04A bat=13.01V clean=0
[2026-04-04T06:47:10.588Z] [DB] INSERT log id=537 node=11-03-1-2-01 proto=MQTT
[2026-04-04T06:47:20.578Z] [MQTT] DATA seq=249 node=11-03-1-2-01 V=13.01V I=-0.013A bat=13.01V clean=0
[2026-04-04T06:47:20.587Z] [DB] INSERT log id=538 node=11-03-1-2-01 proto=MQTT
[2026-04-04T06:47:30.578Z] [MQTT] DATA seq=250 node=11-03-1-2-01 V=13.01V I=-0.04A bat=13.01V clean=0
[2026-04-04T06:47:30.588Z] [DB] INSERT log id=539 node=11-03-1-2-01 proto=MQTT
[2026-04-04T06:47:40.578Z] [MQTT] DATA seq=251 node=11-03-1-2-01 V=13.04V I=0.119A bat=13.04V clean=0
[2026-04-04T06:47:40.588Z] [DB] INSERT log id=540 node=11-03-1-2-01 proto=MQTT
[2026-04-04T06:47:50.579Z] [MQTT] DATA seq=252 node=11-03-1-2-01 V=13.02V I=0.04A bat=13.02V clean=0
[2026-04-04T06:47:50.587Z] [DB] INSERT log id=541 node=11-03-1-2-01 proto=MQTT
[2026-04-04T06:48:00.578Z] [MQTT] DATA seq=253 node=11-03-1-2-01 V=13.01V I=-0.013A bat=13.01V clean=0
[2026-04-04T06:48:00.587Z] [DB] INSERT log id=542 node=11-03-1-2-01 proto=MQTT
[2026-04-04T06:48:10.578Z] [MQTT] DATA seq=254 node=11-03-1-2-01 V=13.04V I=0.04A bat=13.04V clean=0
[2026-04-04T06:48:10.588Z] [DB] INSERT log id=543 node=11-03-1-2-01 proto=MQTT
[2026-04-04T06:48:20.577Z] [MQTT] DATA seq=255 node=11-03-1-2-01 V=13.04V I=0.013A bat=13.04V clean=0
[2026-04-04T06:48:20.586Z] [DB] INSERT log id=544 node=11-03-1-2-01 proto=MQTT
[2026-04-04T06:48:30.578Z] [MQTT] DATA seq=256 node=11-03-1-2-01 V=13.01V I=0.04A bat=13.01V clean=0
[2026-04-04T06:48:30.589Z] [DB] INSERT log id=545 node=11-03-1-2-01 proto=MQTT
[2026-04-04T06:48:40.579Z] [MQTT] DATA seq=257 node=11-03-1-2-01 V=13.04V I=0.066A bat=13.04V clean=0
[2026-04-04T06:48:40.589Z] [DB] INSERT log id=546 node=11-03-1-2-01 proto=MQTT
[2026-04-04T06:48:50.578Z] [MQTT] DATA seq=258 node=11-03-1-2-01 V=13.01V I=0.04A bat=13.01V clean=0
[2026-04-04T06:48:50.587Z] [DB] INSERT log id=547 node=11-03-1-2-01 proto=MQTT
[2026-04-04T06:49:00.579Z] [MQTT] DATA seq=259 node=11-03-1-2-01 V=13.02V I=0.119A bat=13.02V clean=0
[2026-04-04T06:49:00.590Z] [DB] INSERT log id=548 node=11-03-1-2-01 proto=MQTT
[2026-04-04T06:49:10.579Z] [MQTT] DATA seq=260 node=11-03-1-2-01 V=13.01V I=-0.066A bat=13.01V clean=0
[2026-04-04T06:49:10.589Z] [DB] INSERT log id=549 node=11-03-1-2-01 proto=MQTT
[2026-04-04T06:49:20.578Z] [MQTT] DATA seq=261 node=11-03-1-2-01 V=13.02V I=-0.119A bat=13.02V clean=0
[2026-04-04T06:49:20.587Z] [DB] INSERT log id=550 node=11-03-1-2-01 proto=MQTT
[2026-04-04T06:49:30.580Z] [MQTT] DATA seq=262 node=11-03-1-2-01 V=13.04V I=-0.013A bat=13.04V clean=0
[2026-04-04T06:49:30.589Z] [DB] INSERT log id=551 node=11-03-1-2-01 proto=MQTT
[2026-04-04T06:49:40.578Z] [MQTT] DATA seq=263 node=11-03-1-2-01 V=13.01V I=0.066A bat=13.01V clean=0
[2026-04-04T06:49:40.587Z] [DB] INSERT log id=552 node=11-03-1-2-01 proto=MQTT
[2026-04-04T06:49:50.579Z] [MQTT] DATA seq=264 node=11-03-1-2-01 V=13.02V I=-0.04A bat=13.02V clean=0
[2026-04-04T06:49:50.588Z] [DB] INSERT log id=553 node=11-03-1-2-01 proto=MQTT
[2026-04-04T06:50:00.579Z] [MQTT] DATA seq=265 node=11-03-1-2-01 V=13.04V I=-0.04A bat=13.04V clean=0
[2026-04-04T06:50:00.589Z] [DB] INSERT log id=554 node=11-03-1-2-01 proto=MQTT
[2026-04-04T06:50:10.579Z] [MQTT] DATA seq=266 node=11-03-1-2-01 V=13.01V I=-0.092A bat=13.01V clean=0
[2026-04-04T06:50:10.589Z] [DB] INSERT log id=555 node=11-03-1-2-01 proto=MQTT
[2026-04-04T06:50:20.579Z] [MQTT] DATA seq=267 node=11-03-1-2-01 V=13.04V I=0.013A bat=13.04V clean=0
[2026-04-04T06:50:20.589Z] [DB] INSERT log id=556 node=11-03-1-2-01 proto=MQTT
[2026-04-04T06:50:30.578Z] [MQTT] DATA seq=268 node=11-03-1-2-01 V=13.04V I=0.013A bat=13.04V clean=0
[2026-04-04T06:50:30.588Z] [DB] INSERT log id=557 node=11-03-1-2-01 proto=MQTT
[2026-04-04T06:50:40.577Z] [MQTT] DATA seq=269 node=11-03-1-2-01 V=13.01V I=-0.04A bat=13.01V clean=0
[2026-04-04T06:50:40.587Z] [DB] INSERT log id=558 node=11-03-1-2-01 proto=MQTT
[2026-04-04T06:50:50.578Z] [MQTT] DATA seq=270 node=11-03-1-2-01 V=13.01V I=-0.04A bat=13.01V clean=0
[2026-04-04T06:50:50.587Z] [DB] INSERT log id=559 node=11-03-1-2-01 proto=MQTT
[2026-04-04T06:51:00.577Z] [MQTT] DATA seq=271 node=11-03-1-2-01 V=13.01V I=0.066A bat=13.01V clean=0
[2026-04-04T06:51:00.586Z] [DB] INSERT log id=560 node=11-03-1-2-01 proto=MQTT
[2026-04-04T06:51:10.578Z] [MQTT] DATA seq=272 node=11-03-1-2-01 V=13.01V I=-0.04A bat=13.01V clean=0
[2026-04-04T06:51:10.587Z] [DB] INSERT log id=561 node=11-03-1-2-01 proto=MQTT
[2026-04-04T06:51:20.578Z] [MQTT] DATA seq=273 node=11-03-1-2-01 V=13.02V I=0.013A bat=13.02V clean=0
[2026-04-04T06:51:20.587Z] [DB] INSERT log id=562 node=11-03-1-2-01 proto=MQTT
[2026-04-04T06:51:30.578Z] [MQTT] DATA seq=274 node=11-03-1-2-01 V=13.02V I=-0.066A bat=13.02V clean=0
[2026-04-04T06:51:30.587Z] [DB] INSERT log id=563 node=11-03-1-2-01 proto=MQTT
[2026-04-04T06:51:40.578Z] [MQTT] DATA seq=275 node=11-03-1-2-01 V=13.04V I=-0.04A bat=13.04V clean=0
[2026-04-04T06:51:40.588Z] [DB] INSERT log id=564 node=11-03-1-2-01 proto=MQTT
[2026-04-04T06:51:50.579Z] [MQTT] DATA seq=276 node=11-03-1-2-01 V=13.02V I=0.092A bat=13.02V clean=0
[2026-04-04T06:51:50.589Z] [DB] INSERT log id=565 node=11-03-1-2-01 proto=MQTT
[2026-04-04T06:52:00.578Z] [MQTT] DATA seq=277 node=11-03-1-2-01 V=13.04V I=0.013A bat=13.04V clean=0
[2026-04-04T06:52:00.587Z] [DB] INSERT log id=566 node=11-03-1-2-01 proto=MQTT
[2026-04-04T06:52:10.579Z] [MQTT] DATA seq=278 node=11-03-1-2-01 V=13.01V I=-0.04A bat=13.01V clean=0
[2026-04-04T06:52:10.589Z] [DB] INSERT log id=567 node=11-03-1-2-01 proto=MQTT
[2026-04-04T06:52:20.578Z] [MQTT] DATA seq=279 node=11-03-1-2-01 V=13.02V I=-0.04A bat=13.02V clean=0
[2026-04-04T06:52:20.589Z] [DB] INSERT log id=568 node=11-03-1-2-01 proto=MQTT
[2026-04-04T06:52:30.578Z] [MQTT] DATA seq=280 node=11-03-1-2-01 V=13.01V I=0.092A bat=13.01V clean=0
[2026-04-04T06:52:30.588Z] [DB] INSERT log id=569 node=11-03-1-2-01 proto=MQTT
[2026-04-04T06:52:40.579Z] [MQTT] DATA seq=281 node=11-03-1-2-01 V=13.04V I=0.066A bat=13.04V clean=0
[2026-04-04T06:52:40.589Z] [DB] INSERT log id=570 node=11-03-1-2-01 proto=MQTT
[2026-04-04T06:52:50.578Z] [MQTT] DATA seq=282 node=11-03-1-2-01 V=13.04V I=-0.04A bat=13.04V clean=0
[2026-04-04T06:52:50.588Z] [DB] INSERT log id=571 node=11-03-1-2-01 proto=MQTT
[2026-04-04T06:53:00.578Z] [MQTT] DATA seq=283 node=11-03-1-2-01 V=13.04V I=-0.066A bat=13.04V clean=0
[2026-04-04T06:53:00.588Z] [DB] INSERT log id=572 node=11-03-1-2-01 proto=MQTT
[2026-04-04T06:53:10.579Z] [MQTT] DATA seq=284 node=11-03-1-2-01 V=13.02V I=-0.119A bat=13.02V clean=0
[2026-04-04T06:53:10.587Z] [DB] INSERT log id=573 node=11-03-1-2-01 proto=MQTT
[2026-04-04T06:53:20.579Z] [MQTT] DATA seq=285 node=11-03-1-2-01 V=13.03V I=-0.066A bat=13.03V clean=0
[2026-04-04T06:53:20.588Z] [DB] INSERT log id=574 node=11-03-1-2-01 proto=MQTT
[2026-04-04T06:53:30.579Z] [MQTT] DATA seq=286 node=11-03-1-2-01 V=13.02V I=0.04A bat=13.02V clean=0
[2026-04-04T06:53:30.589Z] [DB] INSERT log id=575 node=11-03-1-2-01 proto=MQTT
[2026-04-04T06:53:40.578Z] [MQTT] DATA seq=287 node=11-03-1-2-01 V=13.04V I=-0.013A bat=13.04V clean=0
[2026-04-04T06:53:40.589Z] [DB] INSERT log id=576 node=11-03-1-2-01 proto=MQTT
[2026-04-04T06:53:50.579Z] [MQTT] DATA seq=288 node=11-03-1-2-01 V=13.01V I=0.013A bat=13.01V clean=0
[2026-04-04T06:53:50.588Z] [DB] INSERT log id=577 node=11-03-1-2-01 proto=MQTT
[2026-04-04T06:54:00.579Z] [MQTT] DATA seq=289 node=11-03-1-2-01 V=13.02V I=0.013A bat=13.02V clean=0
[2026-04-04T06:54:00.589Z] [DB] INSERT log id=578 node=11-03-1-2-01 proto=MQTT
[2026-04-04T06:54:10.578Z] [MQTT] DATA seq=290 node=11-03-1-2-01 V=13.02V I=-0.04A bat=13.02V clean=0
[2026-04-04T06:54:10.585Z] [DB] INSERT log id=579 node=11-03-1-2-01 proto=MQTT
[2026-04-04T06:54:20.578Z] [MQTT] DATA seq=291 node=11-03-1-2-01 V=13.03V I=0.04A bat=13.03V clean=0
[2026-04-04T06:54:20.589Z] [DB] INSERT log id=580 node=11-03-1-2-01 proto=MQTT
[2026-04-04T06:54:30.579Z] [MQTT] DATA seq=292 node=11-03-1-2-01 V=12.91V I=0.066A bat=12.91V clean=0
[2026-04-04T06:54:30.590Z] [DB] INSERT log id=581 node=11-03-1-2-01 proto=MQTT
[2026-04-04T06:54:40.579Z] [MQTT] DATA seq=293 node=11-03-1-2-01 V=13.02V I=0.013A bat=13.02V clean=0
[2026-04-04T06:54:40.589Z] [DB] INSERT log id=582 node=11-03-1-2-01 proto=MQTT
[2026-04-04T06:54:50.579Z] [MQTT] DATA seq=294 node=11-03-1-2-01 V=13.01V I=0.066A bat=13.01V clean=0
[2026-04-04T06:54:50.589Z] [DB] INSERT log id=583 node=11-03-1-2-01 proto=MQTT
[2026-04-04T06:54:55.435Z] [MQTT] Disconnected: PV_11-03-1-2-01
[2026-04-04T06:54:55.436Z] [MQTT] Connected: PV_11-03-1-2-01
[2026-04-04T06:54:55.942Z] [MQTT] TIME sync → cmd/11-03-1-2-01: TIME|14:54
[2026-04-04T06:55:05.440Z] [MQTT] DATA seq=1 node=11-03-1-2-01 V=13.02V I=0.119A bat=13.02V clean=0
[2026-04-04T06:55:05.450Z] [DB] INSERT log id=584 node=11-03-1-2-01 proto=MQTT
[2026-04-04T06:55:15.441Z] [MQTT] DATA seq=2 node=11-03-1-2-01 V=13.01V I=-0.066A bat=13.01V clean=0
[2026-04-04T06:55:15.449Z] [DB] INSERT log id=585 node=11-03-1-2-01 proto=MQTT
[2026-04-04T06:55:24.843Z] [MQTT] Disconnected: PV_11-03-1-2-01
[2026-04-04T06:55:25.047Z] [MQTT] Connected: PV_11-03-1-2-01
[2026-04-04T06:55:25.551Z] [MQTT] TIME sync → cmd/11-03-1-2-01: TIME|14:55
[2026-04-04T06:55:35.053Z] [MQTT] DATA seq=1 node=11-03-1-2-01 V=12.99V I=-0.092A bat=12.99V clean=0
[2026-04-04T06:55:35.062Z] [DB] INSERT log id=586 node=11-03-1-2-01 proto=MQTT
[2026-04-04T06:55:45.052Z] [MQTT] DATA seq=2 node=11-03-1-2-01 V=12.98V I=0.013A bat=12.98V clean=0
[2026-04-04T06:55:45.061Z] [DB] INSERT log id=587 node=11-03-1-2-01 proto=MQTT
[2026-04-04T06:55:55.053Z] [MQTT] DATA seq=3 node=11-03-1-2-01 V=12.84V I=0.172A bat=12.84V clean=0
[2026-04-04T06:55:55.063Z] [DB] INSERT log id=588 node=11-03-1-2-01 proto=MQTT
[2026-04-04T06:56:05.053Z] [MQTT] DATA seq=4 node=11-03-1-2-01 V=12.87V I=0.172A bat=12.87V clean=0
[2026-04-04T06:56:05.062Z] [DB] INSERT log id=589 node=11-03-1-2-01 proto=MQTT
[2026-04-04T06:56:15.053Z] [MQTT] DATA seq=5 node=11-03-1-2-01 V=12.85V I=0.198A bat=12.85V clean=0
[2026-04-04T06:56:15.062Z] [DB] INSERT log id=590 node=11-03-1-2-01 proto=MQTT
[2026-04-04T06:56:25.053Z] [MQTT] DATA seq=6 node=11-03-1-2-01 V=12.86V I=0.119A bat=12.86V clean=0
[2026-04-04T06:56:25.061Z] [DB] INSERT log id=591 node=11-03-1-2-01 proto=MQTT
[2026-04-04T06:56:35.052Z] [MQTT] DATA seq=7 node=11-03-1-2-01 V=12.84V I=0.172A bat=12.84V clean=0
[2026-04-04T06:56:35.059Z] [DB] INSERT log id=592 node=11-03-1-2-01 proto=MQTT
[2026-04-04T06:56:45.053Z] [MQTT] DATA seq=8 node=11-03-1-2-01 V=12.85V I=0.172A bat=12.85V clean=0
[2026-04-04T06:56:45.061Z] [DB] INSERT log id=593 node=11-03-1-2-01 proto=MQTT
[2026-04-04T06:56:55.053Z] [MQTT] DATA seq=9 node=11-03-1-2-01 V=12.85V I=0.145A bat=12.85V clean=0
[2026-04-04T06:56:55.066Z] [DB] INSERT log id=594 node=11-03-1-2-01 proto=MQTT
[2026-04-04T06:57:05.052Z] [MQTT] DATA seq=10 node=11-03-1-2-01 V=12.87V I=0.119A bat=12.87V clean=0
[2026-04-04T06:57:05.065Z] [DB] INSERT log id=595 node=11-03-1-2-01 proto=MQTT
[2026-04-04T06:57:15.053Z] [MQTT] DATA seq=11 node=11-03-1-2-01 V=12.84V I=0.066A bat=12.84V clean=0
[2026-04-04T06:57:15.067Z] [DB] INSERT log id=596 node=11-03-1-2-01 proto=MQTT
[2026-04-04T06:57:25.053Z] [MQTT] DATA seq=12 node=11-03-1-2-01 V=12.87V I=0.092A bat=12.87V clean=0
[2026-04-04T06:57:25.067Z] [DB] INSERT log id=597 node=11-03-1-2-01 proto=MQTT
[2026-04-04T06:57:35.052Z] [MQTT] DATA seq=13 node=11-03-1-2-01 V=12.84V I=0.172A bat=12.84V clean=0
[2026-04-04T06:57:35.066Z] [DB] INSERT log id=598 node=11-03-1-2-01 proto=MQTT
[2026-04-04T06:57:45.053Z] [MQTT] DATA seq=14 node=11-03-1-2-01 V=12.87V I=0.119A bat=12.87V clean=0
[2026-04-04T06:57:45.067Z] [DB] INSERT log id=599 node=11-03-1-2-01 proto=MQTT
[2026-04-04T06:57:55.052Z] [MQTT] DATA seq=15 node=11-03-1-2-01 V=12.87V I=0.198A bat=12.87V clean=0
[2026-04-04T06:57:55.066Z] [DB] INSERT log id=600 node=11-03-1-2-01 proto=MQTT
[2026-04-04T06:58:05.053Z] [MQTT] DATA seq=16 node=11-03-1-2-01 V=12.85V I=0.04A bat=12.85V clean=0
[2026-04-04T06:58:05.066Z] [DB] INSERT log id=601 node=11-03-1-2-01 proto=MQTT
[2026-04-04T06:58:15.054Z] [MQTT] DATA seq=17 node=11-03-1-2-01 V=12.84V I=0.092A bat=12.84V clean=0
[2026-04-04T06:58:15.066Z] [DB] INSERT log id=602 node=11-03-1-2-01 proto=MQTT
[2026-04-04T06:58:25.052Z] [MQTT] DATA seq=18 node=11-03-1-2-01 V=12.85V I=0.092A bat=12.85V clean=0
[2026-04-04T06:58:25.065Z] [DB] INSERT log id=603 node=11-03-1-2-01 proto=MQTT
[2026-04-04T06:58:35.053Z] [MQTT] DATA seq=19 node=11-03-1-2-01 V=12.84V I=0.119A bat=12.84V clean=0
[2026-04-04T06:58:35.065Z] [DB] INSERT log id=604 node=11-03-1-2-01 proto=MQTT
[2026-04-04T06:58:45.053Z] [MQTT] DATA seq=20 node=11-03-1-2-01 V=12.84V I=0.251A bat=12.84V clean=0
[2026-04-04T06:58:45.066Z] [DB] INSERT log id=605 node=11-03-1-2-01 proto=MQTT
[2026-04-04T06:58:55.052Z] [MQTT] DATA seq=21 node=11-03-1-2-01 V=12.85V I=0.04A bat=12.85V clean=0
[2026-04-04T06:58:55.069Z] [DB] INSERT log id=606 node=11-03-1-2-01 proto=MQTT
[2026-04-04T06:59:05.052Z] [MQTT] DATA seq=22 node=11-03-1-2-01 V=12.86V I=0.145A bat=12.86V clean=0
[2026-04-04T06:59:05.066Z] [DB] INSERT log id=607 node=11-03-1-2-01 proto=MQTT
[2026-04-04T06:59:15.052Z] [MQTT] DATA seq=23 node=11-03-1-2-01 V=12.84V I=0.225A bat=12.84V clean=0
[2026-04-04T06:59:15.067Z] [DB] INSERT log id=608 node=11-03-1-2-01 proto=MQTT
[2026-04-04T06:59:25.053Z] [MQTT] DATA seq=24 node=11-03-1-2-01 V=12.86V I=0.092A bat=12.86V clean=0
[2026-04-04T06:59:25.066Z] [DB] INSERT log id=609 node=11-03-1-2-01 proto=MQTT
[2026-04-04T06:59:35.052Z] [MQTT] DATA seq=25 node=11-03-1-2-01 V=12.84V I=0.172A bat=12.84V clean=0
[2026-04-04T06:59:35.066Z] [DB] INSERT log id=610 node=11-03-1-2-01 proto=MQTT
[2026-04-04T06:59:45.052Z] [MQTT] DATA seq=26 node=11-03-1-2-01 V=12.84V I=0.145A bat=12.84V clean=0
[2026-04-04T06:59:45.068Z] [DB] INSERT log id=611 node=11-03-1-2-01 proto=MQTT
[2026-04-04T06:59:55.052Z] [MQTT] DATA seq=27 node=11-03-1-2-01 V=12.84V I=0.172A bat=12.84V clean=0
[2026-04-04T06:59:55.066Z] [DB] INSERT log id=612 node=11-03-1-2-01 proto=MQTT
[2026-04-04T07:00:05.054Z] [MQTT] DATA seq=28 node=11-03-1-2-01 V=12.84V I=0.172A bat=12.84V clean=0
[2026-04-04T07:00:05.065Z] [DB] INSERT log id=613 node=11-03-1-2-01 proto=MQTT
[2026-04-04T07:00:15.052Z] [MQTT] DATA seq=29 node=11-03-1-2-01 V=12.86V I=0.172A bat=12.86V clean=0
[2026-04-04T07:00:15.066Z] [DB] INSERT log id=614 node=11-03-1-2-01 proto=MQTT
[2026-04-04T07:00:25.053Z] [MQTT] DATA seq=30 node=11-03-1-2-01 V=12.82V I=0.092A bat=12.82V clean=0
[2026-04-04T07:00:25.064Z] [DB] INSERT log id=615 node=11-03-1-2-01 proto=MQTT
[2026-04-04T07:00:35.051Z] [MQTT] DATA seq=31 node=11-03-1-2-01 V=12.82V I=0.145A bat=12.82V clean=0
[2026-04-04T07:00:35.060Z] [DB] INSERT log id=616 node=11-03-1-2-01 proto=MQTT
[2026-04-04T07:00:45.052Z] [MQTT] DATA seq=32 node=11-03-1-2-01 V=12.83V I=0.119A bat=12.83V clean=0
[2026-04-04T07:00:45.061Z] [DB] INSERT log id=617 node=11-03-1-2-01 proto=MQTT
[2026-04-04T07:00:54.962Z] [TCP] Connected: ::ffff:10.4.119.240:49154
[2026-04-04T07:00:55.051Z] [TCP] DATA seq=33 node=11-03-1-2-01 V=12.88V I=0.172A bat=12.88V clean=0
[2026-04-04T07:00:55.052Z] [DB_ERR] upsertLastProto: Data too long for column 'tcp_addr' at row 1
[2026-04-04T07:00:55.060Z] [DB] INSERT log id=618 node=11-03-1-2-01 proto=TCP/IP
[2026-04-04T07:01:05.050Z] [TCP] DATA seq=34 node=11-03-1-2-01 V=12.84V I=0.198A bat=12.84V clean=0
[2026-04-04T07:01:05.051Z] [DB_ERR] upsertLastProto: Data too long for column 'tcp_addr' at row 1
[2026-04-04T07:01:05.061Z] [DB] INSERT log id=619 node=11-03-1-2-01 proto=TCP/IP
[2026-04-04T07:01:15.050Z] [TCP] DATA seq=35 node=11-03-1-2-01 V=12.87V I=0.145A bat=12.87V clean=0
[2026-04-04T07:01:15.052Z] [DB_ERR] upsertLastProto: Data too long for column 'tcp_addr' at row 1
[2026-04-04T07:01:15.064Z] [DB] INSERT log id=620 node=11-03-1-2-01 proto=TCP/IP
[2026-04-04T07:01:25.051Z] [TCP] DATA seq=36 node=11-03-1-2-01 V=12.86V I=0.225A bat=12.86V clean=0
[2026-04-04T07:01:25.053Z] [DB_ERR] upsertLastProto: Data too long for column 'tcp_addr' at row 1
[2026-04-04T07:01:25.062Z] [DB] INSERT log id=621 node=11-03-1-2-01 proto=TCP/IP
[2026-04-04T07:01:30.056Z] [MQTT] Disconnected: PV_11-03-1-2-01
[2026-04-04T07:01:35.050Z] [TCP] DATA seq=37 node=11-03-1-2-01 V=12.85V I=0.251A bat=12.85V clean=0
[2026-04-04T07:01:35.053Z] [DB_ERR] upsertLastProto: Data too long for column 'tcp_addr' at row 1
[2026-04-04T07:01:35.063Z] [DB] INSERT log id=622 node=11-03-1-2-01 proto=TCP/IP
[2026-04-04T07:01:43.588Z] [MQTT] Connected: PV_11-03-1-2-01
[2026-04-04T07:01:44.090Z] [MQTT] TIME sync → cmd/11-03-1-2-01: TIME|15:01
[2026-04-04T07:01:45.052Z] [MQTT] DATA seq=38 node=11-03-1-2-01 V=12.87V I=0.172A bat=12.87V clean=0
[2026-04-04T07:01:45.065Z] [DB] INSERT log id=623 node=11-03-1-2-01 proto=MQTT
[2026-04-04T07:01:55.052Z] [MQTT] DATA seq=39 node=11-03-1-2-01 V=12.86V I=0.225A bat=12.86V clean=0
[2026-04-04T07:01:55.064Z] [DB] INSERT log id=624 node=11-03-1-2-01 proto=MQTT
[2026-04-04T07:02:05.052Z] [MQTT] DATA seq=40 node=11-03-1-2-01 V=12.85V I=0.145A bat=12.85V clean=0
[2026-04-04T07:02:05.066Z] [DB] INSERT log id=625 node=11-03-1-2-01 proto=MQTT
[2026-04-04T07:02:15.052Z] [MQTT] DATA seq=41 node=11-03-1-2-01 V=12.87V I=0.119A bat=12.87V clean=0
[2026-04-04T07:02:15.065Z] [DB] INSERT log id=626 node=11-03-1-2-01 proto=MQTT
[2026-04-04T07:02:25.052Z] [MQTT] DATA seq=42 node=11-03-1-2-01 V=12.85V I=0.172A bat=12.85V clean=0
[2026-04-04T07:02:25.064Z] [DB] INSERT log id=627 node=11-03-1-2-01 proto=MQTT
[2026-04-04T07:02:35.052Z] [MQTT] DATA seq=43 node=11-03-1-2-01 V=12.84V I=0.198A bat=12.84V clean=0
[2026-04-04T07:02:35.066Z] [DB] INSERT log id=628 node=11-03-1-2-01 proto=MQTT
[2026-04-04T07:02:45.052Z] [MQTT] DATA seq=44 node=11-03-1-2-01 V=12.87V I=0.119A bat=12.87V clean=0
[2026-04-04T07:02:45.066Z] [DB] INSERT log id=629 node=11-03-1-2-01 proto=MQTT
[2026-04-04T07:02:55.051Z] [MQTT] DATA seq=45 node=11-03-1-2-01 V=12.86V I=0.145A bat=12.86V clean=0
[2026-04-04T07:02:55.065Z] [DB] INSERT log id=630 node=11-03-1-2-01 proto=MQTT
[2026-04-04T07:03:05.052Z] [MQTT] DATA seq=46 node=11-03-1-2-01 V=12.84V I=0.119A bat=12.84V clean=0
[2026-04-04T07:03:05.061Z] [DB] INSERT log id=631 node=11-03-1-2-01 proto=MQTT
[2026-04-04T07:03:15.051Z] [MQTT] DATA seq=47 node=11-03-1-2-01 V=12.84V I=0.172A bat=12.84V clean=0
[2026-04-04T07:03:15.060Z] [DB] INSERT log id=632 node=11-03-1-2-01 proto=MQTT
[2026-04-04T07:03:25.052Z] [MQTT] DATA seq=48 node=11-03-1-2-01 V=12.85V I=0.172A bat=12.85V clean=0
[2026-04-04T07:03:25.061Z] [DB] INSERT log id=633 node=11-03-1-2-01 proto=MQTT
[2026-04-04T07:03:35.052Z] [MQTT] DATA seq=49 node=11-03-1-2-01 V=12.84V I=0.198A bat=12.84V clean=0
[2026-04-04T07:03:35.061Z] [DB] INSERT log id=634 node=11-03-1-2-01 proto=MQTT
[2026-04-04T07:03:45.051Z] [MQTT] DATA seq=50 node=11-03-1-2-01 V=12.85V I=0.251A bat=12.85V clean=0
[2026-04-04T07:03:45.058Z] [DB] INSERT log id=635 node=11-03-1-2-01 proto=MQTT
[2026-04-04T07:03:55.052Z] [MQTT] DATA seq=51 node=11-03-1-2-01 V=12.84V I=0.198A bat=12.84V clean=0
[2026-04-04T07:03:55.061Z] [DB] INSERT log id=636 node=11-03-1-2-01 proto=MQTT
[2026-04-04T07:04:05.052Z] [MQTT] DATA seq=52 node=11-03-1-2-01 V=12.85V I=0.198A bat=12.85V clean=0
[2026-04-04T07:04:05.062Z] [DB] INSERT log id=637 node=11-03-1-2-01 proto=MQTT
[2026-04-04T07:04:15.052Z] [MQTT] DATA seq=53 node=11-03-1-2-01 V=12.84V I=0.172A bat=12.84V clean=0
[2026-04-04T07:04:15.064Z] [DB] INSERT log id=638 node=11-03-1-2-01 proto=MQTT
[2026-04-04T07:04:25.052Z] [MQTT] DATA seq=54 node=11-03-1-2-01 V=12.84V I=0.119A bat=12.84V clean=0
[2026-04-04T07:04:25.059Z] [DB] INSERT log id=639 node=11-03-1-2-01 proto=MQTT
[2026-04-04T07:04:35.051Z] [MQTT] DATA seq=55 node=11-03-1-2-01 V=12.87V I=0.198A bat=12.87V clean=0
[2026-04-04T07:04:35.059Z] [DB] INSERT log id=640 node=11-03-1-2-01 proto=MQTT
[2026-04-04T07:04:45.051Z] [MQTT] DATA seq=56 node=11-03-1-2-01 V=12.84V I=0.225A bat=12.84V clean=0
[2026-04-04T07:04:45.060Z] [DB] INSERT log id=641 node=11-03-1-2-01 proto=MQTT
[2026-04-04T07:04:55.052Z] [MQTT] DATA seq=57 node=11-03-1-2-01 V=12.85V I=0.013A bat=12.85V clean=0
[2026-04-04T07:04:55.062Z] [DB] INSERT log id=642 node=11-03-1-2-01 proto=MQTT
[2026-04-04T07:05:05.051Z] [MQTT] DATA seq=58 node=11-03-1-2-01 V=12.85V I=0.251A bat=12.85V clean=0
[2026-04-04T07:05:05.062Z] [DB] INSERT log id=643 node=11-03-1-2-01 proto=MQTT
[2026-04-04T07:05:15.051Z] [MQTT] DATA seq=59 node=11-03-1-2-01 V=12.84V I=0.092A bat=12.84V clean=0
[2026-04-04T07:05:15.060Z] [DB] INSERT log id=644 node=11-03-1-2-01 proto=MQTT
[2026-04-04T07:05:25.052Z] [MQTT] DATA seq=60 node=11-03-1-2-01 V=12.84V I=0.119A bat=12.84V clean=0
[2026-04-04T07:05:25.061Z] [DB] INSERT log id=645 node=11-03-1-2-01 proto=MQTT
[2026-04-04T07:05:35.051Z] [MQTT] DATA seq=61 node=11-03-1-2-01 V=12.84V I=0.119A bat=12.84V clean=0
[2026-04-04T07:05:35.058Z] [DB] INSERT log id=646 node=11-03-1-2-01 proto=MQTT
[2026-04-04T07:05:45.052Z] [MQTT] DATA seq=62 node=11-03-1-2-01 V=12.84V I=0.198A bat=12.84V clean=0
[2026-04-04T07:05:45.060Z] [DB] INSERT log id=647 node=11-03-1-2-01 proto=MQTT
[2026-04-04T07:05:55.051Z] [MQTT] DATA seq=63 node=11-03-1-2-01 V=12.84V I=0.225A bat=12.84V clean=0
[2026-04-04T07:05:55.060Z] [DB] INSERT log id=648 node=11-03-1-2-01 proto=MQTT
[2026-04-04T07:06:05.051Z] [MQTT] DATA seq=64 node=11-03-1-2-01 V=12.84V I=0.092A bat=12.84V clean=0
[2026-04-04T07:06:05.060Z] [DB] INSERT log id=649 node=11-03-1-2-01 proto=MQTT
[2026-04-04T07:06:15.052Z] [MQTT] DATA seq=65 node=11-03-1-2-01 V=12.84V I=0.066A bat=12.84V clean=0
[2026-04-04T07:06:15.061Z] [DB] INSERT log id=650 node=11-03-1-2-01 proto=MQTT
[2026-04-04T07:06:25.051Z] [MQTT] DATA seq=66 node=11-03-1-2-01 V=12.84V I=0.198A bat=12.84V clean=0
[2026-04-04T07:06:25.060Z] [DB] INSERT log id=651 node=11-03-1-2-01 proto=MQTT
[2026-04-04T07:06:35.051Z] [MQTT] DATA seq=67 node=11-03-1-2-01 V=12.85V I=0.172A bat=12.85V clean=0
[2026-04-04T07:06:35.059Z] [DB] INSERT log id=652 node=11-03-1-2-01 proto=MQTT
[2026-04-04T07:06:45.052Z] [MQTT] DATA seq=68 node=11-03-1-2-01 V=12.84V I=0.119A bat=12.84V clean=0
[2026-04-04T07:06:45.060Z] [DB] INSERT log id=653 node=11-03-1-2-01 proto=MQTT
[2026-04-04T07:06:55.051Z] [MQTT] DATA seq=69 node=11-03-1-2-01 V=12.84V I=0.198A bat=12.84V clean=0
[2026-04-04T07:06:55.060Z] [DB] INSERT log id=654 node=11-03-1-2-01 proto=MQTT
[2026-04-04T07:07:05.051Z] [MQTT] DATA seq=70 node=11-03-1-2-01 V=12.86V I=0.119A bat=12.86V clean=0
[2026-04-04T07:07:05.061Z] [DB] INSERT log id=655 node=11-03-1-2-01 proto=MQTT
[2026-04-04T07:07:15.051Z] [MQTT] DATA seq=71 node=11-03-1-2-01 V=12.84V I=0.251A bat=12.84V clean=0
[2026-04-04T07:07:15.060Z] [DB] INSERT log id=656 node=11-03-1-2-01 proto=MQTT
[2026-04-04T07:07:25.051Z] [MQTT] DATA seq=72 node=11-03-1-2-01 V=12.84V I=0.172A bat=12.84V clean=0
[2026-04-04T07:07:25.061Z] [DB] INSERT log id=657 node=11-03-1-2-01 proto=MQTT
[2026-04-04T07:07:35.052Z] [MQTT] DATA seq=73 node=11-03-1-2-01 V=12.84V I=0.225A bat=12.84V clean=0
[2026-04-04T07:07:35.060Z] [DB] INSERT log id=658 node=11-03-1-2-01 proto=MQTT
[2026-04-04T07:07:45.051Z] [MQTT] DATA seq=74 node=11-03-1-2-01 V=12.84V I=0.066A bat=12.84V clean=0
[2026-04-04T07:07:45.060Z] [DB] INSERT log id=659 node=11-03-1-2-01 proto=MQTT
[2026-04-04T07:07:55.051Z] [MQTT] DATA seq=75 node=11-03-1-2-01 V=12.84V I=0.119A bat=12.84V clean=0
[2026-04-04T07:07:55.061Z] [DB] INSERT log id=660 node=11-03-1-2-01 proto=MQTT
[2026-04-04T07:08:05.052Z] [MQTT] DATA seq=76 node=11-03-1-2-01 V=12.82V I=0.198A bat=12.82V clean=0
[2026-04-04T07:08:05.061Z] [DB] INSERT log id=661 node=11-03-1-2-01 proto=MQTT
[2026-04-04T07:08:15.051Z] [MQTT] DATA seq=77 node=11-03-1-2-01 V=12.82V I=0.119A bat=12.82V clean=0
[2026-04-04T07:08:15.060Z] [DB] INSERT log id=662 node=11-03-1-2-01 proto=MQTT
[2026-04-04T07:08:25.051Z] [MQTT] DATA seq=78 node=11-03-1-2-01 V=12.84V I=0.277A bat=12.84V clean=0
[2026-04-04T07:08:25.062Z] [DB] INSERT log id=663 node=11-03-1-2-01 proto=MQTT
[2026-04-04T07:08:35.051Z] [MQTT] DATA seq=79 node=11-03-1-2-01 V=12.84V I=0.251A bat=12.84V clean=0
[2026-04-04T07:08:35.060Z] [DB] INSERT log id=664 node=11-03-1-2-01 proto=MQTT
[2026-04-04T07:08:45.051Z] [MQTT] DATA seq=80 node=11-03-1-2-01 V=12.82V I=0.225A bat=12.82V clean=0
[2026-04-04T07:08:45.060Z] [DB] INSERT log id=665 node=11-03-1-2-01 proto=MQTT
[2026-04-04T07:08:55.052Z] [MQTT] DATA seq=81 node=11-03-1-2-01 V=12.82V I=0.198A bat=12.82V clean=0
[2026-04-04T07:08:55.060Z] [DB] INSERT log id=666 node=11-03-1-2-01 proto=MQTT
[2026-04-04T07:09:05.051Z] [MQTT] DATA seq=82 node=11-03-1-2-01 V=12.84V I=0.277A bat=12.84V clean=0
[2026-04-04T07:09:05.059Z] [DB] INSERT log id=667 node=11-03-1-2-01 proto=MQTT
[2026-04-04T07:09:15.051Z] [MQTT] DATA seq=83 node=11-03-1-2-01 V=12.84V I=0.198A bat=12.84V clean=0
[2026-04-04T07:09:15.059Z] [DB] INSERT log id=668 node=11-03-1-2-01 proto=MQTT
[2026-04-04T07:09:25.051Z] [MQTT] DATA seq=84 node=11-03-1-2-01 V=12.84V I=0.145A bat=12.84V clean=0
[2026-04-04T07:09:25.062Z] [DB] INSERT log id=669 node=11-03-1-2-01 proto=MQTT
[2026-04-04T07:09:35.051Z] [MQTT] DATA seq=85 node=11-03-1-2-01 V=12.82V I=0.172A bat=12.82V clean=0
[2026-04-04T07:09:35.060Z] [DB] INSERT log id=670 node=11-03-1-2-01 proto=MQTT
[2026-04-04T07:09:45.051Z] [MQTT] DATA seq=86 node=11-03-1-2-01 V=12.82V I=0.119A bat=12.82V clean=0
[2026-04-04T07:09:45.060Z] [DB] INSERT log id=671 node=11-03-1-2-01 proto=MQTT
[2026-04-04T07:09:55.051Z] [MQTT] DATA seq=87 node=11-03-1-2-01 V=12.84V I=0.198A bat=12.84V clean=0
[2026-04-04T07:09:55.058Z] [DB] INSERT log id=672 node=11-03-1-2-01 proto=MQTT
[2026-04-04T07:10:05.051Z] [MQTT] DATA seq=88 node=11-03-1-2-01 V=12.82V I=0.119A bat=12.82V clean=0
[2026-04-04T07:10:05.060Z] [DB] INSERT log id=673 node=11-03-1-2-01 proto=MQTT
[2026-04-04T07:10:15.051Z] [MQTT] DATA seq=89 node=11-03-1-2-01 V=12.82V I=0.225A bat=12.82V clean=0
[2026-04-04T07:10:15.060Z] [DB] INSERT log id=674 node=11-03-1-2-01 proto=MQTT
[2026-04-04T07:10:25.051Z] [MQTT] DATA seq=90 node=11-03-1-2-01 V=12.82V I=0.119A bat=12.82V clean=0
[2026-04-04T07:10:25.059Z] [DB] INSERT log id=675 node=11-03-1-2-01 proto=MQTT
[2026-04-04T07:10:35.051Z] [MQTT] DATA seq=91 node=11-03-1-2-01 V=12.82V I=0.092A bat=12.82V clean=0
[2026-04-04T07:10:35.061Z] [DB] INSERT log id=676 node=11-03-1-2-01 proto=MQTT
[2026-04-04T07:10:45.051Z] [MQTT] DATA seq=92 node=11-03-1-2-01 V=12.82V I=0.172A bat=12.82V clean=0
[2026-04-04T07:10:45.060Z] [DB] INSERT log id=677 node=11-03-1-2-01 proto=MQTT
[2026-04-04T07:10:55.051Z] [MQTT] DATA seq=93 node=11-03-1-2-01 V=12.82V I=0.145A bat=12.82V clean=0
[2026-04-04T07:10:55.060Z] [DB] INSERT log id=678 node=11-03-1-2-01 proto=MQTT
[2026-04-04T07:11:05.051Z] [MQTT] DATA seq=94 node=11-03-1-2-01 V=12.84V I=0.172A bat=12.84V clean=0
[2026-04-04T07:11:05.060Z] [DB] INSERT log id=679 node=11-03-1-2-01 proto=MQTT
[2026-04-04T07:11:15.050Z] [MQTT] DATA seq=95 node=11-03-1-2-01 V=12.82V I=0.225A bat=12.82V clean=0
[2026-04-04T07:11:15.058Z] [DB] INSERT log id=680 node=11-03-1-2-01 proto=MQTT
[2026-04-04T07:11:25.051Z] [MQTT] DATA seq=96 node=11-03-1-2-01 V=12.82V I=0.145A bat=12.82V clean=0
[2026-04-04T07:11:25.058Z] [DB] INSERT log id=681 node=11-03-1-2-01 proto=MQTT
[2026-04-04T07:11:35.051Z] [MQTT] DATA seq=97 node=11-03-1-2-01 V=12.82V I=0.172A bat=12.82V clean=0
[2026-04-04T07:11:35.059Z] [DB] INSERT log id=682 node=11-03-1-2-01 proto=MQTT
[2026-04-04T07:11:45.051Z] [MQTT] DATA seq=98 node=11-03-1-2-01 V=12.82V I=0.198A bat=12.82V clean=0
[2026-04-04T07:11:45.059Z] [DB] INSERT log id=683 node=11-03-1-2-01 proto=MQTT
[2026-04-04T07:11:55.051Z] [MQTT] DATA seq=99 node=11-03-1-2-01 V=12.82V I=0.092A bat=12.82V clean=0
[2026-04-04T07:11:55.059Z] [DB] INSERT log id=684 node=11-03-1-2-01 proto=MQTT
[2026-04-04T07:12:05.051Z] [MQTT] DATA seq=100 node=11-03-1-2-01 V=12.82V I=0.119A bat=12.82V clean=0
[2026-04-04T07:12:05.060Z] [DB] INSERT log id=685 node=11-03-1-2-01 proto=MQTT
[2026-04-04T07:12:15.051Z] [MQTT] DATA seq=101 node=11-03-1-2-01 V=12.82V I=0.172A bat=12.82V clean=0
[2026-04-04T07:12:15.058Z] [DB] INSERT log id=686 node=11-03-1-2-01 proto=MQTT
[2026-04-04T07:12:25.051Z] [MQTT] DATA seq=102 node=11-03-1-2-01 V=12.82V I=0.277A bat=12.82V clean=0
[2026-04-04T07:12:25.057Z] [DB] INSERT log id=687 node=11-03-1-2-01 proto=MQTT
[2026-04-04T07:12:35.050Z] [MQTT] DATA seq=103 node=11-03-1-2-01 V=12.82V I=0.172A bat=12.82V clean=0
[2026-04-04T07:12:35.057Z] [DB] INSERT log id=688 node=11-03-1-2-01 proto=MQTT
[2026-04-04T07:12:45.051Z] [MQTT] DATA seq=104 node=11-03-1-2-01 V=12.82V I=0.225A bat=12.82V clean=0
[2026-04-04T07:12:45.060Z] [DB] INSERT log id=689 node=11-03-1-2-01 proto=MQTT
[2026-04-04T07:12:55.051Z] [MQTT] DATA seq=105 node=11-03-1-2-01 V=12.82V I=0.145A bat=12.82V clean=0
[2026-04-04T07:12:55.060Z] [DB] INSERT log id=690 node=11-03-1-2-01 proto=MQTT
[2026-04-04T07:13:05.051Z] [MQTT] DATA seq=106 node=11-03-1-2-01 V=12.82V I=0.172A bat=12.82V clean=0
[2026-04-04T07:13:05.060Z] [DB] INSERT log id=691 node=11-03-1-2-01 proto=MQTT
[2026-04-04T07:13:15.051Z] [MQTT] DATA seq=107 node=11-03-1-2-01 V=12.82V I=0.119A bat=12.82V clean=0
[2026-04-04T07:13:15.061Z] [DB] INSERT log id=692 node=11-03-1-2-01 proto=MQTT
[2026-04-04T07:13:25.051Z] [MQTT] DATA seq=108 node=11-03-1-2-01 V=12.82V I=0.119A bat=12.82V clean=0
[2026-04-04T07:13:25.060Z] [DB] INSERT log id=693 node=11-03-1-2-01 proto=MQTT
[2026-04-04T07:13:35.051Z] [MQTT] DATA seq=109 node=11-03-1-2-01 V=12.84V I=0.145A bat=12.84V clean=0
[2026-04-04T07:13:35.060Z] [DB] INSERT log id=694 node=11-03-1-2-01 proto=MQTT
[2026-04-04T07:13:45.051Z] [MQTT] DATA seq=110 node=11-03-1-2-01 V=12.82V I=0.225A bat=12.82V clean=0
[2026-04-04T07:13:45.060Z] [DB] INSERT log id=695 node=11-03-1-2-01 proto=MQTT
[2026-04-04T07:13:55.050Z] [MQTT] DATA seq=111 node=11-03-1-2-01 V=12.82V I=0.225A bat=12.82V clean=0
[2026-04-04T07:13:55.059Z] [DB] INSERT log id=696 node=11-03-1-2-01 proto=MQTT
[2026-04-04T07:14:05.051Z] [MQTT] DATA seq=112 node=11-03-1-2-01 V=12.84V I=0.172A bat=12.84V clean=0
[2026-04-04T07:14:05.059Z] [DB] INSERT log id=697 node=11-03-1-2-01 proto=MQTT
[2026-04-04T07:14:15.051Z] [MQTT] DATA seq=113 node=11-03-1-2-01 V=12.82V I=0.145A bat=12.82V clean=0
[2026-04-04T07:14:15.060Z] [DB] INSERT log id=698 node=11-03-1-2-01 proto=MQTT
[2026-04-04T07:14:25.050Z] [MQTT] DATA seq=114 node=11-03-1-2-01 V=12.83V I=0.092A bat=12.83V clean=0
[2026-04-04T07:14:25.059Z] [DB] INSERT log id=699 node=11-03-1-2-01 proto=MQTT
[2026-04-04T07:14:35.051Z] [MQTT] DATA seq=115 node=11-03-1-2-01 V=12.82V I=0.092A bat=12.82V clean=0
[2026-04-04T07:14:35.060Z] [DB] INSERT log id=700 node=11-03-1-2-01 proto=MQTT
[2026-04-04T07:14:45.051Z] [MQTT] DATA seq=116 node=11-03-1-2-01 V=12.82V I=0.225A bat=12.82V clean=0
[2026-04-04T07:14:45.060Z] [DB] INSERT log id=701 node=11-03-1-2-01 proto=MQTT
[2026-04-04T07:14:55.051Z] [MQTT] DATA seq=117 node=11-03-1-2-01 V=12.82V I=0.092A bat=12.82V clean=0
[2026-04-04T07:14:55.060Z] [DB] INSERT log id=702 node=11-03-1-2-01 proto=MQTT
[2026-04-04T07:15:05.051Z] [MQTT] DATA seq=118 node=11-03-1-2-01 V=12.82V I=0.172A bat=12.82V clean=0
[2026-04-04T07:15:05.060Z] [DB] INSERT log id=703 node=11-03-1-2-01 proto=MQTT
[2026-04-04T07:15:15.050Z] [MQTT] DATA seq=119 node=11-03-1-2-01 V=12.82V I=0.277A bat=12.82V clean=0
[2026-04-04T07:15:15.059Z] [DB] INSERT log id=704 node=11-03-1-2-01 proto=MQTT
[2026-04-04T07:15:25.051Z] [MQTT] DATA seq=120 node=11-03-1-2-01 V=12.83V I=0.145A bat=12.83V clean=0
[2026-04-04T07:15:25.060Z] [DB] INSERT log id=705 node=11-03-1-2-01 proto=MQTT
[2026-04-04T07:15:35.051Z] [MQTT] DATA seq=121 node=11-03-1-2-01 V=12.82V I=0.092A bat=12.82V clean=0
[2026-04-04T07:15:35.060Z] [DB] INSERT log id=706 node=11-03-1-2-01 proto=MQTT
[2026-04-04T07:15:45.050Z] [MQTT] DATA seq=122 node=11-03-1-2-01 V=12.82V I=0.172A bat=12.82V clean=0
[2026-04-04T07:15:45.060Z] [DB] INSERT log id=707 node=11-03-1-2-01 proto=MQTT
[2026-04-04T07:15:55.051Z] [MQTT] DATA seq=123 node=11-03-1-2-01 V=12.82V I=0.172A bat=12.82V clean=0
[2026-04-04T07:15:55.060Z] [DB] INSERT log id=708 node=11-03-1-2-01 proto=MQTT
[2026-04-04T07:16:05.051Z] [MQTT] DATA seq=124 node=11-03-1-2-01 V=12.82V I=0.198A bat=12.82V clean=0
[2026-04-04T07:16:05.060Z] [DB] INSERT log id=709 node=11-03-1-2-01 proto=MQTT
[2026-04-04T07:16:15.051Z] [MQTT] DATA seq=125 node=11-03-1-2-01 V=12.81V I=0.145A bat=12.81V clean=0
[2026-04-04T07:16:15.060Z] [DB] INSERT log id=710 node=11-03-1-2-01 proto=MQTT
[2026-04-04T07:16:25.051Z] [MQTT] DATA seq=126 node=11-03-1-2-01 V=12.82V I=0.145A bat=12.82V clean=0
[2026-04-04T07:16:25.061Z] [DB] INSERT log id=711 node=11-03-1-2-01 proto=MQTT
[2026-04-04T07:16:35.050Z] [MQTT] DATA seq=127 node=11-03-1-2-01 V=12.82V I=0.119A bat=12.82V clean=0
[2026-04-04T07:16:35.060Z] [DB] INSERT log id=712 node=11-03-1-2-01 proto=MQTT
[2026-04-04T07:16:45.051Z] [MQTT] DATA seq=128 node=11-03-1-2-01 V=12.82V I=0.225A bat=12.82V clean=0
[2026-04-04T07:16:45.060Z] [DB] INSERT log id=713 node=11-03-1-2-01 proto=MQTT
[2026-04-04T07:16:55.051Z] [MQTT] DATA seq=129 node=11-03-1-2-01 V=12.81V I=0.172A bat=12.81V clean=0
[2026-04-04T07:16:55.061Z] [DB] INSERT log id=714 node=11-03-1-2-01 proto=MQTT
[2026-04-04T07:17:05.050Z] [MQTT] DATA seq=130 node=11-03-1-2-01 V=12.82V I=0.225A bat=12.82V clean=0
[2026-04-04T07:17:05.060Z] [DB] INSERT log id=715 node=11-03-1-2-01 proto=MQTT
[2026-04-04T07:17:15.051Z] [MQTT] DATA seq=131 node=11-03-1-2-01 V=12.82V I=0.172A bat=12.82V clean=0
[2026-04-04T07:17:15.060Z] [DB] INSERT log id=716 node=11-03-1-2-01 proto=MQTT
[2026-04-04T07:17:25.051Z] [MQTT] DATA seq=132 node=11-03-1-2-01 V=12.82V I=0.145A bat=12.82V clean=0
[2026-04-04T07:17:25.058Z] [DB] INSERT log id=717 node=11-03-1-2-01 proto=MQTT
[2026-04-04T07:17:35.050Z] [MQTT] DATA seq=133 node=11-03-1-2-01 V=12.81V I=0.172A bat=12.81V clean=0
[2026-04-04T07:17:35.061Z] [DB] INSERT log id=718 node=11-03-1-2-01 proto=MQTT
[2026-04-04T07:17:45.051Z] [MQTT] DATA seq=134 node=11-03-1-2-01 V=12.8V I=0.225A bat=12.8V clean=0
[2026-04-04T07:17:45.059Z] [DB] INSERT log id=719 node=11-03-1-2-01 proto=MQTT
[2026-04-04T07:17:55.050Z] [MQTT] DATA seq=135 node=11-03-1-2-01 V=12.82V I=0.145A bat=12.82V clean=0
[2026-04-04T07:17:55.059Z] [DB] INSERT log id=720 node=11-03-1-2-01 proto=MQTT
[2026-04-04T07:18:05.050Z] [MQTT] DATA seq=136 node=11-03-1-2-01 V=12.82V I=0.225A bat=12.82V clean=0
[2026-04-04T07:18:05.058Z] [DB] INSERT log id=721 node=11-03-1-2-01 proto=MQTT
[2026-04-04T07:18:15.051Z] [MQTT] DATA seq=137 node=11-03-1-2-01 V=12.82V I=0.172A bat=12.82V clean=0
[2026-04-04T07:18:15.061Z] [DB] INSERT log id=722 node=11-03-1-2-01 proto=MQTT
[2026-04-04T07:18:25.050Z] [MQTT] DATA seq=138 node=11-03-1-2-01 V=12.82V I=0.172A bat=12.82V clean=0
[2026-04-04T07:18:25.061Z] [DB] INSERT log id=723 node=11-03-1-2-01 proto=MQTT
[2026-04-04T07:18:35.051Z] [MQTT] DATA seq=139 node=11-03-1-2-01 V=12.82V I=0.225A bat=12.82V clean=0
[2026-04-04T07:18:35.060Z] [DB] INSERT log id=724 node=11-03-1-2-01 proto=MQTT
[2026-04-04T07:18:45.051Z] [MQTT] DATA seq=140 node=11-03-1-2-01 V=12.82V I=0.145A bat=12.82V clean=0
[2026-04-04T07:18:45.060Z] [DB] INSERT log id=725 node=11-03-1-2-01 proto=MQTT
[2026-04-04T07:18:55.050Z] [MQTT] DATA seq=141 node=11-03-1-2-01 V=12.82V I=0.225A bat=12.82V clean=0
[2026-04-04T07:18:55.060Z] [DB] INSERT log id=726 node=11-03-1-2-01 proto=MQTT
[2026-04-04T07:19:05.051Z] [MQTT] DATA seq=142 node=11-03-1-2-01 V=12.82V I=0.145A bat=12.82V clean=0
[2026-04-04T07:19:05.059Z] [DB] INSERT log id=727 node=11-03-1-2-01 proto=MQTT
[2026-04-04T07:19:15.050Z] [MQTT] DATA seq=143 node=11-03-1-2-01 V=12.82V I=0.172A bat=12.82V clean=0
[2026-04-04T07:19:15.059Z] [DB] INSERT log id=728 node=11-03-1-2-01 proto=MQTT
[2026-04-04T07:19:25.051Z] [MQTT] DATA seq=144 node=11-03-1-2-01 V=12.79V I=0.145A bat=12.79V clean=0
[2026-04-04T07:19:25.061Z] [DB] INSERT log id=729 node=11-03-1-2-01 proto=MQTT
[2026-04-04T07:19:35.051Z] [MQTT] DATA seq=145 node=11-03-1-2-01 V=12.82V I=0.225A bat=12.82V clean=0
[2026-04-04T07:19:35.060Z] [DB] INSERT log id=730 node=11-03-1-2-01 proto=MQTT
[2026-04-04T07:19:45.050Z] [MQTT] DATA seq=146 node=11-03-1-2-01 V=12.82V I=0.304A bat=12.82V clean=0
[2026-04-04T07:19:45.059Z] [DB] INSERT log id=731 node=11-03-1-2-01 proto=MQTT
[2026-04-04T07:19:55.051Z] [MQTT] DATA seq=147 node=11-03-1-2-01 V=12.81V I=0.225A bat=12.81V clean=0
[2026-04-04T07:19:55.057Z] [DB] INSERT log id=732 node=11-03-1-2-01 proto=MQTT
[2026-04-04T07:20:05.051Z] [MQTT] DATA seq=148 node=11-03-1-2-01 V=12.81V I=0.172A bat=12.81V clean=0
[2026-04-04T07:20:05.060Z] [DB] INSERT log id=733 node=11-03-1-2-01 proto=MQTT
[2026-04-04T07:20:15.050Z] [MQTT] DATA seq=149 node=11-03-1-2-01 V=12.81V I=0.198A bat=12.81V clean=0
[2026-04-04T07:20:15.059Z] [DB] INSERT log id=734 node=11-03-1-2-01 proto=MQTT
[2026-04-04T07:20:25.051Z] [MQTT] DATA seq=150 node=11-03-1-2-01 V=12.79V I=0.198A bat=12.79V clean=0
[2026-04-04T07:20:25.060Z] [DB] INSERT log id=735 node=11-03-1-2-01 proto=MQTT
[2026-04-04T07:20:35.050Z] [MQTT] DATA seq=151 node=11-03-1-2-01 V=12.82V I=0.304A bat=12.82V clean=0
[2026-04-04T07:20:35.059Z] [DB] INSERT log id=736 node=11-03-1-2-01 proto=MQTT
[2026-04-04T07:20:45.051Z] [MQTT] DATA seq=152 node=11-03-1-2-01 V=12.82V I=0.119A bat=12.82V clean=0
[2026-04-04T07:20:45.061Z] [DB] INSERT log id=737 node=11-03-1-2-01 proto=MQTT
[2026-04-04T07:20:55.051Z] [MQTT] DATA seq=153 node=11-03-1-2-01 V=12.81V I=0.172A bat=12.81V clean=0
[2026-04-04T07:20:55.060Z] [DB] INSERT log id=738 node=11-03-1-2-01 proto=MQTT
[2026-04-04T07:21:05.050Z] [MQTT] DATA seq=154 node=11-03-1-2-01 V=12.79V I=0.145A bat=12.79V clean=0
[2026-04-04T07:21:05.059Z] [DB] INSERT log id=739 node=11-03-1-2-01 proto=MQTT
[2026-04-04T07:21:15.051Z] [MQTT] DATA seq=155 node=11-03-1-2-01 V=12.79V I=0.251A bat=12.79V clean=0
[2026-04-04T07:21:15.060Z] [DB] INSERT log id=740 node=11-03-1-2-01 proto=MQTT
[2026-04-04T07:21:25.051Z] [MQTT] DATA seq=156 node=11-03-1-2-01 V=12.81V I=0.277A bat=12.81V clean=0
[2026-04-04T07:21:25.060Z] [DB] INSERT log id=741 node=11-03-1-2-01 proto=MQTT
[2026-04-04T07:21:35.050Z] [MQTT] DATA seq=157 node=11-03-1-2-01 V=12.82V I=0.145A bat=12.82V clean=0
[2026-04-04T07:21:35.059Z] [DB] INSERT log id=742 node=11-03-1-2-01 proto=MQTT
[2026-04-04T07:21:45.051Z] [MQTT] DATA seq=158 node=11-03-1-2-01 V=12.82V I=0.251A bat=12.82V clean=0
[2026-04-04T07:21:45.060Z] [DB] INSERT log id=743 node=11-03-1-2-01 proto=MQTT
[2026-04-04T07:21:55.050Z] [MQTT] DATA seq=159 node=11-03-1-2-01 V=12.81V I=0.119A bat=12.81V clean=0
[2026-04-04T07:21:55.059Z] [DB] INSERT log id=744 node=11-03-1-2-01 proto=MQTT
[2026-04-04T07:22:05.050Z] [MQTT] DATA seq=160 node=11-03-1-2-01 V=12.79V I=0.198A bat=12.79V clean=0
[2026-04-04T07:22:05.059Z] [DB] INSERT log id=745 node=11-03-1-2-01 proto=MQTT
[2026-04-04T07:22:15.051Z] [MQTT] DATA seq=161 node=11-03-1-2-01 V=12.8V I=0.198A bat=12.8V clean=0
[2026-04-04T07:22:15.059Z] [DB] INSERT log id=746 node=11-03-1-2-01 proto=MQTT
[2026-04-04T07:38:03.116Z] [MQTT] DATA seq=162 node=11-03-1-2-01 V=12.8V I=0.066A bat=12.8V clean=0
[2026-04-04T07:38:03.156Z] [MQTT] DATA seq=163 node=11-03-1-2-01 V=12.79V I=0.092A bat=12.79V clean=0
[2026-04-04T07:38:03.170Z] [MQTT] DATA seq=164 node=11-03-1-2-01 V=12.81V I=0.119A bat=12.81V clean=0
[2026-04-04T07:38:03.184Z] [MQTT] DATA seq=165 node=11-03-1-2-01 V=12.79V I=0.145A bat=12.79V clean=0
[2026-04-04T07:38:03.224Z] [MQTT] Connected: PV_11-03-1-2-01
[2026-04-04T07:38:03.240Z] [MQTT] Disconnected: PV_11-03-1-2-01
[2026-04-04T07:38:03.244Z] [MQTT] Connected: PV_11-03-1-2-01
[2026-04-04T07:38:03.245Z] [MQTT] Disconnected: PV_11-03-1-2-01
[2026-04-04T07:38:03.245Z] [MQTT] Connected: PV_11-03-1-2-01
[2026-04-04T07:38:03.246Z] [MQTT] Disconnected: PV_11-03-1-2-01
[2026-04-04T07:38:03.246Z] [MQTT] Connected: PV_11-03-1-2-01
[2026-04-04T07:38:03.247Z] [MQTT] Disconnected: PV_11-03-1-2-01
[2026-04-04T07:38:03.248Z] [MQTT] Connected: PV_11-03-1-2-01
[2026-04-04T07:38:03.251Z] [MQTT] Disconnected: PV_11-03-1-2-01
[2026-04-04T07:38:03.252Z] [MQTT] Connected: PV_11-03-1-2-01
[2026-04-04T07:38:03.253Z] [MQTT] Disconnected: PV_11-03-1-2-01
[2026-04-04T07:38:03.253Z] [MQTT] Connected: PV_11-03-1-2-01
[2026-04-04T07:38:03.254Z] [MQTT] Disconnected: PV_11-03-1-2-01
[2026-04-04T07:38:03.254Z] [MQTT] Connected: PV_11-03-1-2-01
[2026-04-04T07:38:03.254Z] [MQTT] Disconnected: PV_11-03-1-2-01
[2026-04-04T07:38:03.255Z] [MQTT] Connected: PV_11-03-1-2-01
[2026-04-04T07:38:03.255Z] [MQTT] Disconnected: PV_11-03-1-2-01
[2026-04-04T07:38:03.256Z] [MQTT] Connected: PV_11-03-1-2-01
[2026-04-04T07:38:03.256Z] [MQTT] Disconnected: PV_11-03-1-2-01
[2026-04-04T07:38:03.257Z] [MQTT] Connected: PV_11-03-1-2-01
[2026-04-04T07:38:03.257Z] [MQTT] Disconnected: PV_11-03-1-2-01
[2026-04-04T07:38:03.258Z] [MQTT] Connected: PV_11-03-1-2-01
[2026-04-04T07:38:03.259Z] [MQTT] Disconnected: PV_11-03-1-2-01
[2026-04-04T07:38:03.260Z] [MQTT] Connected: PV_11-03-1-2-01
[2026-04-04T07:38:03.262Z] [MQTT] Disconnected: PV_11-03-1-2-01
[2026-04-04T07:38:03.263Z] [MQTT] Connected: PV_11-03-1-2-01
[2026-04-04T07:38:03.268Z] [MQTT] Disconnected: PV_11-03-1-2-01
[2026-04-04T07:38:03.272Z] [MQTT] Connected: PV_11-03-1-2-01
[2026-04-04T07:38:03.276Z] [MQTT] Disconnected: PV_11-03-1-2-01
[2026-04-04T07:38:03.279Z] [MQTT] Connected: PV_11-03-1-2-01
[2026-04-04T07:38:03.281Z] [MQTT] Disconnected: PV_11-03-1-2-01
[2026-04-04T07:38:03.283Z] [MQTT] Connected: PV_11-03-1-2-01
[2026-04-04T07:38:03.288Z] [MQTT] Disconnected: PV_11-03-1-2-01
[2026-04-04T07:38:03.291Z] [MQTT] Connected: PV_11-03-1-2-01
[2026-04-04T07:38:03.301Z] [MQTT] Disconnected: PV_11-03-1-2-01
[2026-04-04T07:38:03.303Z] [MQTT] Connected: PV_11-03-1-2-01
[2026-04-04T07:38:03.307Z] [MQTT] Disconnected: PV_11-03-1-2-01
[2026-04-04T07:38:03.307Z] [MQTT] Connected: PV_11-03-1-2-01
[2026-04-04T07:38:03.310Z] [MQTT] Disconnected: PV_11-03-1-2-01
[2026-04-04T07:38:03.311Z] [MQTT] Connected: PV_11-03-1-2-01
[2026-04-04T07:38:03.316Z] [MQTT] Disconnected: PV_11-03-1-2-01
[2026-04-04T07:38:03.320Z] [MQTT] Connected: PV_11-03-1-2-01
[2026-04-04T07:38:03.325Z] [MQTT] Connected: PV_11-03-1-2-01
[2026-04-04T07:38:03.325Z] [MQTT] Disconnected: PV_11-03-1-2-01
[2026-04-04T07:38:03.326Z] [MQTT] Connected: PV_11-03-1-2-01
[2026-04-04T07:38:03.328Z] [MQTT] Disconnected: PV_11-03-1-2-01
[2026-04-04T07:38:03.329Z] [MQTT] Connected: PV_11-03-1-2-01
[2026-04-04T07:38:03.330Z] [MQTT] Disconnected: PV_11-03-1-2-01
[2026-04-04T07:38:03.330Z] [MQTT] Connected: PV_11-03-1-2-01
[2026-04-04T07:38:03.331Z] [MQTT] Disconnected: PV_11-03-1-2-01
[2026-04-04T07:38:03.332Z] [MQTT] Connected: PV_11-03-1-2-01
[2026-04-04T07:38:03.333Z] [MQTT] Disconnected: PV_11-03-1-2-01
[2026-04-04T07:38:03.333Z] [MQTT] Connected: PV_11-03-1-2-01
[2026-04-04T07:38:03.334Z] [MQTT] Disconnected: PV_11-03-1-2-01
[2026-04-04T07:38:03.335Z] [MQTT] Connected: PV_11-03-1-2-01
[2026-04-04T07:38:03.335Z] [MQTT] Disconnected: PV_11-03-1-2-01
[2026-04-04T07:38:03.336Z] [MQTT] Connected: PV_11-03-1-2-01
[2026-04-04T07:38:03.336Z] [MQTT] Disconnected: PV_11-03-1-2-01
[2026-04-04T07:38:03.337Z] [MQTT] Connected: PV_11-03-1-2-01
[2026-04-04T07:38:03.358Z] [MQTT] Disconnected: PV_11-03-1-2-01
[2026-04-04T07:38:03.366Z] [MQTT] Connected: PV_11-03-1-2-01
[2026-04-04T07:38:03.370Z] [MQTT] Disconnected: PV_11-03-1-2-01
[2026-04-04T07:38:03.381Z] [MQTT] Connected: PV_11-03-1-2-01
[2026-04-04T07:38:03.387Z] [MQTT] Disconnected: PV_11-03-1-2-01
[2026-04-04T07:38:03.391Z] [MQTT] Connected: PV_11-03-1-2-01
[2026-04-04T07:38:03.398Z] [MQTT] Disconnected: PV_11-03-1-2-01
[2026-04-04T07:38:03.403Z] [MQTT] Connected: PV_11-03-1-2-01
[2026-04-04T07:38:03.405Z] [MQTT] Disconnected: PV_11-03-1-2-01
[2026-04-04T07:38:03.413Z] [MQTT] Connected: PV_11-03-1-2-01
[2026-04-04T07:38:03.417Z] [MQTT] Disconnected: PV_11-03-1-2-01
[2026-04-04T07:38:03.421Z] [MQTT] Connected: PV_11-03-1-2-01
[2026-04-04T07:38:03.424Z] [MQTT] Disconnected: PV_11-03-1-2-01
[2026-04-04T07:38:03.427Z] [MQTT] Connected: PV_11-03-1-2-01
[2026-04-04T07:38:03.430Z] [MQTT] Disconnected: PV_11-03-1-2-01
[2026-04-04T07:38:03.432Z] [MQTT] Connected: PV_11-03-1-2-01
[2026-04-04T07:38:03.433Z] [MQTT] Disconnected: PV_11-03-1-2-01
[2026-04-04T07:38:03.435Z] [MQTT] Connected: PV_11-03-1-2-01
[2026-04-04T07:38:03.436Z] [MQTT] Disconnected: PV_11-03-1-2-01
[2026-04-04T07:38:03.437Z] [MQTT] Connected: PV_11-03-1-2-01
[2026-04-04T07:38:03.439Z] [MQTT] Disconnected: PV_11-03-1-2-01
[2026-04-04T07:38:03.442Z] [MQTT] Connected: PV_11-03-1-2-01
[2026-04-04T07:38:03.443Z] [MQTT] Disconnected: PV_11-03-1-2-01
[2026-04-04T07:38:03.445Z] [MQTT] Connected: PV_11-03-1-2-01
[2026-04-04T07:38:03.446Z] [MQTT] Disconnected: PV_11-03-1-2-01
[2026-04-04T07:38:03.447Z] [MQTT] Connected: PV_11-03-1-2-01
[2026-04-04T07:38:03.448Z] [MQTT] Disconnected: PV_11-03-1-2-01
[2026-04-04T07:38:03.448Z] [MQTT] Connected: PV_11-03-1-2-01
[2026-04-04T07:38:03.449Z] [MQTT] Disconnected: PV_11-03-1-2-01
[2026-04-04T07:38:03.450Z] [MQTT] Connected: PV_11-03-1-2-01
[2026-04-04T07:38:03.450Z] [MQTT] Disconnected: PV_11-03-1-2-01
[2026-04-04T07:38:03.451Z] [MQTT] Connected: PV_11-03-1-2-01
[2026-04-04T07:38:03.451Z] [MQTT] Disconnected: PV_11-03-1-2-01
[2026-04-04T07:38:03.452Z] [MQTT] Connected: PV_11-03-1-2-01
[2026-04-04T07:38:03.453Z] [MQTT] Disconnected: PV_11-03-1-2-01
[2026-04-04T07:38:03.454Z] [MQTT] Connected: PV_11-03-1-2-01
[2026-04-04T07:38:03.467Z] [MQTT] Disconnected: PV_11-03-1-2-01
[2026-04-04T07:38:03.469Z] [MQTT] Connected: PV_11-03-1-2-01
[2026-04-04T07:38:03.470Z] [MQTT] Disconnected: PV_11-03-1-2-01
[2026-04-04T07:38:03.470Z] [MQTT] Connected: PV_11-03-1-2-01
[2026-04-04T07:38:03.472Z] [MQTT] Disconnected: PV_11-03-1-2-01
[2026-04-04T07:38:03.473Z] [MQTT] Connected: PV_11-03-1-2-01
[2026-04-04T07:38:03.474Z] [MQTT] Disconnected: PV_11-03-1-2-01
[2026-04-04T07:38:03.475Z] [MQTT] Connected: PV_11-03-1-2-01
[2026-04-04T07:38:03.476Z] [MQTT] Disconnected: PV_11-03-1-2-01
[2026-04-04T07:38:03.476Z] [MQTT] Connected: PV_11-03-1-2-01
[2026-04-04T07:38:03.477Z] [MQTT] Disconnected: PV_11-03-1-2-01
[2026-04-04T07:38:03.478Z] [MQTT] Connected: PV_11-03-1-2-01
[2026-04-04T07:38:03.485Z] [DB] INSERT log id=747 node=11-03-1-2-01 proto=MQTT
[2026-04-04T07:38:03.487Z] [DB] INSERT log id=749 node=11-03-1-2-01 proto=MQTT
[2026-04-04T07:38:03.490Z] [DB] INSERT log id=748 node=11-03-1-2-01 proto=MQTT
[2026-04-04T07:38:03.494Z] [MQTT] DATA seq=167 node=11-03-1-2-01 V=12.84V I=0.119A bat=12.84V clean=0
[2026-04-04T07:38:03.496Z] [DB] INSERT log id=750 node=11-03-1-2-01 proto=MQTT
[2026-04-04T07:38:03.503Z] [DB] INSERT log id=751 node=11-03-1-2-01 proto=MQTT
[2026-04-04T07:38:03.740Z] [MQTT] TIME sync → cmd/11-03-1-2-01: TIME|15:38
[2026-04-04T07:38:03.756Z] [MQTT] TIME sync → cmd/11-03-1-2-01: TIME|15:38
[2026-04-04T07:38:03.757Z] [MQTT] TIME sync → cmd/11-03-1-2-01: TIME|15:38
[2026-04-04T07:38:03.758Z] [MQTT] TIME sync → cmd/11-03-1-2-01: TIME|15:38
[2026-04-04T07:38:03.759Z] [MQTT] TIME sync → cmd/11-03-1-2-01: TIME|15:38
[2026-04-04T07:38:03.759Z] [MQTT] TIME sync → cmd/11-03-1-2-01: TIME|15:38
[2026-04-04T07:38:03.759Z] [MQTT] TIME sync → cmd/11-03-1-2-01: TIME|15:38
[2026-04-04T07:38:03.760Z] [MQTT] TIME sync → cmd/11-03-1-2-01: TIME|15:38
[2026-04-04T07:38:03.760Z] [MQTT] TIME sync → cmd/11-03-1-2-01: TIME|15:38
[2026-04-04T07:38:03.761Z] [MQTT] TIME sync → cmd/11-03-1-2-01: TIME|15:38
[2026-04-04T07:38:03.762Z] [MQTT] TIME sync → cmd/11-03-1-2-01: TIME|15:38
[2026-04-04T07:38:03.762Z] [MQTT] TIME sync → cmd/11-03-1-2-01: TIME|15:38
[2026-04-04T07:38:03.763Z] [MQTT] TIME sync → cmd/11-03-1-2-01: TIME|15:38
[2026-04-04T07:38:03.772Z] [MQTT] TIME sync → cmd/11-03-1-2-01: TIME|15:38
[2026-04-04T07:38:03.788Z] [MQTT] TIME sync → cmd/11-03-1-2-01: TIME|15:38
[2026-04-04T07:38:03.789Z] [MQTT] TIME sync → cmd/11-03-1-2-01: TIME|15:38
[2026-04-04T07:38:03.791Z] [MQTT] TIME sync → cmd/11-03-1-2-01: TIME|15:38
[2026-04-04T07:38:03.803Z] [MQTT] TIME sync → cmd/11-03-1-2-01: TIME|15:38
[2026-04-04T07:38:03.806Z] [MQTT] TIME sync → cmd/11-03-1-2-01: TIME|15:38
[2026-04-04T07:38:03.820Z] [MQTT] TIME sync → cmd/11-03-1-2-01: TIME|15:38
[2026-04-04T07:38:03.822Z] [MQTT] TIME sync → cmd/11-03-1-2-01: TIME|15:38
[2026-04-04T07:38:03.823Z] [MQTT] TIME sync → cmd/11-03-1-2-01: TIME|15:38
[2026-04-04T07:38:03.836Z] [MQTT] TIME sync → cmd/11-03-1-2-01: TIME|15:38
[2026-04-04T07:38:03.836Z] [MQTT] TIME sync → cmd/11-03-1-2-01: TIME|15:38
[2026-04-04T07:38:03.837Z] [MQTT] TIME sync → cmd/11-03-1-2-01: TIME|15:38
[2026-04-04T07:38:03.837Z] [MQTT] TIME sync → cmd/11-03-1-2-01: TIME|15:38
[2026-04-04T07:38:03.838Z] [MQTT] TIME sync → cmd/11-03-1-2-01: TIME|15:38
[2026-04-04T07:38:03.838Z] [MQTT] TIME sync → cmd/11-03-1-2-01: TIME|15:38
[2026-04-04T07:38:03.838Z] [MQTT] TIME sync → cmd/11-03-1-2-01: TIME|15:38
[2026-04-04T07:38:03.839Z] [MQTT] TIME sync → cmd/11-03-1-2-01: TIME|15:38
[2026-04-04T07:38:03.867Z] [MQTT] TIME sync → cmd/11-03-1-2-01: TIME|15:38
[2026-04-04T07:38:03.883Z] [MQTT] TIME sync → cmd/11-03-1-2-01: TIME|15:38
[2026-04-04T07:38:03.884Z] [MQTT] TIME sync → cmd/11-03-1-2-01: TIME|15:38
[2026-04-04T07:38:03.899Z] [MQTT] TIME sync → cmd/11-03-1-2-01: TIME|15:38
[2026-04-04T07:38:03.914Z] [MQTT] TIME sync → cmd/11-03-1-2-01: TIME|15:38
[2026-04-04T07:38:03.930Z] [MQTT] TIME sync → cmd/11-03-1-2-01: TIME|15:38
[2026-04-04T07:38:03.931Z] [MQTT] TIME sync → cmd/11-03-1-2-01: TIME|15:38
[2026-04-04T07:38:03.931Z] [MQTT] TIME sync → cmd/11-03-1-2-01: TIME|15:38
[2026-04-04T07:38:03.946Z] [MQTT] TIME sync → cmd/11-03-1-2-01: TIME|15:38
[2026-04-04T07:38:03.946Z] [MQTT] TIME sync → cmd/11-03-1-2-01: TIME|15:38
[2026-04-04T07:38:03.947Z] [MQTT] TIME sync → cmd/11-03-1-2-01: TIME|15:38
[2026-04-04T07:38:03.947Z] [MQTT] TIME sync → cmd/11-03-1-2-01: TIME|15:38
[2026-04-04T07:38:03.948Z] [MQTT] TIME sync → cmd/11-03-1-2-01: TIME|15:38
[2026-04-04T07:38:03.948Z] [MQTT] TIME sync → cmd/11-03-1-2-01: TIME|15:38
[2026-04-04T07:38:03.949Z] [MQTT] TIME sync → cmd/11-03-1-2-01: TIME|15:38
[2026-04-04T07:38:03.961Z] [MQTT] TIME sync → cmd/11-03-1-2-01: TIME|15:38
[2026-04-04T07:38:03.962Z] [MQTT] TIME sync → cmd/11-03-1-2-01: TIME|15:38
[2026-04-04T07:38:03.963Z] [MQTT] TIME sync → cmd/11-03-1-2-01: TIME|15:38
[2026-04-04T07:38:03.963Z] [MQTT] TIME sync → cmd/11-03-1-2-01: TIME|15:38
[2026-04-04T07:38:03.977Z] [MQTT] TIME sync → cmd/11-03-1-2-01: TIME|15:38
[2026-04-04T07:38:03.978Z] [MQTT] TIME sync → cmd/11-03-1-2-01: TIME|15:38
[2026-04-04T07:38:03.978Z] [MQTT] TIME sync → cmd/11-03-1-2-01: TIME|15:38
[2026-04-04T07:38:03.978Z] [MQTT] TIME sync → cmd/11-03-1-2-01: TIME|15:38
[2026-04-04T07:38:03.979Z] [MQTT] TIME sync → cmd/11-03-1-2-01: TIME|15:38
[2026-04-04T07:38:03.979Z] [MQTT] TIME sync → cmd/11-03-1-2-01: TIME|15:38
[2026-04-04T07:38:48.498Z] [MQTT] Disconnected: PV_11-03-1-2-01
[2026-04-04T08:06:35.644Z] [TCP] Error [::ffff:10.4.119.240:49154]: read ECONNRESET
[2026-04-04T08:06:35.649Z] [TCP] Disconnected: ::ffff:10.4.119.240:49154
[2026-04-04T08:06:35.652Z] [TCP] Error [::ffff:10.4.119.240:49153]: read ECONNRESET
[2026-04-04T08:06:35.656Z] [TCP] Disconnected: ::ffff:10.4.119.240:49153
[2026-04-04T08:09:34.733Z] [SYSTEM] SIGINT — shutting down
[2026-04-04T09:25:05.118Z] [MQTT] Broker on port 1883
[2026-04-04T09:25:05.122Z] [TCP] Server on port 9000
[2026-04-04T09:25:05.122Z] [HTTP] API → http://localhost:3000
[2026-04-04T09:25:05.163Z] [DB] MySQL OK ✓
[2026-04-04T09:28:11.163Z] [TCP] Connected: ::ffff:10.4.119.240:49153
[2026-04-04T09:28:16.606Z] [TCP] Error [::ffff:10.4.119.240:49153]: read ECONNRESET
[2026-04-04T09:28:16.606Z] [TCP] Disconnected: ::ffff:10.4.119.240:49153
[2026-04-04T09:28:16.808Z] [TCP] Connected: ::ffff:10.4.119.240:49153
[2026-04-04T09:29:38.291Z] [TCP] Error [::ffff:10.4.119.240:49153]: read ECONNRESET
[2026-04-04T09:29:38.293Z] [TCP] Disconnected: ::ffff:10.4.119.240:49153
[2026-04-04T09:29:38.494Z] [TCP] Connected: ::ffff:10.4.119.240:49153
[2026-04-04T09:31:23.677Z] [TCP] Error [::ffff:10.4.119.240:49153]: read ECONNRESET
[2026-04-04T09:31:23.677Z] [TCP] Disconnected: ::ffff:10.4.119.240:49153
[2026-04-04T09:31:23.880Z] [TCP] Connected: ::ffff:10.4.119.240:49153
[2026-04-04T09:31:25.994Z] [TCP] Error [::ffff:10.4.119.240:49153]: read ECONNRESET
[2026-04-04T09:31:25.995Z] [TCP] Disconnected: ::ffff:10.4.119.240:49153
[2026-04-04T09:31:26.197Z] [TCP] Connected: ::ffff:10.4.119.240:49153
[2026-04-04T09:31:28.312Z] [TCP] Error [::ffff:10.4.119.240:49153]: read ECONNRESET
[2026-04-04T09:31:28.313Z] [TCP] Disconnected: ::ffff:10.4.119.240:49153
[2026-04-04T09:31:28.515Z] [TCP] Connected: ::ffff:10.4.119.240:49153
[2026-04-04T09:31:30.631Z] [TCP] Error [::ffff:10.4.119.240:49153]: read ECONNRESET
[2026-04-04T09:31:30.632Z] [TCP] Disconnected: ::ffff:10.4.119.240:49153
[2026-04-04T09:31:30.833Z] [TCP] Connected: ::ffff:10.4.119.240:49153
[2026-04-04T09:31:32.949Z] [TCP] Error [::ffff:10.4.119.240:49153]: read ECONNRESET
[2026-04-04T09:31:32.950Z] [TCP] Disconnected: ::ffff:10.4.119.240:49153
[2026-04-04T09:31:33.151Z] [TCP] Connected: ::ffff:10.4.119.240:49153
[2026-04-04T09:31:35.267Z] [TCP] Error [::ffff:10.4.119.240:49153]: read ECONNRESET
[2026-04-04T09:31:35.268Z] [TCP] Disconnected: ::ffff:10.4.119.240:49153
[2026-04-04T09:31:35.470Z] [TCP] Connected: ::ffff:10.4.119.240:49153
[2026-04-04T09:33:48.503Z] [TCP] Error [::ffff:10.4.119.240:49153]: read ECONNRESET
[2026-04-04T09:33:48.504Z] [TCP] Disconnected: ::ffff:10.4.119.240:49153
[2026-04-04T09:33:48.706Z] [TCP] Connected: ::ffff:10.4.119.240:49153
[2026-04-04T09:33:48.713Z] [TCP] Registered socket for node 11-03-1-2-01
[2026-04-04T09:33:48.714Z] [TCP] TIME sync → 11-03-1-2-01
[2026-04-04T09:33:48.714Z] [TCP] DATA seq=0 node=11-03-1-2-01 V=0V I=-12.51A bat=0V clean=0
[2026-04-04T09:33:48.719Z] [DB_ERR] upsertLastProto: Data too long for column 'tcp_addr' at row 1
[2026-04-04T09:33:48.735Z] [DB] INSERT log id=752 node=11-03-1-2-01 proto=TCP/IP
[2026-04-04T09:33:48.878Z] [TCP] Unknown frame: 7�62%
[2026-04-04T09:33:50.978Z] [TCP] Error [::ffff:10.4.119.240:49153]: read ECONNRESET
[2026-04-04T09:33:50.979Z] [TCP] Disconnected: ::ffff:10.4.119.240:49153
[2026-04-04T09:33:51.180Z] [TCP] Connected: ::ffff:10.4.119.240:49153
[2026-04-04T09:33:51.187Z] [TCP] Registered socket for node 11-03-1-2-01
[2026-04-04T09:33:51.187Z] [TCP] TIME sync → 11-03-1-2-01
[2026-04-04T09:33:51.188Z] [TCP] DATA seq=0 node=11-03-1-2-01 V=0V I=-12.589A bat=0V clean=0
[2026-04-04T09:33:51.190Z] [DB_ERR] upsertLastProto: Data too long for column 'tcp_addr' at row 1
[2026-04-04T09:33:51.198Z] [DB] INSERT log id=753 node=11-03-1-2-01 proto=TCP/IP
[2026-04-04T09:33:53.298Z] [TCP] Error [::ffff:10.4.119.240:49153]: read ECONNRESET
[2026-04-04T09:33:53.299Z] [TCP] Disconnected: ::ffff:10.4.119.240:49153
[2026-04-04T09:33:53.501Z] [TCP] Connected: ::ffff:10.4.119.240:49153
[2026-04-04T09:33:53.507Z] [TCP] Registered socket for node 11-03-1-2-01
[2026-04-04T09:33:53.508Z] [TCP] TIME sync → 11-03-1-2-01
[2026-04-04T09:33:53.509Z] [TCP] DATA seq=0 node=11-03-1-2-01 V=0V I=-12.589A bat=0V clean=0
[2026-04-04T09:33:53.510Z] [DB_ERR] upsertLastProto: Data too long for column 'tcp_addr' at row 1
[2026-04-04T09:33:53.519Z] [DB] INSERT log id=754 node=11-03-1-2-01 proto=TCP/IP
[2026-04-04T09:33:55.619Z] [TCP] Error [::ffff:10.4.119.240:49153]: read ECONNRESET
[2026-04-04T09:33:55.619Z] [TCP] Disconnected: ::ffff:10.4.119.240:49153
[2026-04-04T09:33:55.821Z] [TCP] Connected: ::ffff:10.4.119.240:49153
[2026-04-04T09:33:55.827Z] [TCP] Registered socket for node 11-03-1-2-01
[2026-04-04T09:33:55.828Z] [TCP] TIME sync → 11-03-1-2-01
[2026-04-04T09:33:55.828Z] [TCP] DATA seq=0 node=11-03-1-2-01 V=0V I=-12.562A bat=0V clean=0
[2026-04-04T09:33:55.829Z] [DB_ERR] upsertLastProto: Data too long for column 'tcp_addr' at row 1
[2026-04-04T09:33:55.837Z] [DB] INSERT log id=755 node=11-03-1-2-01 proto=TCP/IP
[2026-04-04T09:33:57.938Z] [TCP] Error [::ffff:10.4.119.240:49153]: read ECONNRESET
[2026-04-04T09:33:57.939Z] [TCP] Disconnected: ::ffff:10.4.119.240:49153
[2026-04-04T09:33:58.141Z] [TCP] Connected: ::ffff:10.4.119.240:49153
[2026-04-04T09:33:58.147Z] [TCP] Registered socket for node 11-03-1-2-01
[2026-04-04T09:33:58.148Z] [TCP] TIME sync → 11-03-1-2-01
[2026-04-04T09:33:58.149Z] [TCP] DATA seq=0 node=11-03-1-2-01 V=0V I=-12.562A bat=0V clean=0
[2026-04-04T09:33:58.150Z] [DB_ERR] upsertLastProto: Data too long for column 'tcp_addr' at row 1
[2026-04-04T09:33:58.157Z] [DB] INSERT log id=756 node=11-03-1-2-01 proto=TCP/IP
[2026-04-04T09:34:00.258Z] [TCP] Error [::ffff:10.4.119.240:49153]: read ECONNRESET
[2026-04-04T09:34:00.258Z] [TCP] Disconnected: ::ffff:10.4.119.240:49153
[2026-04-04T09:34:00.460Z] [TCP] Connected: ::ffff:10.4.119.240:49153
[2026-04-04T09:34:00.466Z] [TCP] Registered socket for node 11-03-1-2-01
[2026-04-04T09:34:00.467Z] [TCP] TIME sync → 11-03-1-2-01
[2026-04-04T09:34:00.468Z] [TCP] DATA seq=0 node=11-03-1-2-01 V=0V I=-12.51A bat=0V clean=0
[2026-04-04T09:34:00.470Z] [DB_ERR] upsertLastProto: Data too long for column 'tcp_addr' at row 1
[2026-04-04T09:34:00.476Z] [DB] INSERT log id=757 node=11-03-1-2-01 proto=TCP/IP
[2026-04-04T09:34:02.578Z] [TCP] Error [::ffff:10.4.119.240:49153]: read ECONNRESET
[2026-04-04T09:34:02.579Z] [TCP] Disconnected: ::ffff:10.4.119.240:49153
[2026-04-04T09:34:02.780Z] [TCP] Connected: ::ffff:10.4.119.240:49153
[2026-04-04T09:34:02.787Z] [TCP] Registered socket for node 11-03-1-2-01
[2026-04-04T09:34:02.787Z] [TCP] TIME sync → 11-03-1-2-01
[2026-04-04T09:34:02.788Z] [TCP] DATA seq=0 node=11-03-1-2-01 V=0V I=-12.536A bat=0V clean=0
[2026-04-04T09:34:02.789Z] [DB_ERR] upsertLastProto: Data too long for column 'tcp_addr' at row 1
[2026-04-04T09:34:02.798Z] [DB] INSERT log id=758 node=11-03-1-2-01 proto=TCP/IP
[2026-04-04T09:34:04.898Z] [TCP] Error [::ffff:10.4.119.240:49153]: read ECONNRESET
[2026-04-04T09:34:04.899Z] [TCP] Disconnected: ::ffff:10.4.119.240:49153
[2026-04-04T09:34:05.100Z] [TCP] Connected: ::ffff:10.4.119.240:49153
[2026-04-04T09:34:05.106Z] [TCP] Registered socket for node 11-03-1-2-01
[2026-04-04T09:34:05.107Z] [TCP] TIME sync → 11-03-1-2-01
[2026-04-04T09:34:05.108Z] [TCP] DATA seq=0 node=11-03-1-2-01 V=0V I=-12.536A bat=0V clean=0
[2026-04-04T09:34:05.109Z] [DB_ERR] upsertLastProto: Data too long for column 'tcp_addr' at row 1
[2026-04-04T09:34:05.116Z] [DB] INSERT log id=759 node=11-03-1-2-01 proto=TCP/IP
[2026-04-04T09:34:07.217Z] [TCP] Error [::ffff:10.4.119.240:49153]: read ECONNRESET
[2026-04-04T09:34:07.218Z] [TCP] Disconnected: ::ffff:10.4.119.240:49153
[2026-04-04T09:34:07.420Z] [TCP] Connected: ::ffff:10.4.119.240:49153
[2026-04-04T09:34:07.426Z] [TCP] Registered socket for node 11-03-1-2-01
[2026-04-04T09:34:07.426Z] [TCP] TIME sync → 11-03-1-2-01
[2026-04-04T09:34:07.427Z] [TCP] DATA seq=0 node=11-03-1-2-01 V=0V I=-12.51A bat=0V clean=0
[2026-04-04T09:34:07.428Z] [DB_ERR] upsertLastProto: Data too long for column 'tcp_addr' at row 1
[2026-04-04T09:34:07.437Z] [DB] INSERT log id=760 node=11-03-1-2-01 proto=TCP/IP
[2026-04-04T09:34:09.537Z] [TCP] Error [::ffff:10.4.119.240:49153]: read ECONNRESET
[2026-04-04T09:34:09.538Z] [TCP] Disconnected: ::ffff:10.4.119.240:49153
[2026-04-04T09:34:09.739Z] [TCP] Connected: ::ffff:10.4.119.240:49153
[2026-04-04T09:34:09.746Z] [TCP] Registered socket for node 11-03-1-2-01
[2026-04-04T09:34:09.747Z] [TCP] TIME sync → 11-03-1-2-01
[2026-04-04T09:34:09.747Z] [TCP] DATA seq=0 node=11-03-1-2-01 V=0V I=-12.51A bat=0V clean=0
[2026-04-04T09:34:09.749Z] [DB_ERR] upsertLastProto: Data too long for column 'tcp_addr' at row 1
[2026-04-04T09:34:09.756Z] [DB] INSERT log id=761 node=11-03-1-2-01 proto=TCP/IP
[2026-04-04T09:34:11.857Z] [TCP] Error [::ffff:10.4.119.240:49153]: read ECONNRESET
[2026-04-04T09:34:11.858Z] [TCP] Disconnected: ::ffff:10.4.119.240:49153
[2026-04-04T09:34:12.059Z] [TCP] Connected: ::ffff:10.4.119.240:49153
[2026-04-04T09:34:12.065Z] [TCP] Registered socket for node 11-03-1-2-01
[2026-04-04T09:34:12.066Z] [TCP] TIME sync → 11-03-1-2-01
[2026-04-04T09:34:12.067Z] [TCP] DATA seq=0 node=11-03-1-2-01 V=0V I=-12.51A bat=0V clean=0
[2026-04-04T09:34:12.068Z] [DB_ERR] upsertLastProto: Data too long for column 'tcp_addr' at row 1
[2026-04-04T09:34:12.076Z] [DB] INSERT log id=762 node=11-03-1-2-01 proto=TCP/IP
[2026-04-04T09:34:14.176Z] [TCP] Error [::ffff:10.4.119.240:49153]: read ECONNRESET
[2026-04-04T09:34:14.177Z] [TCP] Disconnected: ::ffff:10.4.119.240:49153
[2026-04-04T09:34:14.378Z] [TCP] Connected: ::ffff:10.4.119.240:49153
[2026-04-04T09:34:14.385Z] [TCP] Registered socket for node 11-03-1-2-01
[2026-04-04T09:34:14.385Z] [TCP] TIME sync → 11-03-1-2-01
[2026-04-04T09:34:14.386Z] [TCP] DATA seq=0 node=11-03-1-2-01 V=0V I=-12.51A bat=0V clean=0
[2026-04-04T09:34:14.387Z] [DB_ERR] upsertLastProto: Data too long for column 'tcp_addr' at row 1
[2026-04-04T09:34:14.393Z] [DB] INSERT log id=763 node=11-03-1-2-01 proto=TCP/IP
[2026-04-04T09:34:16.496Z] [TCP] Error [::ffff:10.4.119.240:49153]: read ECONNRESET
[2026-04-04T09:34:16.497Z] [TCP] Disconnected: ::ffff:10.4.119.240:49153
[2026-04-04T09:34:16.698Z] [TCP] Connected: ::ffff:10.4.119.240:49153
[2026-04-04T09:34:16.704Z] [TCP] Registered socket for node 11-03-1-2-01
[2026-04-04T09:34:16.705Z] [TCP] TIME sync → 11-03-1-2-01
[2026-04-04T09:34:16.706Z] [TCP] DATA seq=0 node=11-03-1-2-01 V=0V I=-12.483A bat=0V clean=0
[2026-04-04T09:34:16.707Z] [DB_ERR] upsertLastProto: Data too long for column 'tcp_addr' at row 1
[2026-04-04T09:34:16.715Z] [DB] INSERT log id=764 node=11-03-1-2-01 proto=TCP/IP
[2026-04-04T09:34:18.816Z] [TCP] Error [::ffff:10.4.119.240:49153]: read ECONNRESET
[2026-04-04T09:34:18.816Z] [TCP] Disconnected: ::ffff:10.4.119.240:49153
[2026-04-04T09:34:19.018Z] [TCP] Connected: ::ffff:10.4.119.240:49153
[2026-04-04T09:34:19.024Z] [TCP] Registered socket for node 11-03-1-2-01
[2026-04-04T09:34:19.025Z] [TCP] TIME sync → 11-03-1-2-01
[2026-04-04T09:34:19.026Z] [TCP] DATA seq=0 node=11-03-1-2-01 V=0V I=-12.51A bat=0V clean=0
[2026-04-04T09:34:19.027Z] [DB_ERR] upsertLastProto: Data too long for column 'tcp_addr' at row 1
[2026-04-04T09:34:19.035Z] [DB] INSERT log id=765 node=11-03-1-2-01 proto=TCP/IP
[2026-04-04T09:34:21.135Z] [TCP] Error [::ffff:10.4.119.240:49153]: read ECONNRESET
[2026-04-04T09:34:21.136Z] [TCP] Disconnected: ::ffff:10.4.119.240:49153
[2026-04-04T09:34:21.338Z] [TCP] Connected: ::ffff:10.4.119.240:49153
[2026-04-04T09:34:21.344Z] [TCP] Registered socket for node 11-03-1-2-01
[2026-04-04T09:34:21.345Z] [TCP] TIME sync → 11-03-1-2-01
[2026-04-04T09:34:21.345Z] [TCP] DATA seq=0 node=11-03-1-2-01 V=0V I=-12.51A bat=0V clean=0
[2026-04-04T09:34:21.346Z] [DB_ERR] upsertLastProto: Data too long for column 'tcp_addr' at row 1
[2026-04-04T09:34:21.355Z] [DB] INSERT log id=766 node=11-03-1-2-01 proto=TCP/IP
[2026-04-04T09:34:23.455Z] [TCP] Error [::ffff:10.4.119.240:49153]: read ECONNRESET
[2026-04-04T09:34:23.456Z] [TCP] Disconnected: ::ffff:10.4.119.240:49153
[2026-04-04T09:34:23.658Z] [TCP] Connected: ::ffff:10.4.119.240:49153
[2026-04-04T09:34:23.664Z] [TCP] Registered socket for node 11-03-1-2-01
[2026-04-04T09:34:23.665Z] [TCP] TIME sync → 11-03-1-2-01
[2026-04-04T09:34:23.665Z] [TCP] DATA seq=0 node=11-03-1-2-01 V=0V I=-12.51A bat=0V clean=0
[2026-04-04T09:34:23.666Z] [DB_ERR] upsertLastProto: Data too long for column 'tcp_addr' at row 1
[2026-04-04T09:34:23.673Z] [DB] INSERT log id=767 node=11-03-1-2-01 proto=TCP/IP
[2026-04-04T09:34:25.775Z] [TCP] Error [::ffff:10.4.119.240:49153]: read ECONNRESET
[2026-04-04T09:34:25.776Z] [TCP] Disconnected: ::ffff:10.4.119.240:49153
[2026-04-04T09:34:25.978Z] [TCP] Connected: ::ffff:10.4.119.240:49153
[2026-04-04T09:34:25.984Z] [TCP] Registered socket for node 11-03-1-2-01
[2026-04-04T09:34:25.984Z] [TCP] TIME sync → 11-03-1-2-01
[2026-04-04T09:34:25.985Z] [TCP] DATA seq=0 node=11-03-1-2-01 V=0V I=-12.536A bat=0V clean=0
[2026-04-04T09:34:25.986Z] [DB_ERR] upsertLastProto: Data too long for column 'tcp_addr' at row 1
[2026-04-04T09:34:25.993Z] [DB] INSERT log id=768 node=11-03-1-2-01 proto=TCP/IP
[2026-04-04T09:34:28.095Z] [TCP] Error [::ffff:10.4.119.240:49153]: read ECONNRESET
[2026-04-04T09:34:28.096Z] [TCP] Disconnected: ::ffff:10.4.119.240:49153
[2026-04-04T09:34:28.297Z] [TCP] Connected: ::ffff:10.4.119.240:49153
[2026-04-04T09:34:28.303Z] [TCP] Registered socket for node 11-03-1-2-01
[2026-04-04T09:34:28.304Z] [TCP] TIME sync → 11-03-1-2-01
[2026-04-04T09:34:28.305Z] [TCP] DATA seq=0 node=11-03-1-2-01 V=0V I=-12.536A bat=0V clean=0
[2026-04-04T09:34:28.306Z] [DB_ERR] upsertLastProto: Data too long for column 'tcp_addr' at row 1
[2026-04-04T09:34:28.314Z] [DB] INSERT log id=769 node=11-03-1-2-01 proto=TCP/IP
[2026-04-04T09:34:30.415Z] [TCP] Error [::ffff:10.4.119.240:49153]: read ECONNRESET
[2026-04-04T09:34:30.416Z] [TCP] Disconnected: ::ffff:10.4.119.240:49153
[2026-04-04T09:34:30.617Z] [TCP] Connected: ::ffff:10.4.119.240:49153
[2026-04-04T09:34:30.623Z] [TCP] Registered socket for node 11-03-1-2-01
[2026-04-04T09:34:30.624Z] [TCP] TIME sync → 11-03-1-2-01
[2026-04-04T09:34:30.625Z] [TCP] DATA seq=0 node=11-03-1-2-01 V=0V I=-12.536A bat=0V clean=0
[2026-04-04T09:34:30.626Z] [DB_ERR] upsertLastProto: Data too long for column 'tcp_addr' at row 1
[2026-04-04T09:34:30.634Z] [DB] INSERT log id=770 node=11-03-1-2-01 proto=TCP/IP
[2026-04-04T09:34:32.734Z] [TCP] Error [::ffff:10.4.119.240:49153]: read ECONNRESET
[2026-04-04T09:34:32.735Z] [TCP] Disconnected: ::ffff:10.4.119.240:49153
[2026-04-04T09:34:32.937Z] [TCP] Connected: ::ffff:10.4.119.240:49153
[2026-04-04T09:34:32.943Z] [TCP] Registered socket for node 11-03-1-2-01
[2026-04-04T09:34:32.944Z] [TCP] TIME sync → 11-03-1-2-01
[2026-04-04T09:34:32.945Z] [TCP] DATA seq=0 node=11-03-1-2-01 V=0V I=-12.536A bat=0V clean=0
[2026-04-04T09:34:32.946Z] [DB_ERR] upsertLastProto: Data too long for column 'tcp_addr' at row 1
[2026-04-04T09:34:32.953Z] [DB] INSERT log id=771 node=11-03-1-2-01 proto=TCP/IP
[2026-04-04T09:34:35.054Z] [TCP] Error [::ffff:10.4.119.240:49153]: read ECONNRESET
[2026-04-04T09:34:35.055Z] [TCP] Disconnected: ::ffff:10.4.119.240:49153
[2026-04-04T09:34:35.256Z] [TCP] Connected: ::ffff:10.4.119.240:49153
[2026-04-04T09:34:35.263Z] [TCP] Registered socket for node 11-03-1-2-01
[2026-04-04T09:34:35.264Z] [TCP] TIME sync → 11-03-1-2-01
[2026-04-04T09:34:35.264Z] [TCP] DATA seq=0 node=11-03-1-2-01 V=0V I=-12.536A bat=0V clean=0
[2026-04-04T09:34:35.266Z] [DB_ERR] upsertLastProto: Data too long for column 'tcp_addr' at row 1
[2026-04-04T09:34:35.273Z] [DB] INSERT log id=772 node=11-03-1-2-01 proto=TCP/IP
[2026-04-04T09:34:37.374Z] [TCP] Error [::ffff:10.4.119.240:49153]: read ECONNRESET
[2026-04-04T09:34:37.375Z] [TCP] Disconnected: ::ffff:10.4.119.240:49153
[2026-04-04T09:34:37.577Z] [TCP] Connected: ::ffff:10.4.119.240:49153
[2026-04-04T09:34:37.583Z] [TCP] Registered socket for node 11-03-1-2-01
[2026-04-04T09:34:37.584Z] [TCP] TIME sync → 11-03-1-2-01
[2026-04-04T09:34:37.584Z] [TCP] DATA seq=0 node=11-03-1-2-01 V=0V I=-12.562A bat=0V clean=0
[2026-04-04T09:34:37.585Z] [DB_ERR] upsertLastProto: Data too long for column 'tcp_addr' at row 1
[2026-04-04T09:34:37.594Z] [DB] INSERT log id=773 node=11-03-1-2-01 proto=TCP/IP
[2026-04-04T09:34:39.694Z] [TCP] Error [::ffff:10.4.119.240:49153]: read ECONNRESET
[2026-04-04T09:34:39.695Z] [TCP] Disconnected: ::ffff:10.4.119.240:49153
[2026-04-04T09:34:39.897Z] [TCP] Connected: ::ffff:10.4.119.240:49153
[2026-04-04T09:34:39.903Z] [TCP] Registered socket for node 11-03-1-2-01
[2026-04-04T09:34:39.904Z] [TCP] TIME sync → 11-03-1-2-01
[2026-04-04T09:34:39.904Z] [TCP] DATA seq=0 node=11-03-1-2-01 V=0V I=-12.404A bat=0V clean=0
[2026-04-04T09:34:39.907Z] [DB_ERR] upsertLastProto: Data too long for column 'tcp_addr' at row 1
[2026-04-04T09:34:39.914Z] [DB] INSERT log id=774 node=11-03-1-2-01 proto=TCP/IP
[2026-04-04T09:34:42.013Z] [TCP] Error [::ffff:10.4.119.240:49153]: read ECONNRESET
[2026-04-04T09:34:42.014Z] [TCP] Disconnected: ::ffff:10.4.119.240:49153
[2026-04-04T09:34:42.216Z] [TCP] Connected: ::ffff:10.4.119.240:49153
[2026-04-04T09:34:42.222Z] [TCP] Registered socket for node 11-03-1-2-01
[2026-04-04T09:34:42.223Z] [TCP] TIME sync → 11-03-1-2-01
[2026-04-04T09:34:42.224Z] [TCP] DATA seq=0 node=11-03-1-2-01 V=0V I=-12.43A bat=0V clean=0
[2026-04-04T09:34:42.225Z] [DB_ERR] upsertLastProto: Data too long for column 'tcp_addr' at row 1
[2026-04-04T09:34:42.236Z] [DB] INSERT log id=775 node=11-03-1-2-01 proto=TCP/IP
[2026-04-04T09:34:44.334Z] [TCP] Error [::ffff:10.4.119.240:49153]: read ECONNRESET
[2026-04-04T09:34:44.335Z] [TCP] Disconnected: ::ffff:10.4.119.240:49153
[2026-04-04T09:34:44.536Z] [TCP] Connected: ::ffff:10.4.119.240:49153
[2026-04-04T09:34:44.542Z] [TCP] Registered socket for node 11-03-1-2-01
[2026-04-04T09:34:44.543Z] [TCP] TIME sync → 11-03-1-2-01
[2026-04-04T09:34:44.544Z] [TCP] DATA seq=0 node=11-03-1-2-01 V=0V I=-12.483A bat=0V clean=0
[2026-04-04T09:34:44.545Z] [DB_ERR] upsertLastProto: Data too long for column 'tcp_addr' at row 1
[2026-04-04T09:34:44.552Z] [DB] INSERT log id=776 node=11-03-1-2-01 proto=TCP/IP
[2026-04-04T09:34:46.653Z] [TCP] Error [::ffff:10.4.119.240:49153]: read ECONNRESET
[2026-04-04T09:34:46.654Z] [TCP] Disconnected: ::ffff:10.4.119.240:49153
[2026-04-04T09:34:46.855Z] [TCP] Connected: ::ffff:10.4.119.240:49153
[2026-04-04T09:34:46.862Z] [TCP] Registered socket for node 11-03-1-2-01
[2026-04-04T09:34:46.862Z] [TCP] TIME sync → 11-03-1-2-01
[2026-04-04T09:34:46.863Z] [TCP] DATA seq=0 node=11-03-1-2-01 V=0V I=-12.51A bat=0V clean=0
[2026-04-04T09:34:46.864Z] [DB_ERR] upsertLastProto: Data too long for column 'tcp_addr' at row 1
[2026-04-04T09:34:46.871Z] [DB] INSERT log id=777 node=11-03-1-2-01 proto=TCP/IP
[2026-04-04T09:34:48.973Z] [TCP] Error [::ffff:10.4.119.240:49153]: read ECONNRESET
[2026-04-04T09:34:48.973Z] [TCP] Disconnected: ::ffff:10.4.119.240:49153
[2026-04-04T09:34:49.175Z] [TCP] Connected: ::ffff:10.4.119.240:49153
[2026-04-04T09:34:49.181Z] [TCP] Registered socket for node 11-03-1-2-01
[2026-04-04T09:34:49.182Z] [TCP] TIME sync → 11-03-1-2-01
[2026-04-04T09:34:49.183Z] [TCP] DATA seq=0 node=11-03-1-2-01 V=0V I=-12.457A bat=0V clean=0
[2026-04-04T09:34:49.184Z] [DB_ERR] upsertLastProto: Data too long for column 'tcp_addr' at row 1
[2026-04-04T09:34:49.192Z] [DB] INSERT log id=778 node=11-03-1-2-01 proto=TCP/IP
[2026-04-04T09:34:51.293Z] [TCP] Error [::ffff:10.4.119.240:49153]: read ECONNRESET
[2026-04-04T09:34:51.294Z] [TCP] Disconnected: ::ffff:10.4.119.240:49153
[2026-04-04T09:34:51.495Z] [TCP] Connected: ::ffff:10.4.119.240:49153
[2026-04-04T09:34:51.501Z] [TCP] Registered socket for node 11-03-1-2-01
[2026-04-04T09:34:51.502Z] [TCP] TIME sync → 11-03-1-2-01
[2026-04-04T09:34:51.502Z] [TCP] DATA seq=0 node=11-03-1-2-01 V=0V I=-12.483A bat=0V clean=0
[2026-04-04T09:34:51.504Z] [DB_ERR] upsertLastProto: Data too long for column 'tcp_addr' at row 1
[2026-04-04T09:34:51.512Z] [DB] INSERT log id=779 node=11-03-1-2-01 proto=TCP/IP
[2026-04-04T09:34:53.612Z] [TCP] Error [::ffff:10.4.119.240:49153]: read ECONNRESET
[2026-04-04T09:34:53.613Z] [TCP] Disconnected: ::ffff:10.4.119.240:49153
[2026-04-04T09:34:53.815Z] [TCP] Connected: ::ffff:10.4.119.240:49153
[2026-04-04T09:34:53.821Z] [TCP] Registered socket for node 11-03-1-2-01
[2026-04-04T09:34:53.822Z] [TCP] TIME sync → 11-03-1-2-01
[2026-04-04T09:34:53.823Z] [TCP] DATA seq=0 node=11-03-1-2-01 V=0V I=-12.51A bat=0V clean=0
[2026-04-04T09:34:53.824Z] [DB_ERR] upsertLastProto: Data too long for column 'tcp_addr' at row 1
[2026-04-04T09:34:53.832Z] [DB] INSERT log id=780 node=11-03-1-2-01 proto=TCP/IP
[2026-04-04T09:34:55.932Z] [TCP] Error [::ffff:10.4.119.240:49153]: read ECONNRESET
[2026-04-04T09:34:55.933Z] [TCP] Disconnected: ::ffff:10.4.119.240:49153
[2026-04-04T09:34:56.135Z] [TCP] Connected: ::ffff:10.4.119.240:49153
[2026-04-04T09:34:56.141Z] [TCP] Registered socket for node 11-03-1-2-01
[2026-04-04T09:34:56.142Z] [TCP] TIME sync → 11-03-1-2-01
[2026-04-04T09:34:56.142Z] [TCP] DATA seq=0 node=11-03-1-2-01 V=0V I=-12.536A bat=0V clean=0
[2026-04-04T09:34:56.143Z] [DB_ERR] upsertLastProto: Data too long for column 'tcp_addr' at row 1
[2026-04-04T09:34:56.152Z] [DB] INSERT log id=781 node=11-03-1-2-01 proto=TCP/IP
[2026-04-04T09:34:58.252Z] [TCP] Error [::ffff:10.4.119.240:49153]: read ECONNRESET
[2026-04-04T09:34:58.253Z] [TCP] Disconnected: ::ffff:10.4.119.240:49153
[2026-04-04T09:34:58.454Z] [TCP] Connected: ::ffff:10.4.119.240:49153
[2026-04-04T09:34:58.460Z] [TCP] Registered socket for node 11-03-1-2-01
[2026-04-04T09:34:58.461Z] [TCP] TIME sync → 11-03-1-2-01
[2026-04-04T09:34:58.462Z] [TCP] DATA seq=0 node=11-03-1-2-01 V=0V I=-12.51A bat=0V clean=0
[2026-04-04T09:34:58.463Z] [DB_ERR] upsertLastProto: Data too long for column 'tcp_addr' at row 1
[2026-04-04T09:34:58.471Z] [DB] INSERT log id=782 node=11-03-1-2-01 proto=TCP/IP
[2026-04-04T09:35:00.572Z] [TCP] Error [::ffff:10.4.119.240:49153]: read ECONNRESET
[2026-04-04T09:35:00.572Z] [TCP] Disconnected: ::ffff:10.4.119.240:49153
[2026-04-04T09:35:00.774Z] [TCP] Connected: ::ffff:10.4.119.240:49153
[2026-04-04T09:35:00.780Z] [TCP] Registered socket for node 11-03-1-2-01
[2026-04-04T09:35:00.781Z] [TCP] TIME sync → 11-03-1-2-01
[2026-04-04T09:35:00.781Z] [TCP] DATA seq=0 node=11-03-1-2-01 V=0V I=-12.536A bat=0V clean=0
[2026-04-04T09:35:00.783Z] [DB_ERR] upsertLastProto: Data too long for column 'tcp_addr' at row 1
[2026-04-04T09:35:00.791Z] [DB] INSERT log id=783 node=11-03-1-2-01 proto=TCP/IP
[2026-04-04T09:35:02.891Z] [TCP] Error [::ffff:10.4.119.240:49153]: read ECONNRESET
[2026-04-04T09:35:02.892Z] [TCP] Disconnected: ::ffff:10.4.119.240:49153
[2026-04-04T09:35:03.095Z] [TCP] Connected: ::ffff:10.4.119.240:49153
[2026-04-04T09:35:03.101Z] [TCP] Registered socket for node 11-03-1-2-01
[2026-04-04T09:35:03.102Z] [TCP] TIME sync → 11-03-1-2-01
[2026-04-04T09:35:03.102Z] [TCP] DATA seq=0 node=11-03-1-2-01 V=0V I=-12.615A bat=0V clean=0
[2026-04-04T09:35:03.103Z] [DB_ERR] upsertLastProto: Data too long for column 'tcp_addr' at row 1
[2026-04-04T09:35:03.112Z] [DB] INSERT log id=784 node=11-03-1-2-01 proto=TCP/IP
[2026-04-04T09:35:05.212Z] [TCP] Error [::ffff:10.4.119.240:49153]: read ECONNRESET
[2026-04-04T09:35:05.213Z] [TCP] Disconnected: ::ffff:10.4.119.240:49153
[2026-04-04T09:35:05.415Z] [TCP] Connected: ::ffff:10.4.119.240:49153
[2026-04-04T09:35:05.421Z] [TCP] Registered socket for node 11-03-1-2-01
[2026-04-04T09:35:05.422Z] [TCP] TIME sync → 11-03-1-2-01
[2026-04-04T09:35:05.422Z] [TCP] DATA seq=0 node=11-03-1-2-01 V=0V I=-12.747A bat=0V clean=0
[2026-04-04T09:35:05.423Z] [DB_ERR] upsertLastProto: Data too long for column 'tcp_addr' at row 1
[2026-04-04T09:35:05.430Z] [DB] INSERT log id=785 node=11-03-1-2-01 proto=TCP/IP
[2026-04-04T09:35:07.532Z] [TCP] Error [::ffff:10.4.119.240:49153]: read ECONNRESET
[2026-04-04T09:35:07.533Z] [TCP] Disconnected: ::ffff:10.4.119.240:49153
[2026-04-04T09:35:07.735Z] [TCP] Connected: ::ffff:10.4.119.240:49153
[2026-04-04T09:35:07.741Z] [TCP] Registered socket for node 11-03-1-2-01
[2026-04-04T09:35:07.742Z] [TCP] TIME sync → 11-03-1-2-01
[2026-04-04T09:35:07.743Z] [TCP] DATA seq=0 node=11-03-1-2-01 V=0V I=-12.695A bat=0V clean=0
[2026-04-04T09:35:07.744Z] [DB_ERR] upsertLastProto: Data too long for column 'tcp_addr' at row 1
[2026-04-04T09:35:07.752Z] [DB] INSERT log id=786 node=11-03-1-2-01 proto=TCP/IP
[2026-04-04T09:35:09.852Z] [TCP] Error [::ffff:10.4.119.240:49153]: read ECONNRESET
[2026-04-04T09:35:09.853Z] [TCP] Disconnected: ::ffff:10.4.119.240:49153
[2026-04-04T09:35:10.055Z] [TCP] Connected: ::ffff:10.4.119.240:49153
[2026-04-04T09:35:10.061Z] [TCP] Registered socket for node 11-03-1-2-01
[2026-04-04T09:35:10.062Z] [TCP] TIME sync → 11-03-1-2-01
[2026-04-04T09:35:10.063Z] [TCP] DATA seq=0 node=11-03-1-2-01 V=0V I=-12.615A bat=0V clean=0
[2026-04-04T09:35:10.064Z] [DB_ERR] upsertLastProto: Data too long for column 'tcp_addr' at row 1
[2026-04-04T09:35:10.072Z] [DB] INSERT log id=787 node=11-03-1-2-01 proto=TCP/IP
[2026-04-04T09:35:12.172Z] [TCP] Error [::ffff:10.4.119.240:49153]: read ECONNRESET
[2026-04-04T09:35:12.173Z] [TCP] Disconnected: ::ffff:10.4.119.240:49153
[2026-04-04T09:35:12.375Z] [TCP] Connected: ::ffff:10.4.119.240:49153
[2026-04-04T09:35:12.381Z] [TCP] Registered socket for node 11-03-1-2-01
[2026-04-04T09:35:12.382Z] [TCP] TIME sync → 11-03-1-2-01
[2026-04-04T09:35:12.382Z] [TCP] DATA seq=0 node=11-03-1-2-01 V=0V I=-12.562A bat=0V clean=0
[2026-04-04T09:35:12.383Z] [DB_ERR] upsertLastProto: Data too long for column 'tcp_addr' at row 1
[2026-04-04T09:35:12.391Z] [DB] INSERT log id=788 node=11-03-1-2-01 proto=TCP/IP
[2026-04-04T09:35:14.492Z] [TCP] Error [::ffff:10.4.119.240:49153]: read ECONNRESET
[2026-04-04T09:35:14.493Z] [TCP] Disconnected: ::ffff:10.4.119.240:49153
[2026-04-04T09:35:14.694Z] [TCP] Connected: ::ffff:10.4.119.240:49153
[2026-04-04T09:35:14.700Z] [TCP] Registered socket for node 11-03-1-2-01
[2026-04-04T09:35:14.701Z] [TCP] TIME sync → 11-03-1-2-01
[2026-04-04T09:35:14.701Z] [TCP] DATA seq=0 node=11-03-1-2-01 V=0V I=-12.536A bat=0V clean=0
[2026-04-04T09:35:14.703Z] [DB_ERR] upsertLastProto: Data too long for column 'tcp_addr' at row 1
[2026-04-04T09:35:14.712Z] [DB] INSERT log id=789 node=11-03-1-2-01 proto=TCP/IP
[2026-04-04T09:35:16.812Z] [TCP] Error [::ffff:10.4.119.240:49153]: read ECONNRESET
[2026-04-04T09:35:16.812Z] [TCP] Disconnected: ::ffff:10.4.119.240:49153
[2026-04-04T09:35:17.014Z] [TCP] Connected: ::ffff:10.4.119.240:49153
[2026-04-04T09:35:17.020Z] [TCP] Registered socket for node 11-03-1-2-01
[2026-04-04T09:35:17.021Z] [TCP] TIME sync → 11-03-1-2-01
[2026-04-04T09:35:17.022Z] [TCP] DATA seq=0 node=11-03-1-2-01 V=0V I=-12.51A bat=0V clean=0
[2026-04-04T09:35:17.023Z] [DB_ERR] upsertLastProto: Data too long for column 'tcp_addr' at row 1
[2026-04-04T09:35:17.032Z] [DB] INSERT log id=790 node=11-03-1-2-01 proto=TCP/IP
[2026-04-04T09:35:19.132Z] [TCP] Error [::ffff:10.4.119.240:49153]: read ECONNRESET
[2026-04-04T09:35:19.133Z] [TCP] Disconnected: ::ffff:10.4.119.240:49153
[2026-04-04T09:35:19.334Z] [TCP] Connected: ::ffff:10.4.119.240:49153
[2026-04-04T09:35:19.340Z] [TCP] Registered socket for node 11-03-1-2-01
[2026-04-04T09:35:19.341Z] [TCP] TIME sync → 11-03-1-2-01
[2026-04-04T09:35:19.341Z] [TCP] DATA seq=0 node=11-03-1-2-01 V=0V I=-12.536A bat=0V clean=0
[2026-04-04T09:35:19.342Z] [DB_ERR] upsertLastProto: Data too long for column 'tcp_addr' at row 1
[2026-04-04T09:35:19.350Z] [DB] INSERT log id=791 node=11-03-1-2-01 proto=TCP/IP
[2026-04-04T09:35:21.451Z] [TCP] Error [::ffff:10.4.119.240:49153]: read ECONNRESET
[2026-04-04T09:35:21.452Z] [TCP] Disconnected: ::ffff:10.4.119.240:49153
[2026-04-04T09:35:21.654Z] [TCP] Connected: ::ffff:10.4.119.240:49153
[2026-04-04T09:35:21.660Z] [TCP] Registered socket for node 11-03-1-2-01
[2026-04-04T09:35:21.661Z] [TCP] TIME sync → 11-03-1-2-01
[2026-04-04T09:35:21.662Z] [TCP] DATA seq=0 node=11-03-1-2-01 V=0V I=-12.536A bat=0V clean=0
[2026-04-04T09:35:21.663Z] [DB_ERR] upsertLastProto: Data too long for column 'tcp_addr' at row 1
[2026-04-04T09:35:21.671Z] [DB] INSERT log id=792 node=11-03-1-2-01 proto=TCP/IP
[2026-04-04T09:35:23.771Z] [TCP] Error [::ffff:10.4.119.240:49153]: read ECONNRESET
[2026-04-04T09:35:23.772Z] [TCP] Disconnected: ::ffff:10.4.119.240:49153
[2026-04-04T09:35:23.974Z] [TCP] Connected: ::ffff:10.4.119.240:49153
[2026-04-04T09:35:23.980Z] [TCP] Registered socket for node 11-03-1-2-01
[2026-04-04T09:35:23.981Z] [TCP] TIME sync → 11-03-1-2-01
[2026-04-04T09:35:23.981Z] [TCP] DATA seq=0 node=11-03-1-2-01 V=0V I=-12.562A bat=0V clean=0
[2026-04-04T09:35:23.982Z] [DB_ERR] upsertLastProto: Data too long for column 'tcp_addr' at row 1
[2026-04-04T09:35:23.991Z] [DB] INSERT log id=793 node=11-03-1-2-01 proto=TCP/IP
[2026-04-04T09:35:26.090Z] [TCP] Error [::ffff:10.4.119.240:49153]: read ECONNRESET
[2026-04-04T09:35:26.092Z] [TCP] Disconnected: ::ffff:10.4.119.240:49153
[2026-04-04T09:35:26.293Z] [TCP] Connected: ::ffff:10.4.119.240:49153
[2026-04-04T09:35:26.299Z] [TCP] Registered socket for node 11-03-1-2-01
[2026-04-04T09:35:26.300Z] [TCP] TIME sync → 11-03-1-2-01
[2026-04-04T09:35:26.301Z] [TCP] DATA seq=0 node=11-03-1-2-01 V=0V I=-12.377A bat=0V clean=0
[2026-04-04T09:35:26.302Z] [DB_ERR] upsertLastProto: Data too long for column 'tcp_addr' at row 1
[2026-04-04T09:35:26.311Z] [DB] INSERT log id=794 node=11-03-1-2-01 proto=TCP/IP
[2026-04-04T09:35:28.410Z] [TCP] Error [::ffff:10.4.119.240:49153]: read ECONNRESET
[2026-04-04T09:35:28.411Z] [TCP] Disconnected: ::ffff:10.4.119.240:49153
[2026-04-04T09:35:28.613Z] [TCP] Connected: ::ffff:10.4.119.240:49153
[2026-04-04T09:35:28.619Z] [TCP] Registered socket for node 11-03-1-2-01
[2026-04-04T09:35:28.620Z] [TCP] TIME sync → 11-03-1-2-01
[2026-04-04T09:35:28.620Z] [TCP] DATA seq=0 node=11-03-1-2-01 V=0V I=-12.325A bat=0V clean=0
[2026-04-04T09:35:28.622Z] [DB_ERR] upsertLastProto: Data too long for column 'tcp_addr' at row 1
[2026-04-04T09:35:28.629Z] [DB] INSERT log id=795 node=11-03-1-2-01 proto=TCP/IP
[2026-04-04T09:35:30.731Z] [TCP] Error [::ffff:10.4.119.240:49153]: read ECONNRESET
[2026-04-04T09:35:30.731Z] [TCP] Disconnected: ::ffff:10.4.119.240:49153
[2026-04-04T09:35:30.933Z] [TCP] Connected: ::ffff:10.4.119.240:49153
[2026-04-04T09:35:30.939Z] [TCP] Registered socket for node 11-03-1-2-01
[2026-04-04T09:35:30.940Z] [TCP] TIME sync → 11-03-1-2-01
[2026-04-04T09:35:30.941Z] [TCP] DATA seq=0 node=11-03-1-2-01 V=0V I=-12.377A bat=0V clean=0
[2026-04-04T09:35:30.942Z] [DB_ERR] upsertLastProto: Data too long for column 'tcp_addr' at row 1
[2026-04-04T09:35:30.950Z] [DB] INSERT log id=796 node=11-03-1-2-01 proto=TCP/IP
[2026-04-04T09:35:33.050Z] [TCP] Error [::ffff:10.4.119.240:49153]: read ECONNRESET
[2026-04-04T09:35:33.050Z] [TCP] Disconnected: ::ffff:10.4.119.240:49153
[2026-04-04T09:35:33.252Z] [TCP] Connected: ::ffff:10.4.119.240:49153
[2026-04-04T09:35:33.258Z] [TCP] Registered socket for node 11-03-1-2-01
[2026-04-04T09:35:33.259Z] [TCP] TIME sync → 11-03-1-2-01
[2026-04-04T09:35:33.260Z] [TCP] DATA seq=0 node=11-03-1-2-01 V=0V I=-12.404A bat=0V clean=0
[2026-04-04T09:35:33.261Z] [DB_ERR] upsertLastProto: Data too long for column 'tcp_addr' at row 1
[2026-04-04T09:35:33.269Z] [DB] INSERT log id=797 node=11-03-1-2-01 proto=TCP/IP
[2026-04-04T09:35:35.370Z] [TCP] Error [::ffff:10.4.119.240:49153]: read ECONNRESET
[2026-04-04T09:35:35.371Z] [TCP] Disconnected: ::ffff:10.4.119.240:49153
[2026-04-04T09:35:35.572Z] [TCP] Connected: ::ffff:10.4.119.240:49153
[2026-04-04T09:35:35.578Z] [TCP] Registered socket for node 11-03-1-2-01
[2026-04-04T09:35:35.579Z] [TCP] TIME sync → 11-03-1-2-01
[2026-04-04T09:35:35.579Z] [TCP] DATA seq=0 node=11-03-1-2-01 V=0V I=-12.404A bat=0V clean=0
[2026-04-04T09:35:35.581Z] [DB_ERR] upsertLastProto: Data too long for column 'tcp_addr' at row 1
[2026-04-04T09:35:35.588Z] [DB] INSERT log id=798 node=11-03-1-2-01 proto=TCP/IP
[2026-04-04T09:35:37.689Z] [TCP] Error [::ffff:10.4.119.240:49153]: read ECONNRESET
[2026-04-04T09:35:37.690Z] [TCP] Disconnected: ::ffff:10.4.119.240:49153
[2026-04-04T09:35:37.892Z] [TCP] Connected: ::ffff:10.4.119.240:49153
[2026-04-04T09:35:37.898Z] [TCP] Registered socket for node 11-03-1-2-01
[2026-04-04T09:35:37.899Z] [TCP] TIME sync → 11-03-1-2-01
[2026-04-04T09:35:37.899Z] [TCP] DATA seq=0 node=11-03-1-2-01 V=0V I=-12.43A bat=0V clean=0
[2026-04-04T09:35:37.900Z] [DB_ERR] upsertLastProto: Data too long for column 'tcp_addr' at row 1
[2026-04-04T09:35:37.909Z] [DB] INSERT log id=799 node=11-03-1-2-01 proto=TCP/IP
[2026-04-04T09:35:40.009Z] [TCP] Error [::ffff:10.4.119.240:49153]: read ECONNRESET
[2026-04-04T09:35:40.010Z] [TCP] Disconnected: ::ffff:10.4.119.240:49153
[2026-04-04T09:35:40.211Z] [TCP] Connected: ::ffff:10.4.119.240:49153
[2026-04-04T09:35:40.218Z] [TCP] Registered socket for node 11-03-1-2-01
[2026-04-04T09:35:40.219Z] [TCP] TIME sync → 11-03-1-2-01
[2026-04-04T09:35:40.219Z] [TCP] DATA seq=0 node=11-03-1-2-01 V=0V I=-12.483A bat=0V clean=0
[2026-04-04T09:35:40.220Z] [DB_ERR] upsertLastProto: Data too long for column 'tcp_addr' at row 1
[2026-04-04T09:35:40.228Z] [DB] INSERT log id=800 node=11-03-1-2-01 proto=TCP/IP
[2026-04-04T09:35:42.329Z] [TCP] Error [::ffff:10.4.119.240:49153]: read ECONNRESET
[2026-04-04T09:35:42.329Z] [TCP] Disconnected: ::ffff:10.4.119.240:49153
[2026-04-04T09:35:42.531Z] [TCP] Connected: ::ffff:10.4.119.240:49153
[2026-04-04T09:35:42.538Z] [TCP] Registered socket for node 11-03-1-2-01
[2026-04-04T09:35:42.539Z] [TCP] TIME sync → 11-03-1-2-01
[2026-04-04T09:35:42.539Z] [TCP] DATA seq=0 node=11-03-1-2-01 V=0V I=-12.51A bat=0V clean=0
[2026-04-04T09:35:42.540Z] [DB_ERR] upsertLastProto: Data too long for column 'tcp_addr' at row 1
[2026-04-04T09:35:42.547Z] [DB] INSERT log id=801 node=11-03-1-2-01 proto=TCP/IP
[2026-04-04T09:35:44.649Z] [TCP] Error [::ffff:10.4.119.240:49153]: read ECONNRESET
[2026-04-04T09:35:44.649Z] [TCP] Disconnected: ::ffff:10.4.119.240:49153
[2026-04-04T09:35:44.852Z] [TCP] Connected: ::ffff:10.4.119.240:49153
[2026-04-04T09:35:44.857Z] [TCP] Registered socket for node 11-03-1-2-01
[2026-04-04T09:35:44.858Z] [TCP] TIME sync → 11-03-1-2-01
[2026-04-04T09:35:44.859Z] [TCP] DATA seq=0 node=11-03-1-2-01 V=0V I=-12.536A bat=0V clean=0
[2026-04-04T09:35:44.860Z] [DB_ERR] upsertLastProto: Data too long for column 'tcp_addr' at row 1
[2026-04-04T09:35:44.867Z] [DB] INSERT log id=802 node=11-03-1-2-01 proto=TCP/IP
[2026-04-04T09:35:46.969Z] [TCP] Error [::ffff:10.4.119.240:49153]: read ECONNRESET
[2026-04-04T09:35:46.970Z] [TCP] Disconnected: ::ffff:10.4.119.240:49153
[2026-04-04T09:35:47.172Z] [TCP] Connected: ::ffff:10.4.119.240:49153
[2026-04-04T09:35:47.179Z] [TCP] Registered socket for node 11-03-1-2-01
[2026-04-04T09:35:47.180Z] [TCP] TIME sync → 11-03-1-2-01
[2026-04-04T09:35:47.180Z] [TCP] DATA seq=0 node=11-03-1-2-01 V=0V I=-12.483A bat=0V clean=0
[2026-04-04T09:35:47.181Z] [DB_ERR] upsertLastProto: Data too long for column 'tcp_addr' at row 1
[2026-04-04T09:35:47.189Z] [DB] INSERT log id=803 node=11-03-1-2-01 proto=TCP/IP
[2026-04-04T09:35:49.290Z] [TCP] Error [::ffff:10.4.119.240:49153]: read ECONNRESET
[2026-04-04T09:35:49.290Z] [TCP] Disconnected: ::ffff:10.4.119.240:49153
[2026-04-04T09:35:49.493Z] [TCP] Connected: ::ffff:10.4.119.240:49153
[2026-04-04T09:35:49.499Z] [TCP] Registered socket for node 11-03-1-2-01
[2026-04-04T09:35:49.500Z] [TCP] TIME sync → 11-03-1-2-01
[2026-04-04T09:35:49.500Z] [TCP] DATA seq=0 node=11-03-1-2-01 V=0V I=-12.51A bat=0V clean=0
[2026-04-04T09:35:49.501Z] [DB_ERR] upsertLastProto: Data too long for column 'tcp_addr' at row 1
[2026-04-04T09:35:49.508Z] [DB] INSERT log id=804 node=11-03-1-2-01 proto=TCP/IP
[2026-04-04T09:35:51.611Z] [TCP] Error [::ffff:10.4.119.240:49153]: read ECONNRESET
[2026-04-04T09:35:51.612Z] [TCP] Disconnected: ::ffff:10.4.119.240:49153
[2026-04-04T09:35:51.813Z] [TCP] Connected: ::ffff:10.4.119.240:49153
[2026-04-04T09:35:51.820Z] [TCP] Registered socket for node 11-03-1-2-01
[2026-04-04T09:35:51.821Z] [TCP] TIME sync → 11-03-1-2-01
[2026-04-04T09:35:51.821Z] [TCP] DATA seq=0 node=11-03-1-2-01 V=0V I=-12.747A bat=0V clean=0
[2026-04-04T09:35:51.823Z] [DB_ERR] upsertLastProto: Data too long for column 'tcp_addr' at row 1
[2026-04-04T09:35:51.831Z] [DB] INSERT log id=805 node=11-03-1-2-01 proto=TCP/IP
[2026-04-04T09:35:53.931Z] [TCP] Error [::ffff:10.4.119.240:49153]: read ECONNRESET
[2026-04-04T09:35:53.932Z] [TCP] Disconnected: ::ffff:10.4.119.240:49153
[2026-04-04T09:35:54.133Z] [TCP] Connected: ::ffff:10.4.119.240:49153
[2026-04-04T09:35:54.140Z] [TCP] Registered socket for node 11-03-1-2-01
[2026-04-04T09:35:54.140Z] [TCP] TIME sync → 11-03-1-2-01
[2026-04-04T09:35:54.141Z] [TCP] DATA seq=0 node=11-03-1-2-01 V=0V I=-12.827A bat=0V clean=0
[2026-04-04T09:35:54.142Z] [DB_ERR] upsertLastProto: Data too long for column 'tcp_addr' at row 1
[2026-04-04T09:35:54.149Z] [DB] INSERT log id=806 node=11-03-1-2-01 proto=TCP/IP
[2026-04-04T09:35:56.251Z] [TCP] Error [::ffff:10.4.119.240:49153]: read ECONNRESET
[2026-04-04T09:35:56.252Z] [TCP] Disconnected: ::ffff:10.4.119.240:49153
[2026-04-04T09:35:56.453Z] [TCP] Connected: ::ffff:10.4.119.240:49153
[2026-04-04T09:35:56.459Z] [TCP] Registered socket for node 11-03-1-2-01
[2026-04-04T09:35:56.460Z] [TCP] TIME sync → 11-03-1-2-01
[2026-04-04T09:35:56.460Z] [TCP] DATA seq=0 node=11-03-1-2-01 V=0V I=-12.853A bat=0V clean=0
[2026-04-04T09:35:56.461Z] [DB_ERR] upsertLastProto: Data too long for column 'tcp_addr' at row 1
[2026-04-04T09:35:56.468Z] [DB] INSERT log id=807 node=11-03-1-2-01 proto=TCP/IP
[2026-04-04T09:35:58.571Z] [TCP] Error [::ffff:10.4.119.240:49153]: read ECONNRESET
[2026-04-04T09:35:58.571Z] [TCP] Disconnected: ::ffff:10.4.119.240:49153
[2026-04-04T09:35:58.773Z] [TCP] Connected: ::ffff:10.4.119.240:49153
[2026-04-04T09:35:58.779Z] [TCP] Registered socket for node 11-03-1-2-01
[2026-04-04T09:35:58.780Z] [TCP] TIME sync → 11-03-1-2-01
[2026-04-04T09:35:58.780Z] [TCP] DATA seq=0 node=11-03-1-2-01 V=0V I=-12.879A bat=0V clean=0
[2026-04-04T09:35:58.781Z] [DB_ERR] upsertLastProto: Data too long for column 'tcp_addr' at row 1
[2026-04-04T09:35:58.790Z] [DB] INSERT log id=808 node=11-03-1-2-01 proto=TCP/IP
[2026-04-04T09:36:00.890Z] [TCP] Error [::ffff:10.4.119.240:49153]: read ECONNRESET
[2026-04-04T09:36:00.891Z] [TCP] Disconnected: ::ffff:10.4.119.240:49153
[2026-04-04T09:36:01.093Z] [TCP] Connected: ::ffff:10.4.119.240:49153
[2026-04-04T09:36:01.098Z] [TCP] Registered socket for node 11-03-1-2-01
[2026-04-04T09:36:01.099Z] [TCP] TIME sync → 11-03-1-2-01
[2026-04-04T09:36:01.100Z] [TCP] DATA seq=0 node=11-03-1-2-01 V=0V I=-12.853A bat=0V clean=0
[2026-04-04T09:36:01.101Z] [DB_ERR] upsertLastProto: Data too long for column 'tcp_addr' at row 1
[2026-04-04T09:36:01.107Z] [DB] INSERT log id=809 node=11-03-1-2-01 proto=TCP/IP
[2026-04-04T09:36:03.209Z] [TCP] Error [::ffff:10.4.119.240:49153]: read ECONNRESET
[2026-04-04T09:36:03.210Z] [TCP] Disconnected: ::ffff:10.4.119.240:49153
[2026-04-04T09:36:03.413Z] [TCP] Connected: ::ffff:10.4.119.240:49153
[2026-04-04T09:36:03.419Z] [TCP] Registered socket for node 11-03-1-2-01
[2026-04-04T09:36:03.422Z] [TCP] TIME sync → 11-03-1-2-01
[2026-04-04T09:36:03.423Z] [TCP] DATA seq=0 node=11-03-1-2-01 V=0V I=-12.642A bat=0V clean=0
[2026-04-04T09:36:03.425Z] [DB_ERR] upsertLastProto: Data too long for column 'tcp_addr' at row 1
[2026-04-04T09:36:03.434Z] [DB] INSERT log id=810 node=11-03-1-2-01 proto=TCP/IP
[2026-04-04T09:36:05.531Z] [TCP] Error [::ffff:10.4.119.240:49153]: read ECONNRESET
[2026-04-04T09:36:05.532Z] [TCP] Disconnected: ::ffff:10.4.119.240:49153
[2026-04-04T09:36:05.733Z] [TCP] Connected: ::ffff:10.4.119.240:49153
[2026-04-04T09:36:05.739Z] [TCP] Registered socket for node 11-03-1-2-01
[2026-04-04T09:36:05.740Z] [TCP] TIME sync → 11-03-1-2-01
[2026-04-04T09:36:05.740Z] [TCP] DATA seq=0 node=11-03-1-2-01 V=0V I=-12.615A bat=0V clean=0
[2026-04-04T09:36:05.741Z] [DB_ERR] upsertLastProto: Data too long for column 'tcp_addr' at row 1
[2026-04-04T09:36:05.748Z] [DB] INSERT log id=811 node=11-03-1-2-01 proto=TCP/IP
[2026-04-04T09:36:07.850Z] [TCP] Error [::ffff:10.4.119.240:49153]: read ECONNRESET
[2026-04-04T09:36:07.851Z] [TCP] Disconnected: ::ffff:10.4.119.240:49153
[2026-04-04T09:36:08.054Z] [TCP] Connected: ::ffff:10.4.119.240:49153
[2026-04-04T09:36:08.060Z] [TCP] Registered socket for node 11-03-1-2-01
[2026-04-04T09:36:08.061Z] [TCP] TIME sync → 11-03-1-2-01
[2026-04-04T09:36:08.061Z] [TCP] DATA seq=0 node=11-03-1-2-01 V=0V I=-12.615A bat=0V clean=0
[2026-04-04T09:36:08.062Z] [DB_ERR] upsertLastProto: Data too long for column 'tcp_addr' at row 1
[2026-04-04T09:36:08.069Z] [DB] INSERT log id=812 node=11-03-1-2-01 proto=TCP/IP
[2026-04-04T09:36:10.171Z] [TCP] Error [::ffff:10.4.119.240:49153]: read ECONNRESET
[2026-04-04T09:36:10.172Z] [TCP] Disconnected: ::ffff:10.4.119.240:49153
[2026-04-04T09:36:10.374Z] [TCP] Connected: ::ffff:10.4.119.240:49153
[2026-04-04T09:36:10.380Z] [TCP] Registered socket for node 11-03-1-2-01
[2026-04-04T09:36:10.381Z] [TCP] TIME sync → 11-03-1-2-01
[2026-04-04T09:36:10.381Z] [TCP] DATA seq=0 node=11-03-1-2-01 V=0V I=-12.589A bat=0V clean=0
[2026-04-04T09:36:10.383Z] [DB_ERR] upsertLastProto: Data too long for column 'tcp_addr' at row 1
[2026-04-04T09:36:10.389Z] [DB] INSERT log id=813 node=11-03-1-2-01 proto=TCP/IP
[2026-04-04T09:36:12.491Z] [TCP] Error [::ffff:10.4.119.240:49153]: read ECONNRESET
[2026-04-04T09:36:12.492Z] [TCP] Disconnected: ::ffff:10.4.119.240:49153
[2026-04-04T09:36:12.694Z] [TCP] Connected: ::ffff:10.4.119.240:49153
[2026-04-04T09:36:12.701Z] [TCP] Registered socket for node 11-03-1-2-01
[2026-04-04T09:36:12.702Z] [TCP] TIME sync → 11-03-1-2-01
[2026-04-04T09:36:12.703Z] [TCP] DATA seq=0 node=11-03-1-2-01 V=0V I=-12.483A bat=0V clean=0
[2026-04-04T09:36:12.704Z] [DB_ERR] upsertLastProto: Data too long for column 'tcp_addr' at row 1
[2026-04-04T09:36:12.711Z] [DB] INSERT log id=814 node=11-03-1-2-01 proto=TCP/IP
[2026-04-04T09:36:14.812Z] [TCP] Error [::ffff:10.4.119.240:49153]: read ECONNRESET
[2026-04-04T09:36:14.813Z] [TCP] Disconnected: ::ffff:10.4.119.240:49153
[2026-04-04T09:36:15.015Z] [TCP] Connected: ::ffff:10.4.119.240:49153
[2026-04-04T09:36:15.020Z] [TCP] Registered socket for node 11-03-1-2-01
[2026-04-04T09:36:15.021Z] [TCP] TIME sync → 11-03-1-2-01
[2026-04-04T09:36:15.022Z] [TCP] DATA seq=0 node=11-03-1-2-01 V=0V I=-12.51A bat=0V clean=0
[2026-04-04T09:36:15.023Z] [DB_ERR] upsertLastProto: Data too long for column 'tcp_addr' at row 1
[2026-04-04T09:36:15.032Z] [DB] INSERT log id=815 node=11-03-1-2-01 proto=TCP/IP
[2026-04-04T09:36:17.132Z] [TCP] Error [::ffff:10.4.119.240:49153]: read ECONNRESET
[2026-04-04T09:36:17.133Z] [TCP] Disconnected: ::ffff:10.4.119.240:49153
[2026-04-04T09:36:17.334Z] [TCP] Connected: ::ffff:10.4.119.240:49153
[2026-04-04T09:36:17.340Z] [TCP] Registered socket for node 11-03-1-2-01
[2026-04-04T09:36:17.341Z] [TCP] TIME sync → 11-03-1-2-01
[2026-04-04T09:36:17.342Z] [TCP] DATA seq=0 node=11-03-1-2-01 V=0V I=-12.51A bat=0V clean=0
[2026-04-04T09:36:17.343Z] [DB_ERR] upsertLastProto: Data too long for column 'tcp_addr' at row 1
[2026-04-04T09:36:17.351Z] [DB] INSERT log id=816 node=11-03-1-2-01 proto=TCP/IP
[2026-04-04T09:36:19.451Z] [TCP] Error [::ffff:10.4.119.240:49153]: read ECONNRESET
[2026-04-04T09:36:19.452Z] [TCP] Disconnected: ::ffff:10.4.119.240:49153
[2026-04-04T09:36:19.654Z] [TCP] Connected: ::ffff:10.4.119.240:49153
[2026-04-04T09:36:31.957Z] [TCP] Error [::ffff:10.4.119.240:49153]: read ECONNRESET
[2026-04-04T09:36:31.958Z] [TCP] Disconnected: ::ffff:10.4.119.240:49153
[2026-04-04T09:36:32.160Z] [TCP] Connected: ::ffff:10.4.119.240:49153
[2026-04-04T09:37:21.259Z] [TCP] Registered socket for node 11-03-1-2-01
[2026-04-04T09:37:21.260Z] [TCP] TIME sync → 11-03-1-2-01
[2026-04-04T09:37:21.261Z] [TCP] DATA seq=1 node=11-03-1-2-01 V=0V I=-13.249A bat=0V clean=0
[2026-04-04T09:37:21.262Z] [TCP] DATA seq=1 node=11-03-1-2-01 V=0V I=-13.514A bat=0V clean=0
[2026-04-04T09:37:21.263Z] [DB_ERR] upsertLastProto: Data too long for column 'tcp_addr' at row 1
[2026-04-04T09:37:21.267Z] [DB_ERR] upsertLastProto: Data too long for column 'tcp_addr' at row 1
[2026-04-04T09:37:21.282Z] [DB] INSERT log id=817 node=11-03-1-2-01 proto=TCP/IP
[2026-04-04T09:37:21.291Z] [DB] INSERT log id=818 node=11-03-1-2-01 proto=TCP/IP
[2026-04-04T09:37:23.373Z] [TCP] Error [::ffff:10.4.119.240:49153]: read ECONNRESET
[2026-04-04T09:37:23.374Z] [TCP] Disconnected: ::ffff:10.4.119.240:49153
[2026-04-04T09:37:23.576Z] [TCP] Connected: ::ffff:10.4.119.240:49153
[2026-04-04T09:37:23.580Z] [TCP] Registered socket for node 11-03-1-2-01
[2026-04-04T09:37:23.581Z] [TCP] TIME sync → 11-03-1-2-01
[2026-04-04T09:37:23.581Z] [TCP] DATA seq=0 node=11-03-1-2-01 V=0V I=-13.514A bat=0V clean=0
[2026-04-04T09:37:23.582Z] [DB_ERR] upsertLastProto: Data too long for column 'tcp_addr' at row 1
[2026-04-04T09:37:23.599Z] [DB] INSERT log id=819 node=11-03-1-2-01 proto=TCP/IP
[2026-04-04T09:37:25.692Z] [TCP] Error [::ffff:10.4.119.240:49153]: read ECONNRESET
[2026-04-04T09:37:25.693Z] [TCP] Disconnected: ::ffff:10.4.119.240:49153
[2026-04-04T09:37:25.895Z] [TCP] Connected: ::ffff:10.4.119.240:49153
[2026-04-04T09:37:25.900Z] [TCP] Registered socket for node 11-03-1-2-01
[2026-04-04T09:37:25.900Z] [TCP] TIME sync → 11-03-1-2-01
[2026-04-04T09:37:25.901Z] [TCP] DATA seq=0 node=11-03-1-2-01 V=0V I=-13.514A bat=0V clean=0
[2026-04-04T09:37:25.902Z] [DB_ERR] upsertLastProto: Data too long for column 'tcp_addr' at row 1
[2026-04-04T09:37:25.927Z] [DB] INSERT log id=820 node=11-03-1-2-01 proto=TCP/IP
[2026-04-04T09:37:28.011Z] [TCP] Error [::ffff:10.4.119.240:49153]: read ECONNRESET
[2026-04-04T09:37:28.012Z] [TCP] Disconnected: ::ffff:10.4.119.240:49153
[2026-04-04T09:37:28.214Z] [TCP] Connected: ::ffff:10.4.119.240:49153
[2026-04-04T09:37:28.218Z] [TCP] Registered socket for node 11-03-1-2-01
[2026-04-04T09:37:28.219Z] [TCP] TIME sync → 11-03-1-2-01
[2026-04-04T09:37:28.219Z] [TCP] DATA seq=0 node=11-03-1-2-01 V=0V I=-13.514A bat=0V clean=0
[2026-04-04T09:37:28.220Z] [DB_ERR] upsertLastProto: Data too long for column 'tcp_addr' at row 1
[2026-04-04T09:37:28.299Z] [DB] INSERT log id=821 node=11-03-1-2-01 proto=TCP/IP
[2026-04-04T09:37:30.329Z] [TCP] Error [::ffff:10.4.119.240:49153]: read ECONNRESET
[2026-04-04T09:37:30.330Z] [TCP] Disconnected: ::ffff:10.4.119.240:49153
[2026-04-04T09:37:30.532Z] [TCP] Connected: ::ffff:10.4.119.240:49153
[2026-04-04T09:37:30.537Z] [TCP] Registered socket for node 11-03-1-2-01
[2026-04-04T09:37:30.538Z] [TCP] TIME sync → 11-03-1-2-01
[2026-04-04T09:37:30.538Z] [TCP] DATA seq=0 node=11-03-1-2-01 V=0V I=-13.514A bat=0V clean=0
[2026-04-04T09:37:30.539Z] [DB_ERR] upsertLastProto: Data too long for column 'tcp_addr' at row 1
[2026-04-04T09:37:30.558Z] [DB] INSERT log id=822 node=11-03-1-2-01 proto=TCP/IP
[2026-04-04T09:37:32.649Z] [TCP] Error [::ffff:10.4.119.240:49153]: read ECONNRESET
[2026-04-04T09:37:32.650Z] [TCP] Disconnected: ::ffff:10.4.119.240:49153
[2026-04-04T09:37:32.852Z] [TCP] Connected: ::ffff:10.4.119.240:49153
[2026-04-04T09:37:32.857Z] [TCP] Registered socket for node 11-03-1-2-01
[2026-04-04T09:37:32.857Z] [TCP] TIME sync → 11-03-1-2-01
[2026-04-04T09:37:32.858Z] [TCP] DATA seq=0 node=11-03-1-2-01 V=0V I=-13.514A bat=0V clean=0
[2026-04-04T09:37:32.859Z] [DB_ERR] upsertLastProto: Data too long for column 'tcp_addr' at row 1
[2026-04-04T09:37:32.879Z] [DB] INSERT log id=823 node=11-03-1-2-01 proto=TCP/IP
[2026-04-04T09:37:34.968Z] [TCP] Error [::ffff:10.4.119.240:49153]: read ECONNRESET
[2026-04-04T09:37:34.968Z] [TCP] Disconnected: ::ffff:10.4.119.240:49153
[2026-04-04T09:37:35.170Z] [TCP] Connected: ::ffff:10.4.119.240:49153
[2026-04-04T09:37:35.175Z] [TCP] Registered socket for node 11-03-1-2-01
[2026-04-04T09:37:35.176Z] [TCP] TIME sync → 11-03-1-2-01
[2026-04-04T09:37:35.176Z] [TCP] DATA seq=0 node=11-03-1-2-01 V=0V I=-13.461A bat=0V clean=0
[2026-04-04T09:37:35.177Z] [DB_ERR] upsertLastProto: Data too long for column 'tcp_addr' at row 1
[2026-04-04T09:37:35.196Z] [DB] INSERT log id=824 node=11-03-1-2-01 proto=TCP/IP
[2026-04-04T09:37:37.286Z] [TCP] Error [::ffff:10.4.119.240:49153]: read ECONNRESET
[2026-04-04T09:37:37.287Z] [TCP] Disconnected: ::ffff:10.4.119.240:49153
[2026-04-04T09:37:37.488Z] [TCP] Connected: ::ffff:10.4.119.240:49153
[2026-04-04T09:37:37.493Z] [TCP] Registered socket for node 11-03-1-2-01
[2026-04-04T09:37:37.494Z] [TCP] TIME sync → 11-03-1-2-01
[2026-04-04T09:37:37.494Z] [TCP] DATA seq=0 node=11-03-1-2-01 V=0V I=-13.408A bat=0V clean=0
[2026-04-04T09:37:37.495Z] [DB_ERR] upsertLastProto: Data too long for column 'tcp_addr' at row 1
[2026-04-04T09:37:37.509Z] [DB] INSERT log id=825 node=11-03-1-2-01 proto=TCP/IP
[2026-04-04T09:37:39.605Z] [TCP] Error [::ffff:10.4.119.240:49153]: read ECONNRESET
[2026-04-04T09:37:39.606Z] [TCP] Disconnected: ::ffff:10.4.119.240:49153
[2026-04-04T09:37:39.808Z] [TCP] Connected: ::ffff:10.4.119.240:49153
[2026-04-04T09:37:39.812Z] [TCP] Registered socket for node 11-03-1-2-01
[2026-04-04T09:37:39.812Z] [TCP] TIME sync → 11-03-1-2-01
[2026-04-04T09:37:39.813Z] [TCP] DATA seq=0 node=11-03-1-2-01 V=0V I=-13.249A bat=0V clean=0
[2026-04-04T09:37:39.814Z] [DB_ERR] upsertLastProto: Data too long for column 'tcp_addr' at row 1
[2026-04-04T09:37:39.841Z] [DB] INSERT log id=826 node=11-03-1-2-01 proto=TCP/IP
[2026-04-04T09:37:41.923Z] [TCP] Error [::ffff:10.4.119.240:49153]: read ECONNRESET
[2026-04-04T09:37:41.924Z] [TCP] Disconnected: ::ffff:10.4.119.240:49153
[2026-04-04T09:37:42.126Z] [TCP] Connected: ::ffff:10.4.119.240:49153
[2026-04-04T09:37:42.130Z] [TCP] Registered socket for node 11-03-1-2-01
[2026-04-04T09:37:42.130Z] [TCP] TIME sync → 11-03-1-2-01
[2026-04-04T09:37:42.131Z] [TCP] DATA seq=0 node=11-03-1-2-01 V=0V I=-13.355A bat=0V clean=0
[2026-04-04T09:37:42.132Z] [DB_ERR] upsertLastProto: Data too long for column 'tcp_addr' at row 1
[2026-04-04T09:37:42.166Z] [DB] INSERT log id=827 node=11-03-1-2-01 proto=TCP/IP
[2026-04-04T09:37:44.242Z] [TCP] Error [::ffff:10.4.119.240:49153]: read ECONNRESET
[2026-04-04T09:37:44.242Z] [TCP] Disconnected: ::ffff:10.4.119.240:49153
[2026-04-04T09:37:44.445Z] [TCP] Connected: ::ffff:10.4.119.240:49153
[2026-04-04T09:37:44.449Z] [TCP] Registered socket for node 11-03-1-2-01
[2026-04-04T09:37:44.450Z] [TCP] TIME sync → 11-03-1-2-01
[2026-04-04T09:37:44.451Z] [TCP] DATA seq=0 node=11-03-1-2-01 V=0V I=-13.514A bat=0V clean=0
[2026-04-04T09:37:44.452Z] [DB_ERR] upsertLastProto: Data too long for column 'tcp_addr' at row 1
[2026-04-04T09:37:44.474Z] [DB] INSERT log id=828 node=11-03-1-2-01 proto=TCP/IP
[2026-04-04T09:37:46.561Z] [TCP] Error [::ffff:10.4.119.240:49153]: read ECONNRESET
[2026-04-04T09:37:46.561Z] [TCP] Disconnected: ::ffff:10.4.119.240:49153
[2026-04-04T09:37:46.763Z] [TCP] Connected: ::ffff:10.4.119.240:49153
[2026-04-04T09:37:46.768Z] [TCP] Registered socket for node 11-03-1-2-01
[2026-04-04T09:37:46.769Z] [TCP] TIME sync → 11-03-1-2-01
[2026-04-04T09:37:46.769Z] [TCP] DATA seq=0 node=11-03-1-2-01 V=0V I=-13.514A bat=0V clean=0
[2026-04-04T09:37:46.770Z] [DB_ERR] upsertLastProto: Data too long for column 'tcp_addr' at row 1
[2026-04-04T09:37:46.797Z] [DB] INSERT log id=829 node=11-03-1-2-01 proto=TCP/IP
[2026-04-04T09:37:48.879Z] [TCP] Error [::ffff:10.4.119.240:49153]: read ECONNRESET
[2026-04-04T09:37:48.880Z] [TCP] Disconnected: ::ffff:10.4.119.240:49153
[2026-04-04T09:37:49.082Z] [TCP] Connected: ::ffff:10.4.119.240:49153
[2026-04-04T09:37:49.086Z] [TCP] Registered socket for node 11-03-1-2-01
[2026-04-04T09:37:49.087Z] [TCP] TIME sync → 11-03-1-2-01
[2026-04-04T09:37:49.087Z] [TCP] DATA seq=0 node=11-03-1-2-01 V=0V I=-13.514A bat=0V clean=0
[2026-04-04T09:37:49.088Z] [DB_ERR] upsertLastProto: Data too long for column 'tcp_addr' at row 1
[2026-04-04T09:37:49.111Z] [DB] INSERT log id=830 node=11-03-1-2-01 proto=TCP/IP
[2026-04-04T09:37:51.197Z] [TCP] Error [::ffff:10.4.119.240:49153]: read ECONNRESET
[2026-04-04T09:37:51.198Z] [TCP] Disconnected: ::ffff:10.4.119.240:49153
[2026-04-04T09:37:51.400Z] [TCP] Connected: ::ffff:10.4.119.240:49153
[2026-04-04T09:37:51.404Z] [TCP] Registered socket for node 11-03-1-2-01
[2026-04-04T09:37:51.405Z] [TCP] TIME sync → 11-03-1-2-01
[2026-04-04T09:37:51.406Z] [TCP] DATA seq=0 node=11-03-1-2-01 V=0V I=-13.514A bat=0V clean=0
[2026-04-04T09:37:51.407Z] [DB_ERR] upsertLastProto: Data too long for column 'tcp_addr' at row 1
[2026-04-04T09:37:51.426Z] [DB] INSERT log id=831 node=11-03-1-2-01 proto=TCP/IP
[2026-04-04T09:37:53.516Z] [TCP] Error [::ffff:10.4.119.240:49153]: read ECONNRESET
[2026-04-04T09:37:53.517Z] [TCP] Disconnected: ::ffff:10.4.119.240:49153
[2026-04-04T09:37:53.719Z] [TCP] Connected: ::ffff:10.4.119.240:49153
[2026-04-04T09:37:53.724Z] [TCP] Registered socket for node 11-03-1-2-01
[2026-04-04T09:37:53.725Z] [TCP] TIME sync → 11-03-1-2-01
[2026-04-04T09:37:53.725Z] [TCP] DATA seq=0 node=11-03-1-2-01 V=0V I=-13.514A bat=0V clean=0
[2026-04-04T09:37:53.726Z] [DB_ERR] upsertLastProto: Data too long for column 'tcp_addr' at row 1
[2026-04-04T09:37:53.748Z] [DB] INSERT log id=832 node=11-03-1-2-01 proto=TCP/IP
[2026-04-04T09:37:55.835Z] [TCP] Error [::ffff:10.4.119.240:49153]: read ECONNRESET
[2026-04-04T09:37:55.836Z] [TCP] Disconnected: ::ffff:10.4.119.240:49153
[2026-04-04T09:37:56.038Z] [TCP] Connected: ::ffff:10.4.119.240:49153
[2026-04-04T09:37:56.043Z] [TCP] Registered socket for node 11-03-1-2-01
[2026-04-04T09:37:56.044Z] [TCP] TIME sync → 11-03-1-2-01
[2026-04-04T09:37:56.044Z] [TCP] DATA seq=0 node=11-03-1-2-01 V=0V I=-13.514A bat=0V clean=0
[2026-04-04T09:37:56.046Z] [DB_ERR] upsertLastProto: Data too long for column 'tcp_addr' at row 1
[2026-04-04T09:37:56.153Z] [DB] INSERT log id=833 node=11-03-1-2-01 proto=TCP/IP
[2026-04-04T09:37:58.154Z] [TCP] Error [::ffff:10.4.119.240:49153]: read ECONNRESET
[2026-04-04T09:37:58.155Z] [TCP] Disconnected: ::ffff:10.4.119.240:49153
[2026-04-04T09:37:58.357Z] [TCP] Connected: ::ffff:10.4.119.240:49153
[2026-04-04T09:37:58.361Z] [TCP] Registered socket for node 11-03-1-2-01
[2026-04-04T09:37:58.362Z] [TCP] TIME sync → 11-03-1-2-01
[2026-04-04T09:37:58.363Z] [TCP] DATA seq=0 node=11-03-1-2-01 V=0V I=-13.514A bat=0V clean=0
[2026-04-04T09:37:58.364Z] [DB_ERR] upsertLastProto: Data too long for column 'tcp_addr' at row 1
[2026-04-04T09:37:58.395Z] [DB] INSERT log id=834 node=11-03-1-2-01 proto=TCP/IP
[2026-04-04T09:38:00.473Z] [TCP] Error [::ffff:10.4.119.240:49153]: read ECONNRESET
[2026-04-04T09:38:00.474Z] [TCP] Disconnected: ::ffff:10.4.119.240:49153
[2026-04-04T09:38:00.676Z] [TCP] Connected: ::ffff:10.4.119.240:49153
[2026-04-04T09:38:00.680Z] [TCP] Registered socket for node 11-03-1-2-01
[2026-04-04T09:38:00.680Z] [TCP] TIME sync → 11-03-1-2-01
[2026-04-04T09:38:00.681Z] [TCP] DATA seq=0 node=11-03-1-2-01 V=0V I=-13.514A bat=0V clean=0
[2026-04-04T09:38:00.682Z] [DB_ERR] upsertLastProto: Data too long for column 'tcp_addr' at row 1
[2026-04-04T09:38:00.702Z] [DB] INSERT log id=835 node=11-03-1-2-01 proto=TCP/IP
[2026-04-04T09:38:02.791Z] [TCP] Error [::ffff:10.4.119.240:49153]: read ECONNRESET
[2026-04-04T09:38:02.791Z] [TCP] Disconnected: ::ffff:10.4.119.240:49153
[2026-04-04T09:38:02.994Z] [TCP] Connected: ::ffff:10.4.119.240:49153
[2026-04-04T09:38:02.998Z] [TCP] Registered socket for node 11-03-1-2-01
[2026-04-04T09:38:02.999Z] [TCP] TIME sync → 11-03-1-2-01
[2026-04-04T09:38:02.999Z] [TCP] DATA seq=0 node=11-03-1-2-01 V=0V I=-13.408A bat=0V clean=0
[2026-04-04T09:38:03.000Z] [DB_ERR] upsertLastProto: Data too long for column 'tcp_addr' at row 1
[2026-04-04T09:38:03.026Z] [DB] INSERT log id=836 node=11-03-1-2-01 proto=TCP/IP
[2026-04-04T09:38:05.109Z] [TCP] Error [::ffff:10.4.119.240:49153]: read ECONNRESET
[2026-04-04T09:38:05.110Z] [TCP] Disconnected: ::ffff:10.4.119.240:49153
[2026-04-04T09:38:05.312Z] [TCP] Connected: ::ffff:10.4.119.240:49153
[2026-04-04T09:38:05.316Z] [TCP] Registered socket for node 11-03-1-2-01
[2026-04-04T09:38:05.317Z] [TCP] TIME sync → 11-03-1-2-01
[2026-04-04T09:38:05.318Z] [TCP] DATA seq=0 node=11-03-1-2-01 V=0V I=-13.117A bat=0V clean=0
[2026-04-04T09:38:05.319Z] [DB_ERR] upsertLastProto: Data too long for column 'tcp_addr' at row 1
[2026-04-04T09:38:05.325Z] [DB] INSERT log id=837 node=11-03-1-2-01 proto=TCP/IP
[2026-04-04T09:38:07.428Z] [TCP] Error [::ffff:10.4.119.240:49153]: read ECONNRESET
[2026-04-04T09:38:07.429Z] [TCP] Disconnected: ::ffff:10.4.119.240:49153
[2026-04-04T09:38:07.630Z] [TCP] Connected: ::ffff:10.4.119.240:49153
[2026-04-04T09:38:07.635Z] [TCP] Registered socket for node 11-03-1-2-01
[2026-04-04T09:38:07.635Z] [TCP] TIME sync → 11-03-1-2-01
[2026-04-04T09:38:07.636Z] [TCP] DATA seq=0 node=11-03-1-2-01 V=0V I=-13.144A bat=0V clean=0
[2026-04-04T09:38:07.637Z] [DB_ERR] upsertLastProto: Data too long for column 'tcp_addr' at row 1
[2026-04-04T09:38:07.643Z] [DB] INSERT log id=838 node=11-03-1-2-01 proto=TCP/IP
[2026-04-04T09:38:09.746Z] [TCP] Error [::ffff:10.4.119.240:49153]: read ECONNRESET
[2026-04-04T09:38:09.746Z] [TCP] Disconnected: ::ffff:10.4.119.240:49153
[2026-04-04T09:38:09.948Z] [TCP] Connected: ::ffff:10.4.119.240:49153
[2026-04-04T09:38:09.953Z] [TCP] Registered socket for node 11-03-1-2-01
[2026-04-04T09:38:09.954Z] [TCP] TIME sync → 11-03-1-2-01
[2026-04-04T09:38:09.954Z] [TCP] DATA seq=0 node=11-03-1-2-01 V=0V I=-13.144A bat=0V clean=0
[2026-04-04T09:38:09.955Z] [DB_ERR] upsertLastProto: Data too long for column 'tcp_addr' at row 1
[2026-04-04T09:38:09.964Z] [DB] INSERT log id=839 node=11-03-1-2-01 proto=TCP/IP
[2026-04-04T09:38:12.064Z] [TCP] Error [::ffff:10.4.119.240:49153]: read ECONNRESET
[2026-04-04T09:38:12.065Z] [TCP] Disconnected: ::ffff:10.4.119.240:49153
[2026-04-04T09:38:12.267Z] [TCP] Connected: ::ffff:10.4.119.240:49153
[2026-04-04T09:38:12.271Z] [TCP] Registered socket for node 11-03-1-2-01
[2026-04-04T09:38:12.272Z] [TCP] TIME sync → 11-03-1-2-01
[2026-04-04T09:38:12.273Z] [TCP] DATA seq=0 node=11-03-1-2-01 V=0V I=-13.196A bat=0V clean=0
[2026-04-04T09:38:12.274Z] [DB_ERR] upsertLastProto: Data too long for column 'tcp_addr' at row 1
[2026-04-04T09:38:12.282Z] [DB] INSERT log id=840 node=11-03-1-2-01 proto=TCP/IP
[2026-04-04T09:38:14.383Z] [TCP] Error [::ffff:10.4.119.240:49153]: read ECONNRESET
[2026-04-04T09:38:14.384Z] [TCP] Disconnected: ::ffff:10.4.119.240:49153
[2026-04-04T09:38:14.585Z] [TCP] Connected: ::ffff:10.4.119.240:49153
[2026-04-04T09:38:14.590Z] [TCP] Registered socket for node 11-03-1-2-01
[2026-04-04T09:38:14.591Z] [TCP] TIME sync → 11-03-1-2-01
[2026-04-04T09:38:14.591Z] [TCP] DATA seq=0 node=11-03-1-2-01 V=0V I=-13.276A bat=0V clean=0
[2026-04-04T09:38:14.592Z] [DB_ERR] upsertLastProto: Data too long for column 'tcp_addr' at row 1
[2026-04-04T09:38:14.600Z] [DB] INSERT log id=841 node=11-03-1-2-01 proto=TCP/IP
[2026-04-04T09:38:16.701Z] [TCP] Error [::ffff:10.4.119.240:49153]: read ECONNRESET
[2026-04-04T09:38:16.702Z] [TCP] Disconnected: ::ffff:10.4.119.240:49153
[2026-04-04T09:38:16.904Z] [TCP] Connected: ::ffff:10.4.119.240:49153
[2026-04-04T09:38:16.910Z] [TCP] Registered socket for node 11-03-1-2-01
[2026-04-04T09:38:16.911Z] [TCP] TIME sync → 11-03-1-2-01
[2026-04-04T09:38:16.911Z] [TCP] DATA seq=0 node=11-03-1-2-01 V=0V I=-12.615A bat=0V clean=0
[2026-04-04T09:38:16.912Z] [DB_ERR] upsertLastProto: Data too long for column 'tcp_addr' at row 1
[2026-04-04T09:38:16.921Z] [DB] INSERT log id=842 node=11-03-1-2-01 proto=TCP/IP
[2026-04-04T09:38:19.021Z] [TCP] Error [::ffff:10.4.119.240:49153]: read ECONNRESET
[2026-04-04T09:38:19.022Z] [TCP] Disconnected: ::ffff:10.4.119.240:49153
[2026-04-04T09:38:19.224Z] [TCP] Connected: ::ffff:10.4.119.240:49153
[2026-04-04T09:38:19.231Z] [TCP] Registered socket for node 11-03-1-2-01
[2026-04-04T09:38:19.231Z] [TCP] TIME sync → 11-03-1-2-01
[2026-04-04T09:38:19.232Z] [TCP] DATA seq=0 node=11-03-1-2-01 V=0V I=-12.615A bat=0V clean=0
[2026-04-04T09:38:19.233Z] [DB_ERR] upsertLastProto: Data too long for column 'tcp_addr' at row 1
[2026-04-04T09:38:19.239Z] [DB] INSERT log id=843 node=11-03-1-2-01 proto=TCP/IP
[2026-04-04T09:38:21.342Z] [TCP] Error [::ffff:10.4.119.240:49153]: read ECONNRESET
[2026-04-04T09:38:21.343Z] [TCP] Disconnected: ::ffff:10.4.119.240:49153
[2026-04-04T09:38:21.545Z] [TCP] Connected: ::ffff:10.4.119.240:49153
[2026-04-04T09:38:21.552Z] [TCP] Registered socket for node 11-03-1-2-01
[2026-04-04T09:38:21.552Z] [TCP] TIME sync → 11-03-1-2-01
[2026-04-04T09:38:21.553Z] [TCP] DATA seq=0 node=11-03-1-2-01 V=0V I=-12.615A bat=0V clean=0
[2026-04-04T09:38:21.554Z] [DB_ERR] upsertLastProto: Data too long for column 'tcp_addr' at row 1
[2026-04-04T09:38:21.560Z] [DB] INSERT log id=844 node=11-03-1-2-01 proto=TCP/IP
[2026-04-04T09:38:23.663Z] [TCP] Error [::ffff:10.4.119.240:49153]: read ECONNRESET
[2026-04-04T09:38:23.664Z] [TCP] Disconnected: ::ffff:10.4.119.240:49153
[2026-04-04T09:38:23.866Z] [TCP] Connected: ::ffff:10.4.119.240:49153
[2026-04-04T09:38:23.872Z] [TCP] Registered socket for node 11-03-1-2-01
[2026-04-04T09:38:23.873Z] [TCP] TIME sync → 11-03-1-2-01
[2026-04-04T09:38:23.873Z] [TCP] DATA seq=0 node=11-03-1-2-01 V=0V I=-12.589A bat=0V clean=0
[2026-04-04T09:38:23.874Z] [DB_ERR] upsertLastProto: Data too long for column 'tcp_addr' at row 1
[2026-04-04T09:38:23.882Z] [DB] INSERT log id=845 node=11-03-1-2-01 proto=TCP/IP
[2026-04-04T09:38:25.983Z] [TCP] Error [::ffff:10.4.119.240:49153]: read ECONNRESET
[2026-04-04T09:38:25.983Z] [TCP] Disconnected: ::ffff:10.4.119.240:49153
[2026-04-04T09:38:26.185Z] [TCP] Connected: ::ffff:10.4.119.240:49153
[2026-04-04T09:38:26.191Z] [TCP] Registered socket for node 11-03-1-2-01
[2026-04-04T09:38:26.192Z] [TCP] TIME sync → 11-03-1-2-01
[2026-04-04T09:38:26.192Z] [TCP] DATA seq=0 node=11-03-1-2-01 V=0V I=-12.774A bat=0V clean=0
[2026-04-04T09:38:26.194Z] [DB_ERR] upsertLastProto: Data too long for column 'tcp_addr' at row 1
[2026-04-04T09:38:26.201Z] [DB] INSERT log id=846 node=11-03-1-2-01 proto=TCP/IP
[2026-04-04T09:38:28.302Z] [TCP] Error [::ffff:10.4.119.240:49153]: read ECONNRESET
[2026-04-04T09:38:28.303Z] [TCP] Disconnected: ::ffff:10.4.119.240:49153
[2026-04-04T09:38:28.505Z] [TCP] Connected: ::ffff:10.4.119.240:49153
[2026-04-04T09:38:28.511Z] [TCP] Registered socket for node 11-03-1-2-01
[2026-04-04T09:38:28.512Z] [TCP] TIME sync → 11-03-1-2-01
[2026-04-04T09:38:28.512Z] [TCP] DATA seq=0 node=11-03-1-2-01 V=0V I=-12.747A bat=0V clean=0
[2026-04-04T09:38:28.513Z] [DB_ERR] upsertLastProto: Data too long for column 'tcp_addr' at row 1
[2026-04-04T09:38:28.522Z] [DB] INSERT log id=847 node=11-03-1-2-01 proto=TCP/IP
[2026-04-04T09:38:30.622Z] [TCP] Error [::ffff:10.4.119.240:49153]: read ECONNRESET
[2026-04-04T09:38:30.623Z] [TCP] Disconnected: ::ffff:10.4.119.240:49153
[2026-04-04T09:38:30.825Z] [TCP] Connected: ::ffff:10.4.119.240:49153
[2026-04-04T09:38:30.830Z] [TCP] Registered socket for node 11-03-1-2-01
[2026-04-04T09:38:30.831Z] [TCP] TIME sync → 11-03-1-2-01
[2026-04-04T09:38:30.832Z] [TCP] DATA seq=0 node=11-03-1-2-01 V=0V I=-12.721A bat=0V clean=0
[2026-04-04T09:38:30.833Z] [DB_ERR] upsertLastProto: Data too long for column 'tcp_addr' at row 1
[2026-04-04T09:38:30.840Z] [DB] INSERT log id=848 node=11-03-1-2-01 proto=TCP/IP
[2026-04-04T09:38:32.942Z] [TCP] Error [::ffff:10.4.119.240:49153]: read ECONNRESET
[2026-04-04T09:38:32.942Z] [TCP] Disconnected: ::ffff:10.4.119.240:49153
[2026-04-04T09:38:33.144Z] [TCP] Connected: ::ffff:10.4.119.240:49153
[2026-04-04T09:38:33.150Z] [TCP] Registered socket for node 11-03-1-2-01
[2026-04-04T09:38:33.151Z] [TCP] TIME sync → 11-03-1-2-01
[2026-04-04T09:38:33.151Z] [TCP] DATA seq=0 node=11-03-1-2-01 V=0V I=-12.721A bat=0V clean=0
[2026-04-04T09:38:33.152Z] [DB_ERR] upsertLastProto: Data too long for column 'tcp_addr' at row 1
[2026-04-04T09:38:33.160Z] [DB] INSERT log id=849 node=11-03-1-2-01 proto=TCP/IP
[2026-04-04T09:38:35.261Z] [TCP] Error [::ffff:10.4.119.240:49153]: read ECONNRESET
[2026-04-04T09:38:35.262Z] [TCP] Disconnected: ::ffff:10.4.119.240:49153
[2026-04-04T09:38:35.464Z] [TCP] Connected: ::ffff:10.4.119.240:49153
[2026-04-04T09:38:35.470Z] [TCP] Registered socket for node 11-03-1-2-01
[2026-04-04T09:38:35.471Z] [TCP] TIME sync → 11-03-1-2-01
[2026-04-04T09:38:35.472Z] [TCP] DATA seq=0 node=11-03-1-2-01 V=0V I=-12.721A bat=0V clean=0
[2026-04-04T09:38:35.473Z] [DB_ERR] upsertLastProto: Data too long for column 'tcp_addr' at row 1
[2026-04-04T09:38:35.480Z] [DB] INSERT log id=850 node=11-03-1-2-01 proto=TCP/IP
[2026-04-04T09:38:37.581Z] [TCP] Error [::ffff:10.4.119.240:49153]: read ECONNRESET
[2026-04-04T09:38:37.582Z] [TCP] Disconnected: ::ffff:10.4.119.240:49153
[2026-04-04T09:38:37.784Z] [TCP] Connected: ::ffff:10.4.119.240:49153
[2026-04-04T09:38:37.790Z] [TCP] Registered socket for node 11-03-1-2-01
[2026-04-04T09:38:37.790Z] [TCP] TIME sync → 11-03-1-2-01
[2026-04-04T09:38:37.791Z] [TCP] DATA seq=0 node=11-03-1-2-01 V=0V I=-12.721A bat=0V clean=0
[2026-04-04T09:38:37.792Z] [DB_ERR] upsertLastProto: Data too long for column 'tcp_addr' at row 1
[2026-04-04T09:38:37.800Z] [DB] INSERT log id=851 node=11-03-1-2-01 proto=TCP/IP
[2026-04-04T09:38:39.901Z] [TCP] Error [::ffff:10.4.119.240:49153]: read ECONNRESET
[2026-04-04T09:38:39.902Z] [TCP] Disconnected: ::ffff:10.4.119.240:49153
[2026-04-04T09:38:40.103Z] [TCP] Connected: ::ffff:10.4.119.240:49153
[2026-04-04T09:38:40.110Z] [TCP] Registered socket for node 11-03-1-2-01
[2026-04-04T09:38:40.111Z] [TCP] TIME sync → 11-03-1-2-01
[2026-04-04T09:38:40.111Z] [TCP] DATA seq=0 node=11-03-1-2-01 V=0V I=-12.774A bat=0V clean=0
[2026-04-04T09:38:40.112Z] [DB_ERR] upsertLastProto: Data too long for column 'tcp_addr' at row 1
[2026-04-04T09:38:40.119Z] [DB] INSERT log id=852 node=11-03-1-2-01 proto=TCP/IP
[2026-04-04T09:38:42.221Z] [TCP] Error [::ffff:10.4.119.240:49153]: read ECONNRESET
[2026-04-04T09:38:42.221Z] [TCP] Disconnected: ::ffff:10.4.119.240:49153
[2026-04-04T09:38:42.423Z] [TCP] Connected: ::ffff:10.4.119.240:49153
[2026-04-04T09:38:42.429Z] [TCP] Registered socket for node 11-03-1-2-01
[2026-04-04T09:38:42.430Z] [TCP] TIME sync → 11-03-1-2-01
[2026-04-04T09:38:42.430Z] [TCP] DATA seq=0 node=11-03-1-2-01 V=0V I=-12.774A bat=0V clean=0
[2026-04-04T09:38:42.431Z] [DB_ERR] upsertLastProto: Data too long for column 'tcp_addr' at row 1
[2026-04-04T09:38:42.438Z] [DB] INSERT log id=853 node=11-03-1-2-01 proto=TCP/IP
[2026-04-04T09:38:44.540Z] [TCP] Error [::ffff:10.4.119.240:49153]: read ECONNRESET
[2026-04-04T09:38:44.541Z] [TCP] Disconnected: ::ffff:10.4.119.240:49153
[2026-04-04T09:38:44.743Z] [TCP] Connected: ::ffff:10.4.119.240:49153
[2026-04-04T09:38:44.749Z] [TCP] Registered socket for node 11-03-1-2-01
[2026-04-04T09:38:44.750Z] [TCP] TIME sync → 11-03-1-2-01
[2026-04-04T09:38:44.750Z] [TCP] DATA seq=0 node=11-03-1-2-01 V=0V I=-12.774A bat=0V clean=0
[2026-04-04T09:38:44.751Z] [DB_ERR] upsertLastProto: Data too long for column 'tcp_addr' at row 1
[2026-04-04T09:38:44.759Z] [DB] INSERT log id=854 node=11-03-1-2-01 proto=TCP/IP
[2026-04-04T09:38:46.861Z] [TCP] Error [::ffff:10.4.119.240:49153]: read ECONNRESET
[2026-04-04T09:38:46.862Z] [TCP] Disconnected: ::ffff:10.4.119.240:49153
[2026-04-04T09:38:47.063Z] [TCP] Connected: ::ffff:10.4.119.240:49153
[2026-04-04T09:38:47.070Z] [TCP] Registered socket for node 11-03-1-2-01
[2026-04-04T09:38:47.071Z] [TCP] TIME sync → 11-03-1-2-01
[2026-04-04T09:38:47.072Z] [TCP] DATA seq=0 node=11-03-1-2-01 V=0V I=-12.774A bat=0V clean=0
[2026-04-04T09:38:47.073Z] [DB_ERR] upsertLastProto: Data too long for column 'tcp_addr' at row 1
[2026-04-04T09:38:47.081Z] [DB] INSERT log id=855 node=11-03-1-2-01 proto=TCP/IP
[2026-04-04T09:38:49.181Z] [TCP] Error [::ffff:10.4.119.240:49153]: read ECONNRESET
[2026-04-04T09:38:49.182Z] [TCP] Disconnected: ::ffff:10.4.119.240:49153
[2026-04-04T09:38:49.383Z] [TCP] Connected: ::ffff:10.4.119.240:49153
[2026-04-04T09:38:49.390Z] [TCP] Registered socket for node 11-03-1-2-01
[2026-04-04T09:38:49.390Z] [TCP] TIME sync → 11-03-1-2-01
[2026-04-04T09:38:49.391Z] [TCP] DATA seq=0 node=11-03-1-2-01 V=0V I=-12.827A bat=0V clean=0
[2026-04-04T09:38:49.391Z] [DB_ERR] upsertLastProto: Data too long for column 'tcp_addr' at row 1
[2026-04-04T09:38:49.398Z] [DB] INSERT log id=856 node=11-03-1-2-01 proto=TCP/IP
[2026-04-04T09:38:51.501Z] [TCP] Error [::ffff:10.4.119.240:49153]: read ECONNRESET
[2026-04-04T09:38:51.501Z] [TCP] Disconnected: ::ffff:10.4.119.240:49153
[2026-04-04T09:38:51.703Z] [TCP] Connected: ::ffff:10.4.119.240:49153
[2026-04-04T09:38:51.709Z] [TCP] Registered socket for node 11-03-1-2-01
[2026-04-04T09:38:51.710Z] [TCP] TIME sync → 11-03-1-2-01
[2026-04-04T09:38:51.710Z] [TCP] DATA seq=0 node=11-03-1-2-01 V=0V I=-12.827A bat=0V clean=0
[2026-04-04T09:38:51.712Z] [DB_ERR] upsertLastProto: Data too long for column 'tcp_addr' at row 1
[2026-04-04T09:38:51.718Z] [DB] INSERT log id=857 node=11-03-1-2-01 proto=TCP/IP
[2026-04-04T09:38:53.821Z] [TCP] Error [::ffff:10.4.119.240:49153]: read ECONNRESET
[2026-04-04T09:38:53.822Z] [TCP] Disconnected: ::ffff:10.4.119.240:49153
[2026-04-04T09:38:54.024Z] [TCP] Connected: ::ffff:10.4.119.240:49153
[2026-04-04T09:38:54.029Z] [TCP] Registered socket for node 11-03-1-2-01
[2026-04-04T09:38:54.030Z] [TCP] TIME sync → 11-03-1-2-01
[2026-04-04T09:38:54.030Z] [TCP] DATA seq=0 node=11-03-1-2-01 V=0V I=-12.906A bat=0V clean=0
[2026-04-04T09:38:54.032Z] [DB_ERR] upsertLastProto: Data too long for column 'tcp_addr' at row 1
[2026-04-04T09:38:54.038Z] [DB] INSERT log id=858 node=11-03-1-2-01 proto=TCP/IP
[2026-04-04T09:38:56.141Z] [TCP] Error [::ffff:10.4.119.240:49153]: read ECONNRESET
[2026-04-04T09:38:56.141Z] [TCP] Disconnected: ::ffff:10.4.119.240:49153
[2026-04-04T09:38:56.343Z] [TCP] Connected: ::ffff:10.4.119.240:49153
[2026-04-04T09:38:56.349Z] [TCP] Registered socket for node 11-03-1-2-01
[2026-04-04T09:38:56.350Z] [TCP] TIME sync → 11-03-1-2-01
[2026-04-04T09:38:56.350Z] [TCP] DATA seq=0 node=11-03-1-2-01 V=0V I=-12.879A bat=0V clean=0
[2026-04-04T09:38:56.352Z] [DB_ERR] upsertLastProto: Data too long for column 'tcp_addr' at row 1
[2026-04-04T09:38:56.358Z] [DB] INSERT log id=859 node=11-03-1-2-01 proto=TCP/IP
[2026-04-04T09:38:58.460Z] [TCP] Error [::ffff:10.4.119.240:49153]: read ECONNRESET
[2026-04-04T09:38:58.461Z] [TCP] Disconnected: ::ffff:10.4.119.240:49153
[2026-04-04T09:38:58.663Z] [TCP] Connected: ::ffff:10.4.119.240:49153
[2026-04-04T09:38:58.669Z] [TCP] Registered socket for node 11-03-1-2-01
[2026-04-04T09:38:58.670Z] [TCP] TIME sync → 11-03-1-2-01
[2026-04-04T09:38:58.670Z] [TCP] DATA seq=0 node=11-03-1-2-01 V=0V I=-12.747A bat=0V clean=0
[2026-04-04T09:38:58.672Z] [DB_ERR] upsertLastProto: Data too long for column 'tcp_addr' at row 1
[2026-04-04T09:38:58.680Z] [DB] INSERT log id=860 node=11-03-1-2-01 proto=TCP/IP
[2026-04-04T09:39:00.780Z] [TCP] Error [::ffff:10.4.119.240:49153]: read ECONNRESET
[2026-04-04T09:39:00.781Z] [TCP] Disconnected: ::ffff:10.4.119.240:49153
[2026-04-04T09:39:00.983Z] [TCP] Connected: ::ffff:10.4.119.240:49153
[2026-04-04T09:39:00.989Z] [TCP] Registered socket for node 11-03-1-2-01
[2026-04-04T09:39:00.989Z] [TCP] TIME sync → 11-03-1-2-01
[2026-04-04T09:39:00.990Z] [TCP] DATA seq=0 node=11-03-1-2-01 V=0V I=-12.747A bat=0V clean=0
[2026-04-04T09:39:00.991Z] [DB_ERR] upsertLastProto: Data too long for column 'tcp_addr' at row 1
[2026-04-04T09:39:00.998Z] [DB] INSERT log id=861 node=11-03-1-2-01 proto=TCP/IP
[2026-04-04T09:39:03.100Z] [TCP] Error [::ffff:10.4.119.240:49153]: read ECONNRESET
[2026-04-04T09:39:03.101Z] [TCP] Disconnected: ::ffff:10.4.119.240:49153
[2026-04-04T09:39:03.303Z] [TCP] Connected: ::ffff:10.4.119.240:49153
[2026-04-04T09:39:03.309Z] [TCP] Registered socket for node 11-03-1-2-01
[2026-04-04T09:39:03.310Z] [TCP] TIME sync → 11-03-1-2-01
[2026-04-04T09:39:03.311Z] [TCP] DATA seq=0 node=11-03-1-2-01 V=0V I=-12.721A bat=0V clean=0
[2026-04-04T09:39:03.312Z] [DB_ERR] upsertLastProto: Data too long for column 'tcp_addr' at row 1
[2026-04-04T09:39:03.320Z] [DB] INSERT log id=862 node=11-03-1-2-01 proto=TCP/IP
[2026-04-04T09:39:05.420Z] [TCP] Error [::ffff:10.4.119.240:49153]: read ECONNRESET
[2026-04-04T09:39:05.421Z] [TCP] Disconnected: ::ffff:10.4.119.240:49153
[2026-04-04T09:39:05.622Z] [TCP] Connected: ::ffff:10.4.119.240:49153
[2026-04-04T09:39:05.628Z] [TCP] Registered socket for node 11-03-1-2-01
[2026-04-04T09:39:05.629Z] [TCP] TIME sync → 11-03-1-2-01
[2026-04-04T09:39:05.630Z] [TCP] DATA seq=0 node=11-03-1-2-01 V=0V I=-12.721A bat=0V clean=0
[2026-04-04T09:39:05.631Z] [DB_ERR] upsertLastProto: Data too long for column 'tcp_addr' at row 1
[2026-04-04T09:39:05.638Z] [DB] INSERT log id=863 node=11-03-1-2-01 proto=TCP/IP
[2026-04-04T09:39:07.739Z] [TCP] Error [::ffff:10.4.119.240:49153]: read ECONNRESET
[2026-04-04T09:39:07.740Z] [TCP] Disconnected: ::ffff:10.4.119.240:49153
[2026-04-04T09:39:07.942Z] [TCP] Connected: ::ffff:10.4.119.240:49153
[2026-04-04T09:39:07.948Z] [TCP] Registered socket for node 11-03-1-2-01
[2026-04-04T09:39:07.949Z] [TCP] TIME sync → 11-03-1-2-01
[2026-04-04T09:39:07.949Z] [TCP] DATA seq=0 node=11-03-1-2-01 V=0V I=-12.774A bat=0V clean=0
[2026-04-04T09:39:07.950Z] [DB_ERR] upsertLastProto: Data too long for column 'tcp_addr' at row 1
[2026-04-04T09:39:07.960Z] [DB] INSERT log id=864 node=11-03-1-2-01 proto=TCP/IP
[2026-04-04T09:39:10.059Z] [TCP] Error [::ffff:10.4.119.240:49153]: read ECONNRESET
[2026-04-04T09:39:10.060Z] [TCP] Disconnected: ::ffff:10.4.119.240:49153
[2026-04-04T09:39:10.261Z] [TCP] Connected: ::ffff:10.4.119.240:49153
[2026-04-04T09:39:10.267Z] [TCP] Registered socket for node 11-03-1-2-01
[2026-04-04T09:39:10.268Z] [TCP] TIME sync → 11-03-1-2-01
[2026-04-04T09:39:10.269Z] [TCP] DATA seq=0 node=11-03-1-2-01 V=0V I=-12.721A bat=0V clean=0
[2026-04-04T09:39:10.270Z] [DB_ERR] upsertLastProto: Data too long for column 'tcp_addr' at row 1
[2026-04-04T09:39:10.278Z] [DB] INSERT log id=865 node=11-03-1-2-01 proto=TCP/IP
[2026-04-04T09:39:12.379Z] [TCP] Error [::ffff:10.4.119.240:49153]: read ECONNRESET
[2026-04-04T09:39:12.379Z] [TCP] Disconnected: ::ffff:10.4.119.240:49153
[2026-04-04T09:39:12.581Z] [TCP] Connected: ::ffff:10.4.119.240:49153
[2026-04-04T09:39:12.587Z] [TCP] Registered socket for node 11-03-1-2-01
[2026-04-04T09:39:12.588Z] [TCP] TIME sync → 11-03-1-2-01
[2026-04-04T09:39:12.588Z] [TCP] DATA seq=0 node=11-03-1-2-01 V=0V I=-12.774A bat=0V clean=0
[2026-04-04T09:39:12.589Z] [DB_ERR] upsertLastProto: Data too long for column 'tcp_addr' at row 1
[2026-04-04T09:39:12.597Z] [DB] INSERT log id=866 node=11-03-1-2-01 proto=TCP/IP
[2026-04-04T09:39:14.699Z] [TCP] Error [::ffff:10.4.119.240:49153]: read ECONNRESET
[2026-04-04T09:39:14.699Z] [TCP] Disconnected: ::ffff:10.4.119.240:49153
[2026-04-04T09:39:14.901Z] [TCP] Connected: ::ffff:10.4.119.240:49153
[2026-04-04T09:39:14.907Z] [TCP] Registered socket for node 11-03-1-2-01
[2026-04-04T09:39:14.908Z] [TCP] TIME sync → 11-03-1-2-01
[2026-04-04T09:39:14.909Z] [TCP] DATA seq=0 node=11-03-1-2-01 V=0V I=-12.747A bat=0V clean=0
[2026-04-04T09:39:14.910Z] [DB_ERR] upsertLastProto: Data too long for column 'tcp_addr' at row 1
[2026-04-04T09:39:14.917Z] [DB] INSERT log id=867 node=11-03-1-2-01 proto=TCP/IP
[2026-04-04T09:39:17.018Z] [TCP] Error [::ffff:10.4.119.240:49153]: read ECONNRESET
[2026-04-04T09:39:17.019Z] [TCP] Disconnected: ::ffff:10.4.119.240:49153
[2026-04-04T09:39:17.221Z] [TCP] Connected: ::ffff:10.4.119.240:49153
[2026-04-04T09:39:17.227Z] [TCP] Registered socket for node 11-03-1-2-01
[2026-04-04T09:39:17.228Z] [TCP] TIME sync → 11-03-1-2-01
[2026-04-04T09:39:17.228Z] [TCP] DATA seq=0 node=11-03-1-2-01 V=0V I=-12.774A bat=0V clean=0
[2026-04-04T09:39:17.229Z] [DB_ERR] upsertLastProto: Data too long for column 'tcp_addr' at row 1
[2026-04-04T09:39:17.235Z] [DB] INSERT log id=868 node=11-03-1-2-01 proto=TCP/IP
[2026-04-04T09:39:19.338Z] [TCP] Error [::ffff:10.4.119.240:49153]: read ECONNRESET
[2026-04-04T09:39:19.338Z] [TCP] Disconnected: ::ffff:10.4.119.240:49153
[2026-04-04T09:39:19.540Z] [TCP] Connected: ::ffff:10.4.119.240:49153
[2026-04-04T09:39:19.547Z] [TCP] Registered socket for node 11-03-1-2-01
[2026-04-04T09:39:19.548Z] [TCP] TIME sync → 11-03-1-2-01
[2026-04-04T09:39:19.548Z] [TCP] DATA seq=0 node=11-03-1-2-01 V=0V I=-12.774A bat=0V clean=0
[2026-04-04T09:39:19.549Z] [DB_ERR] upsertLastProto: Data too long for column 'tcp_addr' at row 1
[2026-04-04T09:39:19.558Z] [DB] INSERT log id=869 node=11-03-1-2-01 proto=TCP/IP
[2026-04-04T09:39:21.658Z] [TCP] Error [::ffff:10.4.119.240:49153]: read ECONNRESET
[2026-04-04T09:39:21.659Z] [TCP] Disconnected: ::ffff:10.4.119.240:49153
[2026-04-04T09:39:21.861Z] [TCP] Connected: ::ffff:10.4.119.240:49153
[2026-04-04T09:39:21.867Z] [TCP] Registered socket for node 11-03-1-2-01
[2026-04-04T09:39:21.868Z] [TCP] TIME sync → 11-03-1-2-01
[2026-04-04T09:39:21.868Z] [TCP] DATA seq=0 node=11-03-1-2-01 V=0V I=-12.721A bat=0V clean=0
[2026-04-04T09:39:21.870Z] [DB_ERR] upsertLastProto: Data too long for column 'tcp_addr' at row 1
[2026-04-04T09:39:21.876Z] [DB] INSERT log id=870 node=11-03-1-2-01 proto=TCP/IP
[2026-04-04T09:39:23.979Z] [TCP] Error [::ffff:10.4.119.240:49153]: read ECONNRESET
[2026-04-04T09:39:23.980Z] [TCP] Disconnected: ::ffff:10.4.119.240:49153
[2026-04-04T09:39:24.181Z] [TCP] Connected: ::ffff:10.4.119.240:49153
[2026-04-04T09:39:24.188Z] [TCP] Registered socket for node 11-03-1-2-01
[2026-04-04T09:39:24.189Z] [TCP] TIME sync → 11-03-1-2-01
[2026-04-04T09:39:24.189Z] [TCP] DATA seq=0 node=11-03-1-2-01 V=0V I=-12.747A bat=0V clean=0
[2026-04-04T09:39:24.191Z] [DB_ERR] upsertLastProto: Data too long for column 'tcp_addr' at row 1
[2026-04-04T09:39:24.199Z] [DB] INSERT log id=871 node=11-03-1-2-01 proto=TCP/IP
[2026-04-04T09:39:26.299Z] [TCP] Error [::ffff:10.4.119.240:49153]: read ECONNRESET
[2026-04-04T09:39:26.299Z] [TCP] Disconnected: ::ffff:10.4.119.240:49153
[2026-04-04T09:39:26.502Z] [TCP] Connected: ::ffff:10.4.119.240:49153
[2026-04-04T09:39:26.509Z] [TCP] Registered socket for node 11-03-1-2-01
[2026-04-04T09:39:26.510Z] [TCP] TIME sync → 11-03-1-2-01
[2026-04-04T09:39:26.510Z] [TCP] DATA seq=0 node=11-03-1-2-01 V=0V I=-12.747A bat=0V clean=0
[2026-04-04T09:39:26.511Z] [DB_ERR] upsertLastProto: Data too long for column 'tcp_addr' at row 1
[2026-04-04T09:39:26.518Z] [DB] INSERT log id=872 node=11-03-1-2-01 proto=TCP/IP
[2026-04-04T09:39:28.619Z] [TCP] Error [::ffff:10.4.119.240:49153]: read ECONNRESET
[2026-04-04T09:39:28.620Z] [TCP] Disconnected: ::ffff:10.4.119.240:49153
[2026-04-04T09:39:28.822Z] [TCP] Connected: ::ffff:10.4.119.240:49153
[2026-04-04T09:39:28.828Z] [TCP] Registered socket for node 11-03-1-2-01
[2026-04-04T09:39:28.829Z] [TCP] TIME sync → 11-03-1-2-01
[2026-04-04T09:39:28.829Z] [TCP] DATA seq=0 node=11-03-1-2-01 V=0V I=-12.774A bat=0V clean=0
[2026-04-04T09:39:28.830Z] [DB_ERR] upsertLastProto: Data too long for column 'tcp_addr' at row 1
[2026-04-04T09:39:28.839Z] [DB] INSERT log id=873 node=11-03-1-2-01 proto=TCP/IP
[2026-04-04T09:39:30.939Z] [TCP] Error [::ffff:10.4.119.240:49153]: read ECONNRESET
[2026-04-04T09:39:30.940Z] [TCP] Disconnected: ::ffff:10.4.119.240:49153
[2026-04-04T09:39:31.142Z] [TCP] Connected: ::ffff:10.4.119.240:49153
[2026-04-04T09:39:31.148Z] [TCP] Registered socket for node 11-03-1-2-01
[2026-04-04T09:39:31.149Z] [TCP] TIME sync → 11-03-1-2-01
[2026-04-04T09:39:31.150Z] [TCP] DATA seq=0 node=11-03-1-2-01 V=0V I=-12.747A bat=0V clean=0
[2026-04-04T09:39:31.151Z] [DB_ERR] upsertLastProto: Data too long for column 'tcp_addr' at row 1
[2026-04-04T09:39:31.159Z] [DB] INSERT log id=874 node=11-03-1-2-01 proto=TCP/IP
[2026-04-04T09:39:33.259Z] [TCP] Error [::ffff:10.4.119.240:49153]: read ECONNRESET
[2026-04-04T09:39:33.260Z] [TCP] Disconnected: ::ffff:10.4.119.240:49153
[2026-04-04T09:39:33.461Z] [TCP] Connected: ::ffff:10.4.119.240:49153
[2026-04-04T09:39:33.468Z] [TCP] Registered socket for node 11-03-1-2-01
[2026-04-04T09:39:33.468Z] [TCP] TIME sync → 11-03-1-2-01
[2026-04-04T09:39:33.469Z] [TCP] DATA seq=0 node=11-03-1-2-01 V=0V I=-12.747A bat=0V clean=0
[2026-04-04T09:39:33.470Z] [DB_ERR] upsertLastProto: Data too long for column 'tcp_addr' at row 1
[2026-04-04T09:39:33.478Z] [DB] INSERT log id=875 node=11-03-1-2-01 proto=TCP/IP
[2026-04-04T09:39:35.579Z] [TCP] Error [::ffff:10.4.119.240:49153]: read ECONNRESET
[2026-04-04T09:39:35.579Z] [TCP] Disconnected: ::ffff:10.4.119.240:49153
[2026-04-04T09:39:35.781Z] [TCP] Connected: ::ffff:10.4.119.240:49153
[2026-04-04T09:39:35.787Z] [TCP] Registered socket for node 11-03-1-2-01
[2026-04-04T09:39:35.788Z] [TCP] TIME sync → 11-03-1-2-01
[2026-04-04T09:39:35.788Z] [TCP] DATA seq=0 node=11-03-1-2-01 V=0V I=-12.747A bat=0V clean=0
[2026-04-04T09:39:35.789Z] [DB_ERR] upsertLastProto: Data too long for column 'tcp_addr' at row 1
[2026-04-04T09:39:35.796Z] [DB] INSERT log id=876 node=11-03-1-2-01 proto=TCP/IP
[2026-04-04T09:39:37.898Z] [TCP] Error [::ffff:10.4.119.240:49153]: read ECONNRESET
[2026-04-04T09:39:37.899Z] [TCP] Disconnected: ::ffff:10.4.119.240:49153
[2026-04-04T09:39:38.101Z] [TCP] Connected: ::ffff:10.4.119.240:49153
[2026-04-04T09:39:38.110Z] [TCP] Registered socket for node 11-03-1-2-01
[2026-04-04T09:39:38.111Z] [TCP] TIME sync → 11-03-1-2-01
[2026-04-04T09:39:38.112Z] [TCP] DATA seq=0 node=11-03-1-2-01 V=0V I=-13.355A bat=0V clean=0
[2026-04-04T09:39:38.113Z] [DB_ERR] upsertLastProto: Data too long for column 'tcp_addr' at row 1
[2026-04-04T09:39:38.121Z] [DB] INSERT log id=877 node=11-03-1-2-01 proto=TCP/IP
[2026-04-04T09:39:40.225Z] [MQTT] Connected: PV_11-03-1-2-01
[2026-04-04T09:39:40.738Z] [MQTT] TIME sync → cmd/11-03-1-2-01: TIME|17:39
[2026-04-04T09:39:44.511Z] [MQTT] Disconnected: PV_11-03-1-2-01
[2026-04-04T09:39:44.714Z] [MQTT] Connected: PV_11-03-1-2-01
[2026-04-04T09:39:45.224Z] [MQTT] TIME sync → cmd/11-03-1-2-01: TIME|17:39
[2026-04-04T09:39:51.227Z] [MQTT] Disconnected: PV_11-03-1-2-01
[2026-04-04T09:39:51.430Z] [MQTT] Connected: PV_11-03-1-2-01
[2026-04-04T09:39:51.942Z] [MQTT] TIME sync → cmd/11-03-1-2-01: TIME|17:39
[2026-04-04T09:40:00.673Z] [MQTT] Disconnected: PV_11-03-1-2-01
[2026-04-04T09:40:00.876Z] [MQTT] Connected: PV_11-03-1-2-01
[2026-04-04T09:40:01.387Z] [MQTT] TIME sync → cmd/11-03-1-2-01: TIME|17:40
[2026-04-04T09:40:22.874Z] [MQTT] Disconnected: PV_11-03-1-2-01
[2026-04-04T09:40:23.076Z] [MQTT] Connected: PV_11-03-1-2-01
[2026-04-04T09:40:23.588Z] [MQTT] TIME sync → cmd/11-03-1-2-01: TIME|17:40
[2026-04-04T09:40:28.551Z] [MQTT] Disconnected: PV_11-03-1-2-01
[2026-04-04T09:40:28.754Z] [MQTT] Connected: PV_11-03-1-2-01
[2026-04-04T09:40:29.266Z] [MQTT] TIME sync → cmd/11-03-1-2-01: TIME|17:40
[2026-04-04T09:40:46.099Z] [MQTT] Disconnected: PV_11-03-1-2-01
[2026-04-04T09:40:46.302Z] [MQTT] Connected: PV_11-03-1-2-01
[2026-04-04T09:40:46.813Z] [MQTT] TIME sync → cmd/11-03-1-2-01: TIME|17:40
[2026-04-04T09:40:49.751Z] [MQTT] Disconnected: PV_11-03-1-2-01
[2026-04-04T09:40:49.953Z] [MQTT] Connected: PV_11-03-1-2-01
[2026-04-04T09:40:50.458Z] [MQTT] TIME sync → cmd/11-03-1-2-01: TIME|17:40
[2026-04-04T09:40:55.947Z] [MQTT] Disconnected: PV_11-03-1-2-01
[2026-04-04T09:40:56.150Z] [MQTT] Connected: PV_11-03-1-2-01
[2026-04-04T09:40:56.660Z] [MQTT] TIME sync → cmd/11-03-1-2-01: TIME|17:40
[2026-04-04T09:41:01.893Z] [MQTT] Disconnected: PV_11-03-1-2-01
[2026-04-04T09:41:02.096Z] [MQTT] Connected: PV_11-03-1-2-01
[2026-04-04T09:41:02.604Z] [MQTT] TIME sync → cmd/11-03-1-2-01: TIME|17:41
[2026-04-04T09:41:13.948Z] [MQTT] Disconnected: PV_11-03-1-2-01
[2026-04-04T09:41:14.152Z] [MQTT] Connected: PV_11-03-1-2-01
[2026-04-04T09:41:14.665Z] [MQTT] TIME sync → cmd/11-03-1-2-01: TIME|17:41
[2026-04-04T09:41:21.419Z] [MQTT] Disconnected: PV_11-03-1-2-01
[2026-04-04T09:41:21.622Z] [MQTT] Connected: PV_11-03-1-2-01
[2026-04-04T09:41:22.125Z] [MQTT] TIME sync → cmd/11-03-1-2-01: TIME|17:41
[2026-04-04T09:41:24.128Z] [MQTT] Disconnected: PV_11-03-1-2-01
[2026-04-04T09:41:24.333Z] [MQTT] Connected: PV_11-03-1-2-01
[2026-04-04T09:41:24.834Z] [MQTT] TIME sync → cmd/11-03-1-2-01: TIME|17:41
[2026-04-04T09:41:29.271Z] [MQTT] Disconnected: PV_11-03-1-2-01
[2026-04-04T09:41:29.475Z] [MQTT] Connected: PV_11-03-1-2-01
[2026-04-04T09:41:29.981Z] [MQTT] TIME sync → cmd/11-03-1-2-01: TIME|17:41
[2026-04-04T09:41:35.619Z] [MQTT] Disconnected: PV_11-03-1-2-01
[2026-04-04T09:41:35.822Z] [MQTT] Connected: PV_11-03-1-2-01
[2026-04-04T09:41:36.325Z] [MQTT] TIME sync → cmd/11-03-1-2-01: TIME|17:41
[2026-04-04T09:41:43.758Z] [MQTT] Disconnected: PV_11-03-1-2-01
[2026-04-04T09:41:43.962Z] [MQTT] Connected: PV_11-03-1-2-01
[2026-04-04T09:41:44.474Z] [MQTT] TIME sync → cmd/11-03-1-2-01: TIME|17:41
[2026-04-04T09:41:47.393Z] [MQTT] Disconnected: PV_11-03-1-2-01
[2026-04-04T09:41:47.597Z] [MQTT] Connected: PV_11-03-1-2-01
[2026-04-04T09:41:48.105Z] [MQTT] TIME sync → cmd/11-03-1-2-01: TIME|17:41
[2026-04-04T09:42:32.833Z] [MQTT] Disconnected: PV_11-03-1-2-01
[2026-04-04T09:44:17.528Z] [MQTT] Connected: PV_11-03-1-2-01
[2026-04-04T09:44:17.543Z] [MQTT] DATA seq=0 node=11-03-1-2-01 V=0V I=-13.012A bat=0V clean=0
[2026-04-04T09:44:17.551Z] [DB] INSERT log id=878 node=11-03-1-2-01 proto=MQTT
[2026-04-04T09:44:18.034Z] [MQTT] TIME sync → cmd/11-03-1-2-01: TIME|17:44
[2026-04-04T09:44:19.649Z] [MQTT] Disconnected: PV_11-03-1-2-01
[2026-04-04T09:44:19.851Z] [MQTT] Connected: PV_11-03-1-2-01
[2026-04-04T09:44:19.863Z] [MQTT] DATA seq=0 node=11-03-1-2-01 V=0V I=-13.038A bat=0V clean=0
[2026-04-04T09:44:19.874Z] [DB] INSERT log id=879 node=11-03-1-2-01 proto=MQTT
[2026-04-04T09:44:20.355Z] [MQTT] TIME sync → cmd/11-03-1-2-01: TIME|17:44
[2026-04-04T09:44:21.972Z] [MQTT] Disconnected: PV_11-03-1-2-01
[2026-04-04T09:44:22.175Z] [MQTT] Connected: PV_11-03-1-2-01
[2026-04-04T09:44:22.187Z] [MQTT] DATA seq=0 node=11-03-1-2-01 V=0V I=-13.434A bat=0V clean=0
[2026-04-04T09:44:22.196Z] [DB] INSERT log id=880 node=11-03-1-2-01 proto=MQTT
[2026-04-04T09:44:22.682Z] [MQTT] TIME sync → cmd/11-03-1-2-01: TIME|17:44
[2026-04-04T09:44:24.297Z] [MQTT] Disconnected: PV_11-03-1-2-01
[2026-04-04T09:44:24.499Z] [MQTT] Connected: PV_11-03-1-2-01
[2026-04-04T09:44:24.511Z] [MQTT] DATA seq=0 node=11-03-1-2-01 V=0V I=-13.091A bat=0V clean=0
[2026-04-04T09:44:24.522Z] [DB] INSERT log id=881 node=11-03-1-2-01 proto=MQTT
[2026-04-04T09:44:25.006Z] [MQTT] TIME sync → cmd/11-03-1-2-01: TIME|17:44
[2026-04-04T09:44:26.621Z] [MQTT] Disconnected: PV_11-03-1-2-01
[2026-04-04T09:44:26.824Z] [MQTT] Connected: PV_11-03-1-2-01
[2026-04-04T09:44:26.836Z] [MQTT] DATA seq=0 node=11-03-1-2-01 V=0V I=-12.932A bat=0V clean=0
[2026-04-04T09:44:26.846Z] [DB] INSERT log id=882 node=11-03-1-2-01 proto=MQTT
[2026-04-04T09:44:27.334Z] [MQTT] TIME sync → cmd/11-03-1-2-01: TIME|17:44
[2026-04-04T09:44:28.945Z] [MQTT] Disconnected: PV_11-03-1-2-01
[2026-04-04T09:44:29.149Z] [MQTT] Connected: PV_11-03-1-2-01
[2026-04-04T09:44:29.161Z] [MQTT] DATA seq=0 node=11-03-1-2-01 V=0V I=-13.012A bat=0V clean=0
[2026-04-04T09:44:29.171Z] [DB] INSERT log id=883 node=11-03-1-2-01 proto=MQTT
[2026-04-04T09:44:29.656Z] [MQTT] TIME sync → cmd/11-03-1-2-01: TIME|17:44
[2026-04-04T09:44:31.271Z] [MQTT] Disconnected: PV_11-03-1-2-01
[2026-04-04T09:44:31.473Z] [MQTT] Connected: PV_11-03-1-2-01
[2026-04-04T09:44:31.485Z] [MQTT] DATA seq=0 node=11-03-1-2-01 V=0V I=-13.276A bat=0V clean=0
[2026-04-04T09:44:31.493Z] [DB] INSERT log id=884 node=11-03-1-2-01 proto=MQTT
[2026-04-04T09:44:31.986Z] [MQTT] TIME sync → cmd/11-03-1-2-01: TIME|17:44
[2026-04-04T09:44:33.594Z] [MQTT] Disconnected: PV_11-03-1-2-01
[2026-04-04T09:44:33.798Z] [MQTT] Connected: PV_11-03-1-2-01
[2026-04-04T09:44:33.811Z] [MQTT] DATA seq=0 node=11-03-1-2-01 V=0V I=-13.144A bat=0V clean=0
[2026-04-04T09:44:33.821Z] [DB] INSERT log id=885 node=11-03-1-2-01 proto=MQTT
[2026-04-04T09:44:34.312Z] [MQTT] TIME sync → cmd/11-03-1-2-01: TIME|17:44
[2026-04-04T09:44:35.919Z] [MQTT] Disconnected: PV_11-03-1-2-01
[2026-04-04T09:44:36.123Z] [MQTT] Connected: PV_11-03-1-2-01
[2026-04-04T09:44:36.134Z] [MQTT] DATA seq=0 node=11-03-1-2-01 V=0V I=-13.012A bat=0V clean=0
[2026-04-04T09:44:36.141Z] [DB] INSERT log id=886 node=11-03-1-2-01 proto=MQTT
[2026-04-04T09:44:36.639Z] [MQTT] TIME sync → cmd/11-03-1-2-01: TIME|17:44
[2026-04-04T09:44:38.244Z] [MQTT] Disconnected: PV_11-03-1-2-01
[2026-04-04T09:44:38.447Z] [MQTT] Connected: PV_11-03-1-2-01
[2026-04-04T09:44:38.459Z] [MQTT] DATA seq=0 node=11-03-1-2-01 V=0V I=-12.932A bat=0V clean=0
[2026-04-04T09:44:38.469Z] [DB] INSERT log id=887 node=11-03-1-2-01 proto=MQTT
[2026-04-04T09:44:38.953Z] [MQTT] TIME sync → cmd/11-03-1-2-01: TIME|17:44
[2026-04-04T09:44:40.568Z] [MQTT] Disconnected: PV_11-03-1-2-01
[2026-04-04T09:44:40.771Z] [MQTT] Connected: PV_11-03-1-2-01
[2026-04-04T09:44:40.783Z] [MQTT] DATA seq=0 node=11-03-1-2-01 V=0V I=-13.038A bat=0V clean=0
[2026-04-04T09:44:40.791Z] [DB] INSERT log id=888 node=11-03-1-2-01 proto=MQTT
[2026-04-04T09:44:41.278Z] [MQTT] TIME sync → cmd/11-03-1-2-01: TIME|17:44
[2026-04-04T09:44:42.892Z] [MQTT] Disconnected: PV_11-03-1-2-01
[2026-04-04T09:44:43.095Z] [MQTT] Connected: PV_11-03-1-2-01
[2026-04-04T09:44:43.107Z] [MQTT] DATA seq=0 node=11-03-1-2-01 V=0V I=-13.329A bat=0V clean=0
[2026-04-04T09:44:43.114Z] [DB] INSERT log id=889 node=11-03-1-2-01 proto=MQTT
[2026-04-04T09:44:43.596Z] [MQTT] TIME sync → cmd/11-03-1-2-01: TIME|17:44
[2026-04-04T09:44:45.216Z] [MQTT] Disconnected: PV_11-03-1-2-01
[2026-04-04T09:44:45.420Z] [MQTT] Connected: PV_11-03-1-2-01
[2026-04-04T09:44:45.432Z] [MQTT] DATA seq=0 node=11-03-1-2-01 V=0V I=-13.064A bat=0V clean=0
[2026-04-04T09:44:45.441Z] [DB] INSERT log id=890 node=11-03-1-2-01 proto=MQTT
[2026-04-04T09:44:45.923Z] [MQTT] TIME sync → cmd/11-03-1-2-01: TIME|17:44
[2026-04-04T09:44:47.541Z] [MQTT] Disconnected: PV_11-03-1-2-01
[2026-04-04T09:44:47.744Z] [MQTT] Connected: PV_11-03-1-2-01
[2026-04-04T09:44:47.756Z] [MQTT] DATA seq=0 node=11-03-1-2-01 V=0V I=-12.932A bat=0V clean=0
[2026-04-04T09:44:47.764Z] [DB] INSERT log id=891 node=11-03-1-2-01 proto=MQTT
[2026-04-04T09:44:48.261Z] [MQTT] TIME sync → cmd/11-03-1-2-01: TIME|17:44
[2026-04-04T09:44:49.865Z] [MQTT] Disconnected: PV_11-03-1-2-01
[2026-04-04T09:44:50.069Z] [MQTT] Connected: PV_11-03-1-2-01
[2026-04-04T09:44:50.080Z] [MQTT] DATA seq=0 node=11-03-1-2-01 V=0V I=-13.091A bat=0V clean=0
[2026-04-04T09:44:50.089Z] [DB] INSERT log id=892 node=11-03-1-2-01 proto=MQTT
[2026-04-04T09:44:50.574Z] [MQTT] TIME sync → cmd/11-03-1-2-01: TIME|17:44
[2026-04-04T09:44:52.190Z] [MQTT] Disconnected: PV_11-03-1-2-01
[2026-04-04T09:44:52.393Z] [MQTT] Connected: PV_11-03-1-2-01
[2026-04-04T09:44:52.405Z] [MQTT] DATA seq=0 node=11-03-1-2-01 V=0V I=-13.381A bat=0V clean=0
[2026-04-04T09:44:52.413Z] [DB] INSERT log id=893 node=11-03-1-2-01 proto=MQTT
[2026-04-04T09:44:52.905Z] [MQTT] TIME sync → cmd/11-03-1-2-01: TIME|17:44
[2026-04-04T09:44:54.514Z] [MQTT] Disconnected: PV_11-03-1-2-01
[2026-04-04T09:44:54.717Z] [MQTT] Connected: PV_11-03-1-2-01
[2026-04-04T09:44:54.729Z] [MQTT] DATA seq=0 node=11-03-1-2-01 V=0V I=-13.064A bat=0V clean=0
[2026-04-04T09:44:54.738Z] [DB] INSERT log id=894 node=11-03-1-2-01 proto=MQTT
[2026-04-04T09:44:55.218Z] [MQTT] TIME sync → cmd/11-03-1-2-01: TIME|17:44
[2026-04-04T09:44:56.838Z] [MQTT] Disconnected: PV_11-03-1-2-01
[2026-04-04T09:44:57.041Z] [MQTT] Connected: PV_11-03-1-2-01
[2026-04-04T09:44:57.053Z] [MQTT] DATA seq=0 node=11-03-1-2-01 V=0V I=-12.906A bat=0V clean=0
[2026-04-04T09:44:57.063Z] [DB] INSERT log id=895 node=11-03-1-2-01 proto=MQTT
[2026-04-04T09:44:57.543Z] [MQTT] TIME sync → cmd/11-03-1-2-01: TIME|17:44
[2026-04-04T09:44:59.162Z] [MQTT] Disconnected: PV_11-03-1-2-01
[2026-04-04T09:44:59.366Z] [MQTT] Connected: PV_11-03-1-2-01
[2026-04-04T09:44:59.377Z] [MQTT] DATA seq=0 node=11-03-1-2-01 V=0V I=-12.985A bat=0V clean=0
[2026-04-04T09:44:59.387Z] [DB] INSERT log id=896 node=11-03-1-2-01 proto=MQTT
[2026-04-04T09:44:59.870Z] [MQTT] TIME sync → cmd/11-03-1-2-01: TIME|17:44
[2026-04-04T09:45:01.487Z] [MQTT] Disconnected: PV_11-03-1-2-01
[2026-04-04T09:45:01.690Z] [MQTT] Connected: PV_11-03-1-2-01
[2026-04-04T09:45:01.701Z] [MQTT] DATA seq=0 node=11-03-1-2-01 V=0V I=-13.038A bat=0V clean=0
[2026-04-04T09:45:01.709Z] [DB] INSERT log id=897 node=11-03-1-2-01 proto=MQTT
[2026-04-04T09:45:02.198Z] [MQTT] TIME sync → cmd/11-03-1-2-01: TIME|17:45
[2026-04-04T09:45:03.811Z] [MQTT] Disconnected: PV_11-03-1-2-01
[2026-04-04T09:45:04.014Z] [MQTT] Connected: PV_11-03-1-2-01
[2026-04-04T09:45:04.026Z] [MQTT] DATA seq=0 node=11-03-1-2-01 V=0V I=-13.355A bat=0V clean=0
[2026-04-04T09:45:04.034Z] [DB] INSERT log id=898 node=11-03-1-2-01 proto=MQTT
[2026-04-04T09:45:04.518Z] [MQTT] TIME sync → cmd/11-03-1-2-01: TIME|17:45
[2026-04-04T09:45:06.135Z] [MQTT] Disconnected: PV_11-03-1-2-01
[2026-04-04T09:45:06.338Z] [MQTT] Connected: PV_11-03-1-2-01
[2026-04-04T09:45:06.350Z] [MQTT] DATA seq=0 node=11-03-1-2-01 V=0V I=-13.064A bat=0V clean=0
[2026-04-04T09:45:06.358Z] [DB] INSERT log id=899 node=11-03-1-2-01 proto=MQTT
[2026-04-04T09:45:06.855Z] [MQTT] TIME sync → cmd/11-03-1-2-01: TIME|17:45
[2026-04-04T09:45:08.460Z] [MQTT] Disconnected: PV_11-03-1-2-01
[2026-04-04T09:45:08.663Z] [MQTT] Connected: PV_11-03-1-2-01
[2026-04-04T09:45:08.674Z] [MQTT] DATA seq=0 node=11-03-1-2-01 V=0V I=-13.012A bat=0V clean=0
[2026-04-04T09:45:08.682Z] [DB] INSERT log id=900 node=11-03-1-2-01 proto=MQTT
[2026-04-04T09:45:09.175Z] [MQTT] TIME sync → cmd/11-03-1-2-01: TIME|17:45
[2026-04-04T09:45:10.784Z] [MQTT] Disconnected: PV_11-03-1-2-01
[2026-04-04T09:45:10.988Z] [MQTT] Connected: PV_11-03-1-2-01
[2026-04-04T09:45:11.000Z] [MQTT] DATA seq=0 node=11-03-1-2-01 V=0V I=-12.932A bat=0V clean=0
[2026-04-04T09:45:11.009Z] [DB] INSERT log id=901 node=11-03-1-2-01 proto=MQTT
[2026-04-04T09:45:11.489Z] [MQTT] TIME sync → cmd/11-03-1-2-01: TIME|17:45
[2026-04-04T09:45:13.109Z] [MQTT] Disconnected: PV_11-03-1-2-01
[2026-04-04T09:45:13.313Z] [MQTT] Connected: PV_11-03-1-2-01
[2026-04-04T09:45:13.325Z] [MQTT] DATA seq=0 node=11-03-1-2-01 V=0V I=-13.038A bat=0V clean=0
[2026-04-04T09:45:13.334Z] [DB] INSERT log id=902 node=11-03-1-2-01 proto=MQTT
[2026-04-04T09:45:13.825Z] [MQTT] TIME sync → cmd/11-03-1-2-01: TIME|17:45
[2026-04-04T09:45:15.434Z] [MQTT] Disconnected: PV_11-03-1-2-01
[2026-04-04T09:45:15.637Z] [MQTT] Connected: PV_11-03-1-2-01
[2026-04-04T09:45:15.649Z] [MQTT] DATA seq=0 node=11-03-1-2-01 V=0V I=-13.329A bat=0V clean=0
[2026-04-04T09:45:15.658Z] [DB] INSERT log id=903 node=11-03-1-2-01 proto=MQTT
[2026-04-04T09:45:16.141Z] [MQTT] TIME sync → cmd/11-03-1-2-01: TIME|17:45
[2026-04-04T09:45:17.758Z] [MQTT] Disconnected: PV_11-03-1-2-01
[2026-04-04T09:45:17.962Z] [MQTT] Connected: PV_11-03-1-2-01
[2026-04-04T09:45:17.973Z] [MQTT] DATA seq=0 node=11-03-1-2-01 V=0V I=-13.091A bat=0V clean=0
[2026-04-04T09:45:17.981Z] [DB] INSERT log id=904 node=11-03-1-2-01 proto=MQTT
[2026-04-04T09:45:18.473Z] [MQTT] TIME sync → cmd/11-03-1-2-01: TIME|17:45
[2026-04-04T09:45:20.083Z] [MQTT] Disconnected: PV_11-03-1-2-01
[2026-04-04T09:45:20.286Z] [MQTT] Connected: PV_11-03-1-2-01
[2026-04-04T09:45:20.298Z] [MQTT] DATA seq=0 node=11-03-1-2-01 V=0V I=-12.906A bat=0V clean=0
[2026-04-04T09:45:20.308Z] [DB] INSERT log id=905 node=11-03-1-2-01 proto=MQTT
[2026-04-04T09:45:20.801Z] [MQTT] TIME sync → cmd/11-03-1-2-01: TIME|17:45
[2026-04-04T09:45:22.407Z] [MQTT] Disconnected: PV_11-03-1-2-01
[2026-04-04T09:45:22.610Z] [MQTT] Connected: PV_11-03-1-2-01
[2026-04-04T09:45:22.622Z] [MQTT] DATA seq=0 node=11-03-1-2-01 V=0V I=-12.906A bat=0V clean=0
[2026-04-04T09:45:22.630Z] [DB] INSERT log id=906 node=11-03-1-2-01 proto=MQTT
[2026-04-04T09:45:23.126Z] [MQTT] TIME sync → cmd/11-03-1-2-01: TIME|17:45
[2026-04-04T09:45:24.731Z] [MQTT] Disconnected: PV_11-03-1-2-01
[2026-04-04T09:45:24.934Z] [MQTT] Connected: PV_11-03-1-2-01
[2026-04-04T09:45:24.946Z] [MQTT] DATA seq=0 node=11-03-1-2-01 V=0V I=-13.064A bat=0V clean=0
[2026-04-04T09:45:24.952Z] [DB] INSERT log id=907 node=11-03-1-2-01 proto=MQTT
[2026-04-04T09:45:25.443Z] [MQTT] TIME sync → cmd/11-03-1-2-01: TIME|17:45
[2026-04-04T09:45:27.056Z] [MQTT] Disconnected: PV_11-03-1-2-01
[2026-04-04T09:45:27.259Z] [MQTT] Connected: PV_11-03-1-2-01
[2026-04-04T09:45:27.271Z] [MQTT] DATA seq=0 node=11-03-1-2-01 V=0V I=-13.434A bat=0V clean=0
[2026-04-04T09:45:27.280Z] [DB] INSERT log id=908 node=11-03-1-2-01 proto=MQTT
[2026-04-04T09:45:27.769Z] [MQTT] TIME sync → cmd/11-03-1-2-01: TIME|17:45
[2026-04-04T09:45:29.380Z] [MQTT] Disconnected: PV_11-03-1-2-01
[2026-04-04T09:45:29.584Z] [MQTT] Connected: PV_11-03-1-2-01
[2026-04-04T09:45:29.596Z] [MQTT] DATA seq=0 node=11-03-1-2-01 V=0V I=-13.091A bat=0V clean=0
[2026-04-04T09:45:29.603Z] [DB] INSERT log id=909 node=11-03-1-2-01 proto=MQTT
[2026-04-04T09:45:30.093Z] [MQTT] TIME sync → cmd/11-03-1-2-01: TIME|17:45
[2026-04-04T09:45:31.705Z] [MQTT] Disconnected: PV_11-03-1-2-01
[2026-04-04T09:45:31.910Z] [MQTT] Connected: PV_11-03-1-2-01
[2026-04-04T09:45:31.922Z] [MQTT] DATA seq=0 node=11-03-1-2-01 V=0V I=-12.774A bat=0V clean=0
[2026-04-04T09:45:31.930Z] [DB] INSERT log id=910 node=11-03-1-2-01 proto=MQTT
[2026-04-04T09:45:32.432Z] [MQTT] TIME sync → cmd/11-03-1-2-01: TIME|17:45
[2026-04-04T09:45:34.032Z] [MQTT] Disconnected: PV_11-03-1-2-01
[2026-04-04T09:45:34.235Z] [MQTT] Connected: PV_11-03-1-2-01
[2026-04-04T09:45:34.248Z] [MQTT] DATA seq=0 node=11-03-1-2-01 V=0V I=-13.064A bat=0V clean=0
[2026-04-04T09:45:34.257Z] [DB] INSERT log id=911 node=11-03-1-2-01 proto=MQTT
[2026-04-04T09:45:34.741Z] [MQTT] TIME sync → cmd/11-03-1-2-01: TIME|17:45
[2026-04-04T09:45:36.357Z] [MQTT] Disconnected: PV_11-03-1-2-01
[2026-04-04T09:45:36.560Z] [MQTT] Connected: PV_11-03-1-2-01
[2026-04-04T09:45:36.572Z] [MQTT] DATA seq=0 node=11-03-1-2-01 V=0V I=-13.408A bat=0V clean=0
[2026-04-04T09:45:36.581Z] [DB] INSERT log id=912 node=11-03-1-2-01 proto=MQTT
[2026-04-04T09:45:37.065Z] [MQTT] TIME sync → cmd/11-03-1-2-01: TIME|17:45
[2026-04-04T09:45:38.681Z] [MQTT] Disconnected: PV_11-03-1-2-01
[2026-04-04T09:45:38.884Z] [MQTT] Connected: PV_11-03-1-2-01
[2026-04-04T09:45:38.896Z] [MQTT] DATA seq=0 node=11-03-1-2-01 V=0V I=-13.117A bat=0V clean=0
[2026-04-04T09:45:38.905Z] [DB] INSERT log id=913 node=11-03-1-2-01 proto=MQTT
[2026-04-04T09:45:39.387Z] [MQTT] TIME sync → cmd/11-03-1-2-01: TIME|17:45
[2026-04-04T09:45:41.005Z] [MQTT] Disconnected: PV_11-03-1-2-01
[2026-04-04T09:45:41.209Z] [MQTT] Connected: PV_11-03-1-2-01
[2026-04-04T09:45:41.221Z] [MQTT] DATA seq=0 node=11-03-1-2-01 V=0V I=-13.012A bat=0V clean=0
[2026-04-04T09:45:41.231Z] [DB] INSERT log id=914 node=11-03-1-2-01 proto=MQTT
[2026-04-04T09:45:41.722Z] [MQTT] TIME sync → cmd/11-03-1-2-01: TIME|17:45
[2026-04-04T09:45:43.330Z] [MQTT] Disconnected: PV_11-03-1-2-01
[2026-04-04T09:45:43.533Z] [MQTT] Connected: PV_11-03-1-2-01
[2026-04-04T09:45:43.545Z] [MQTT] DATA seq=0 node=11-03-1-2-01 V=0V I=-12.959A bat=0V clean=0
[2026-04-04T09:45:43.553Z] [DB] INSERT log id=915 node=11-03-1-2-01 proto=MQTT
[2026-04-04T09:45:44.043Z] [MQTT] TIME sync → cmd/11-03-1-2-01: TIME|17:45
[2026-04-04T09:45:45.654Z] [MQTT] Disconnected: PV_11-03-1-2-01
[2026-04-04T09:45:45.857Z] [MQTT] Connected: PV_11-03-1-2-01
[2026-04-04T09:45:45.869Z] [MQTT] DATA seq=0 node=11-03-1-2-01 V=0V I=-13.064A bat=0V clean=0
[2026-04-04T09:45:45.877Z] [DB] INSERT log id=916 node=11-03-1-2-01 proto=MQTT
[2026-04-04T09:45:46.366Z] [MQTT] TIME sync → cmd/11-03-1-2-01: TIME|17:45
[2026-04-04T09:45:47.979Z] [MQTT] Disconnected: PV_11-03-1-2-01
[2026-04-04T09:45:48.182Z] [MQTT] Connected: PV_11-03-1-2-01
[2026-04-04T09:45:48.193Z] [MQTT] DATA seq=0 node=11-03-1-2-01 V=0V I=-13.355A bat=0V clean=0
[2026-04-04T09:45:48.202Z] [DB] INSERT log id=917 node=11-03-1-2-01 proto=MQTT
[2026-04-04T09:45:48.694Z] [MQTT] TIME sync → cmd/11-03-1-2-01: TIME|17:45
[2026-04-04T09:45:50.303Z] [MQTT] Disconnected: PV_11-03-1-2-01
[2026-04-04T09:45:50.506Z] [MQTT] Connected: PV_11-03-1-2-01
[2026-04-04T09:45:50.518Z] [MQTT] DATA seq=0 node=11-03-1-2-01 V=0V I=-13.196A bat=0V clean=0
[2026-04-04T09:45:50.527Z] [DB] INSERT log id=918 node=11-03-1-2-01 proto=MQTT
[2026-04-04T09:45:51.017Z] [MQTT] TIME sync → cmd/11-03-1-2-01: TIME|17:45
[2026-04-04T09:45:52.627Z] [MQTT] Disconnected: PV_11-03-1-2-01
[2026-04-04T09:45:52.830Z] [MQTT] Connected: PV_11-03-1-2-01
[2026-04-04T09:45:52.842Z] [MQTT] DATA seq=0 node=11-03-1-2-01 V=0V I=-13.091A bat=0V clean=0
[2026-04-04T09:45:52.850Z] [DB] INSERT log id=919 node=11-03-1-2-01 proto=MQTT
[2026-04-04T09:45:53.335Z] [MQTT] TIME sync → cmd/11-03-1-2-01: TIME|17:45
[2026-04-04T09:45:54.951Z] [MQTT] Disconnected: PV_11-03-1-2-01
[2026-04-04T09:45:55.154Z] [MQTT] Connected: PV_11-03-1-2-01
[2026-04-04T09:45:55.166Z] [MQTT] DATA seq=0 node=11-03-1-2-01 V=0V I=-12.932A bat=0V clean=0
[2026-04-04T09:45:55.175Z] [DB] INSERT log id=920 node=11-03-1-2-01 proto=MQTT
[2026-04-04T09:45:55.668Z] [MQTT] TIME sync → cmd/11-03-1-2-01: TIME|17:45
[2026-04-04T09:45:57.275Z] [MQTT] Disconnected: PV_11-03-1-2-01
[2026-04-04T09:45:57.479Z] [MQTT] Connected: PV_11-03-1-2-01
[2026-04-04T09:45:57.490Z] [MQTT] DATA seq=0 node=11-03-1-2-01 V=0V I=-13.091A bat=0V clean=0
[2026-04-04T09:45:57.499Z] [DB] INSERT log id=921 node=11-03-1-2-01 proto=MQTT
[2026-04-04T09:45:57.995Z] [MQTT] TIME sync → cmd/11-03-1-2-01: TIME|17:45
[2026-04-04T09:45:59.600Z] [MQTT] Disconnected: PV_11-03-1-2-01
[2026-04-04T09:45:59.803Z] [MQTT] Connected: PV_11-03-1-2-01
[2026-04-04T09:45:59.815Z] [MQTT] DATA seq=0 node=11-03-1-2-01 V=0V I=-13.329A bat=0V clean=0
[2026-04-04T09:45:59.841Z] [DB] INSERT log id=922 node=11-03-1-2-01 proto=MQTT
[2026-04-04T09:46:00.316Z] [MQTT] TIME sync → cmd/11-03-1-2-01: TIME|17:45
[2026-04-04T09:46:01.923Z] [MQTT] Disconnected: PV_11-03-1-2-01
[2026-04-04T09:46:02.127Z] [MQTT] Connected: PV_11-03-1-2-01
[2026-04-04T09:46:02.139Z] [MQTT] DATA seq=0 node=11-03-1-2-01 V=0V I=-13.117A bat=0V clean=0
[2026-04-04T09:46:02.145Z] [DB] INSERT log id=923 node=11-03-1-2-01 proto=MQTT
[2026-04-04T09:46:02.638Z] [MQTT] TIME sync → cmd/11-03-1-2-01: TIME|17:46
[2026-04-04T09:46:04.248Z] [MQTT] Disconnected: PV_11-03-1-2-01
[2026-04-04T09:46:04.451Z] [MQTT] Connected: PV_11-03-1-2-01
[2026-04-04T09:46:04.463Z] [MQTT] DATA seq=0 node=11-03-1-2-01 V=0V I=-13.012A bat=0V clean=0
[2026-04-04T09:46:04.470Z] [DB] INSERT log id=924 node=11-03-1-2-01 proto=MQTT
[2026-04-04T09:46:04.963Z] [MQTT] TIME sync → cmd/11-03-1-2-01: TIME|17:46
[2026-04-04T09:46:06.574Z] [MQTT] Disconnected: PV_11-03-1-2-01
[2026-04-04T09:46:06.777Z] [MQTT] Connected: PV_11-03-1-2-01
[2026-04-04T09:46:06.789Z] [MQTT] DATA seq=0 node=11-03-1-2-01 V=0V I=-12.985A bat=0V clean=0
[2026-04-04T09:46:06.797Z] [DB] INSERT log id=925 node=11-03-1-2-01 proto=MQTT
[2026-04-04T09:46:07.286Z] [MQTT] TIME sync → cmd/11-03-1-2-01: TIME|17:46
[2026-04-04T09:46:08.898Z] [MQTT] Disconnected: PV_11-03-1-2-01
[2026-04-04T09:46:09.102Z] [MQTT] Connected: PV_11-03-1-2-01
[2026-04-04T09:46:09.114Z] [MQTT] DATA seq=0 node=11-03-1-2-01 V=0V I=-13.038A bat=0V clean=0
[2026-04-04T09:46:09.122Z] [DB] INSERT log id=926 node=11-03-1-2-01 proto=MQTT
[2026-04-04T09:46:09.603Z] [MQTT] TIME sync → cmd/11-03-1-2-01: TIME|17:46
[2026-04-04T09:46:11.223Z] [MQTT] Disconnected: PV_11-03-1-2-01
[2026-04-04T09:46:11.426Z] [MQTT] Connected: PV_11-03-1-2-01
[2026-04-04T09:46:11.438Z] [MQTT] DATA seq=0 node=11-03-1-2-01 V=0V I=-13.196A bat=0V clean=0
[2026-04-04T09:46:11.444Z] [DB] INSERT log id=927 node=11-03-1-2-01 proto=MQTT
[2026-04-04T09:46:11.941Z] [MQTT] TIME sync → cmd/11-03-1-2-01: TIME|17:46
[2026-04-04T09:46:13.547Z] [MQTT] Disconnected: PV_11-03-1-2-01
[2026-04-04T09:46:13.750Z] [MQTT] Connected: PV_11-03-1-2-01
[2026-04-04T09:46:13.762Z] [MQTT] DATA seq=0 node=11-03-1-2-01 V=0V I=-13.091A bat=0V clean=0
[2026-04-04T09:46:13.770Z] [DB] INSERT log id=928 node=11-03-1-2-01 proto=MQTT
[2026-04-04T09:46:14.255Z] [MQTT] TIME sync → cmd/11-03-1-2-01: TIME|17:46
[2026-04-04T09:46:15.871Z] [MQTT] Disconnected: PV_11-03-1-2-01
[2026-04-04T09:46:16.075Z] [MQTT] Connected: PV_11-03-1-2-01
[2026-04-04T09:46:16.087Z] [MQTT] DATA seq=0 node=11-03-1-2-01 V=0V I=-12.959A bat=0V clean=0
[2026-04-04T09:46:16.096Z] [DB] INSERT log id=929 node=11-03-1-2-01 proto=MQTT
[2026-04-04T09:46:16.584Z] [MQTT] TIME sync → cmd/11-03-1-2-01: TIME|17:46
[2026-04-04T09:46:18.196Z] [MQTT] Disconnected: PV_11-03-1-2-01
[2026-04-04T09:46:18.399Z] [MQTT] Connected: PV_11-03-1-2-01
[2026-04-04T09:46:18.411Z] [MQTT] DATA seq=0 node=11-03-1-2-01 V=0V I=-13.064A bat=0V clean=0
[2026-04-04T09:46:18.422Z] [DB] INSERT log id=930 node=11-03-1-2-01 proto=MQTT
[2026-04-04T09:46:18.912Z] [MQTT] TIME sync → cmd/11-03-1-2-01: TIME|17:46
[2026-04-04T09:46:20.520Z] [MQTT] Disconnected: PV_11-03-1-2-01
[2026-04-04T09:46:20.724Z] [MQTT] Connected: PV_11-03-1-2-01
[2026-04-04T09:46:20.735Z] [MQTT] DATA seq=0 node=11-03-1-2-01 V=0V I=-13.249A bat=0V clean=0
[2026-04-04T09:46:20.743Z] [DB] INSERT log id=931 node=11-03-1-2-01 proto=MQTT
[2026-04-04T09:46:21.224Z] [MQTT] TIME sync → cmd/11-03-1-2-01: TIME|17:46
[2026-04-04T09:46:22.844Z] [MQTT] Disconnected: PV_11-03-1-2-01
[2026-04-04T09:46:23.048Z] [MQTT] Connected: PV_11-03-1-2-01
[2026-04-04T09:46:23.059Z] [MQTT] DATA seq=0 node=11-03-1-2-01 V=0V I=-13.064A bat=0V clean=0
[2026-04-04T09:46:23.069Z] [DB] INSERT log id=932 node=11-03-1-2-01 proto=MQTT
[2026-04-04T09:46:23.557Z] [MQTT] TIME sync → cmd/11-03-1-2-01: TIME|17:46
[2026-04-04T09:46:35.874Z] [MQTT] Disconnected: PV_11-03-1-2-01
[2026-04-04T09:46:36.077Z] [MQTT] Connected: PV_11-03-1-2-01
[2026-04-04T09:46:36.090Z] [MQTT] DATA seq=0 node=11-03-1-2-01 V=0V I=-13.355A bat=0V clean=0
[2026-04-04T09:46:36.099Z] [DB] INSERT log id=933 node=11-03-1-2-01 proto=MQTT
[2026-04-04T09:46:36.582Z] [MQTT] TIME sync → cmd/11-03-1-2-01: TIME|17:46
[2026-04-04T09:46:38.682Z] [MQTT] Disconnected: PV_11-03-1-2-01
[2026-04-04T09:46:38.885Z] [MQTT] Connected: PV_11-03-1-2-01
[2026-04-04T09:46:38.898Z] [MQTT] DATA seq=0 node=11-03-1-2-01 V=0V I=-12.959A bat=0V clean=0
[2026-04-04T09:46:38.908Z] [DB] INSERT log id=934 node=11-03-1-2-01 proto=MQTT
[2026-04-04T09:46:39.394Z] [MQTT] TIME sync → cmd/11-03-1-2-01: TIME|17:46
[2026-04-04T09:46:41.008Z] [MQTT] Disconnected: PV_11-03-1-2-01
[2026-04-04T09:46:41.211Z] [MQTT] Connected: PV_11-03-1-2-01
[2026-04-04T09:46:41.223Z] [MQTT] DATA seq=0 node=11-03-1-2-01 V=0V I=-13.064A bat=0V clean=0
[2026-04-04T09:46:41.233Z] [DB] INSERT log id=935 node=11-03-1-2-01 proto=MQTT
[2026-04-04T09:46:41.716Z] [MQTT] TIME sync → cmd/11-03-1-2-01: TIME|17:46
[2026-04-04T09:46:43.333Z] [MQTT] Disconnected: PV_11-03-1-2-01
[2026-04-04T09:46:43.536Z] [MQTT] Connected: PV_11-03-1-2-01
[2026-04-04T09:46:43.548Z] [MQTT] DATA seq=0 node=11-03-1-2-01 V=0V I=-13.381A bat=0V clean=0
[2026-04-04T09:46:43.558Z] [DB] INSERT log id=936 node=11-03-1-2-01 proto=MQTT
[2026-04-04T09:46:44.044Z] [MQTT] TIME sync → cmd/11-03-1-2-01: TIME|17:46
[2026-04-04T09:46:45.657Z] [MQTT] Disconnected: PV_11-03-1-2-01
[2026-04-04T09:46:45.861Z] [MQTT] Connected: PV_11-03-1-2-01
[2026-04-04T09:46:45.874Z] [MQTT] DATA seq=0 node=11-03-1-2-01 V=0V I=-13.064A bat=0V clean=0
[2026-04-04T09:46:45.883Z] [DB] INSERT log id=937 node=11-03-1-2-01 proto=MQTT
[2026-04-04T09:46:46.367Z] [MQTT] TIME sync → cmd/11-03-1-2-01: TIME|17:46
[2026-04-04T09:46:47.984Z] [MQTT] Disconnected: PV_11-03-1-2-01
[2026-04-04T09:46:48.187Z] [MQTT] Connected: PV_11-03-1-2-01
[2026-04-04T09:46:48.199Z] [MQTT] DATA seq=0 node=11-03-1-2-01 V=0V I=-12.959A bat=0V clean=0
[2026-04-04T09:46:48.207Z] [DB] INSERT log id=938 node=11-03-1-2-01 proto=MQTT
[2026-04-04T09:46:48.690Z] [MQTT] TIME sync → cmd/11-03-1-2-01: TIME|17:46
[2026-04-04T09:46:50.308Z] [MQTT] Disconnected: PV_11-03-1-2-01
[2026-04-04T09:46:50.512Z] [MQTT] Connected: PV_11-03-1-2-01
[2026-04-04T09:46:50.524Z] [MQTT] DATA seq=0 node=11-03-1-2-01 V=0V I=-13.302A bat=0V clean=0
[2026-04-04T09:46:50.533Z] [DB] INSERT log id=939 node=11-03-1-2-01 proto=MQTT
[2026-04-04T09:46:51.014Z] [MQTT] TIME sync → cmd/11-03-1-2-01: TIME|17:46
[2026-04-04T09:46:52.634Z] [MQTT] Disconnected: PV_11-03-1-2-01
[2026-04-04T09:46:52.837Z] [MQTT] Connected: PV_11-03-1-2-01
[2026-04-04T09:46:52.850Z] [MQTT] DATA seq=0 node=11-03-1-2-01 V=0V I=-13.064A bat=0V clean=0
[2026-04-04T09:46:52.857Z] [DB] INSERT log id=940 node=11-03-1-2-01 proto=MQTT
[2026-04-04T09:46:53.353Z] [MQTT] TIME sync → cmd/11-03-1-2-01: TIME|17:46
[2026-04-04T09:46:54.959Z] [MQTT] Disconnected: PV_11-03-1-2-01
[2026-04-04T09:46:55.162Z] [MQTT] Connected: PV_11-03-1-2-01
[2026-04-04T09:46:55.175Z] [MQTT] DATA seq=0 node=11-03-1-2-01 V=0V I=-12.932A bat=0V clean=0
[2026-04-04T09:46:55.184Z] [DB] INSERT log id=941 node=11-03-1-2-01 proto=MQTT
[2026-04-04T09:46:55.668Z] [MQTT] TIME sync → cmd/11-03-1-2-01: TIME|17:46
[2026-04-04T09:46:57.285Z] [MQTT] Disconnected: PV_11-03-1-2-01
[2026-04-04T09:46:57.488Z] [MQTT] Connected: PV_11-03-1-2-01
[2026-04-04T09:46:57.500Z] [MQTT] DATA seq=0 node=11-03-1-2-01 V=0V I=-13.091A bat=0V clean=0
[2026-04-04T09:46:57.509Z] [DB] INSERT log id=942 node=11-03-1-2-01 proto=MQTT
[2026-04-04T09:46:57.996Z] [MQTT] TIME sync → cmd/11-03-1-2-01: TIME|17:46
[2026-04-04T09:46:59.610Z] [MQTT] Disconnected: PV_11-03-1-2-01
[2026-04-04T09:46:59.813Z] [MQTT] Connected: PV_11-03-1-2-01
[2026-04-04T09:46:59.826Z] [MQTT] DATA seq=0 node=11-03-1-2-01 V=0V I=-13.091A bat=0V clean=0
[2026-04-04T09:46:59.836Z] [DB] INSERT log id=943 node=11-03-1-2-01 proto=MQTT
[2026-04-04T09:47:00.327Z] [MQTT] TIME sync → cmd/11-03-1-2-01: TIME|17:46
[2026-04-04T09:47:01.935Z] [MQTT] Disconnected: PV_11-03-1-2-01
[2026-04-04T09:47:02.138Z] [MQTT] Connected: PV_11-03-1-2-01
[2026-04-04T09:47:02.151Z] [MQTT] DATA seq=0 node=11-03-1-2-01 V=0V I=-12.853A bat=0V clean=0
[2026-04-04T09:47:02.158Z] [DB] INSERT log id=944 node=11-03-1-2-01 proto=MQTT
[2026-04-04T09:47:02.646Z] [MQTT] TIME sync → cmd/11-03-1-2-01: TIME|17:47
[2026-04-04T09:47:04.260Z] [MQTT] Disconnected: PV_11-03-1-2-01
[2026-04-04T09:47:04.463Z] [MQTT] Connected: PV_11-03-1-2-01
[2026-04-04T09:47:04.476Z] [MQTT] DATA seq=0 node=11-03-1-2-01 V=0V I=-13.091A bat=0V clean=0
[2026-04-04T09:47:04.484Z] [DB] INSERT log id=945 node=11-03-1-2-01 proto=MQTT
[2026-04-04T09:47:04.968Z] [MQTT] TIME sync → cmd/11-03-1-2-01: TIME|17:47
[2026-04-04T09:47:06.591Z] [MQTT] Disconnected: PV_11-03-1-2-01
[2026-04-04T09:47:06.795Z] [MQTT] Connected: PV_11-03-1-2-01
[2026-04-04T09:47:06.807Z] [MQTT] DATA seq=0 node=11-03-1-2-01 V=0V I=-13.276A bat=0V clean=0
[2026-04-04T09:47:06.814Z] [DB] INSERT log id=946 node=11-03-1-2-01 proto=MQTT
[2026-04-04T09:47:07.302Z] [MQTT] TIME sync → cmd/11-03-1-2-01: TIME|17:47
[2026-04-04T09:47:08.916Z] [MQTT] Disconnected: PV_11-03-1-2-01
[2026-04-04T09:47:09.120Z] [MQTT] Connected: PV_11-03-1-2-01
[2026-04-04T09:47:09.133Z] [MQTT] DATA seq=0 node=11-03-1-2-01 V=0V I=-13.091A bat=0V clean=0
[2026-04-04T09:47:09.141Z] [DB] INSERT log id=947 node=11-03-1-2-01 proto=MQTT
[2026-04-04T09:47:09.628Z] [MQTT] TIME sync → cmd/11-03-1-2-01: TIME|17:47
[2026-04-04T09:47:11.242Z] [MQTT] Disconnected: PV_11-03-1-2-01
[2026-04-04T09:47:11.445Z] [MQTT] Connected: PV_11-03-1-2-01
[2026-04-04T09:47:11.458Z] [MQTT] DATA seq=0 node=11-03-1-2-01 V=0V I=-13.064A bat=0V clean=0
[2026-04-04T09:47:11.467Z] [DB] INSERT log id=948 node=11-03-1-2-01 proto=MQTT
[2026-04-04T09:47:11.957Z] [MQTT] TIME sync → cmd/11-03-1-2-01: TIME|17:47
[2026-04-04T09:47:13.567Z] [MQTT] Disconnected: PV_11-03-1-2-01
[2026-04-04T09:47:13.770Z] [MQTT] Connected: PV_11-03-1-2-01
[2026-04-04T09:47:13.783Z] [MQTT] DATA seq=0 node=11-03-1-2-01 V=0V I=-13.329A bat=0V clean=0
[2026-04-04T09:47:13.789Z] [DB] INSERT log id=949 node=11-03-1-2-01 proto=MQTT
[2026-04-04T09:47:14.276Z] [MQTT] TIME sync → cmd/11-03-1-2-01: TIME|17:47
[2026-04-04T09:47:15.893Z] [MQTT] Disconnected: PV_11-03-1-2-01
[2026-04-04T09:47:16.096Z] [MQTT] Connected: PV_11-03-1-2-01
[2026-04-04T09:47:16.108Z] [MQTT] DATA seq=0 node=11-03-1-2-01 V=0V I=-13.064A bat=0V clean=0
[2026-04-04T09:47:16.116Z] [DB] INSERT log id=950 node=11-03-1-2-01 proto=MQTT
[2026-04-04T09:47:16.607Z] [MQTT] TIME sync → cmd/11-03-1-2-01: TIME|17:47
[2026-04-04T09:47:18.218Z] [MQTT] Disconnected: PV_11-03-1-2-01
[2026-04-04T09:47:18.422Z] [MQTT] Connected: PV_11-03-1-2-01
[2026-04-04T09:47:18.435Z] [MQTT] DATA seq=0 node=11-03-1-2-01 V=0V I=-13.038A bat=0V clean=0
[2026-04-04T09:47:18.443Z] [DB] INSERT log id=951 node=11-03-1-2-01 proto=MQTT
[2026-04-04T09:47:18.925Z] [MQTT] TIME sync → cmd/11-03-1-2-01: TIME|17:47
[2026-04-04T09:47:20.545Z] [MQTT] Disconnected: PV_11-03-1-2-01
[2026-04-04T09:47:20.749Z] [MQTT] Connected: PV_11-03-1-2-01
[2026-04-04T09:47:20.761Z] [MQTT] DATA seq=0 node=11-03-1-2-01 V=0V I=-13.408A bat=0V clean=0
[2026-04-04T09:47:20.770Z] [DB] INSERT log id=952 node=11-03-1-2-01 proto=MQTT
[2026-04-04T09:47:21.256Z] [MQTT] TIME sync → cmd/11-03-1-2-01: TIME|17:47
[2026-04-04T09:47:22.870Z] [MQTT] Disconnected: PV_11-03-1-2-01
[2026-04-04T09:47:23.074Z] [MQTT] Connected: PV_11-03-1-2-01
[2026-04-04T09:47:23.086Z] [MQTT] DATA seq=0 node=11-03-1-2-01 V=0V I=-13.064A bat=0V clean=0
[2026-04-04T09:47:23.094Z] [DB] INSERT log id=953 node=11-03-1-2-01 proto=MQTT
[2026-04-04T09:47:23.580Z] [MQTT] TIME sync → cmd/11-03-1-2-01: TIME|17:47
[2026-04-04T09:47:25.196Z] [MQTT] Disconnected: PV_11-03-1-2-01
[2026-04-04T09:47:25.399Z] [MQTT] Connected: PV_11-03-1-2-01
[2026-04-04T09:47:25.412Z] [MQTT] DATA seq=0 node=11-03-1-2-01 V=0V I=-12.906A bat=0V clean=0
[2026-04-04T09:47:25.420Z] [DB] INSERT log id=954 node=11-03-1-2-01 proto=MQTT
[2026-04-04T09:47:25.909Z] [MQTT] TIME sync → cmd/11-03-1-2-01: TIME|17:47
[2026-04-04T09:47:27.522Z] [MQTT] Disconnected: PV_11-03-1-2-01
[2026-04-04T09:47:27.724Z] [MQTT] Connected: PV_11-03-1-2-01
[2026-04-04T09:47:27.737Z] [MQTT] DATA seq=0 node=11-03-1-2-01 V=0V I=-13.117A bat=0V clean=0
[2026-04-04T09:47:27.745Z] [DB] INSERT log id=955 node=11-03-1-2-01 proto=MQTT
[2026-04-04T09:47:28.235Z] [MQTT] TIME sync → cmd/11-03-1-2-01: TIME|17:47
[2026-04-04T09:47:29.846Z] [MQTT] Disconnected: PV_11-03-1-2-01
[2026-04-04T09:47:30.050Z] [MQTT] Connected: PV_11-03-1-2-01
[2026-04-04T09:47:30.062Z] [MQTT] DATA seq=0 node=11-03-1-2-01 V=0V I=-13.144A bat=0V clean=0
[2026-04-04T09:47:30.072Z] [DB] INSERT log id=956 node=11-03-1-2-01 proto=MQTT
[2026-04-04T09:47:30.555Z] [MQTT] TIME sync → cmd/11-03-1-2-01: TIME|17:47
[2026-04-04T09:47:32.172Z] [MQTT] Disconnected: PV_11-03-1-2-01
[2026-04-04T09:47:32.375Z] [MQTT] Connected: PV_11-03-1-2-01
[2026-04-04T09:47:32.388Z] [MQTT] DATA seq=0 node=11-03-1-2-01 V=0V I=-12.827A bat=0V clean=0
[2026-04-04T09:47:32.397Z] [DB] INSERT log id=957 node=11-03-1-2-01 proto=MQTT
[2026-04-04T09:47:32.887Z] [MQTT] TIME sync → cmd/11-03-1-2-01: TIME|17:47
[2026-04-04T09:47:34.497Z] [MQTT] Disconnected: PV_11-03-1-2-01
[2026-04-04T09:47:34.700Z] [MQTT] Connected: PV_11-03-1-2-01
[2026-04-04T09:47:34.713Z] [MQTT] DATA seq=0 node=11-03-1-2-01 V=0V I=-13.064A bat=0V clean=0
[2026-04-04T09:47:34.721Z] [DB] INSERT log id=958 node=11-03-1-2-01 proto=MQTT
[2026-04-04T09:47:35.208Z] [MQTT] TIME sync → cmd/11-03-1-2-01: TIME|17:47
[2026-04-04T09:47:36.823Z] [MQTT] Disconnected: PV_11-03-1-2-01
[2026-04-04T09:47:37.026Z] [MQTT] Connected: PV_11-03-1-2-01
[2026-04-04T09:47:37.038Z] [MQTT] DATA seq=0 node=11-03-1-2-01 V=0V I=-13.196A bat=0V clean=0
[2026-04-04T09:47:37.047Z] [DB] INSERT log id=959 node=11-03-1-2-01 proto=MQTT
[2026-04-04T09:47:37.533Z] [MQTT] TIME sync → cmd/11-03-1-2-01: TIME|17:47
[2026-04-04T09:47:39.148Z] [MQTT] Disconnected: PV_11-03-1-2-01
[2026-04-04T09:47:39.352Z] [MQTT] Connected: PV_11-03-1-2-01
[2026-04-04T09:47:39.366Z] [MQTT] DATA seq=0 node=11-03-1-2-01 V=0V I=-12.932A bat=0V clean=0
[2026-04-04T09:47:39.375Z] [DB] INSERT log id=960 node=11-03-1-2-01 proto=MQTT
[2026-04-04T09:47:39.855Z] [MQTT] TIME sync → cmd/11-03-1-2-01: TIME|17:47
[2026-04-04T09:47:41.475Z] [MQTT] Disconnected: PV_11-03-1-2-01
[2026-04-04T09:47:41.678Z] [MQTT] Connected: PV_11-03-1-2-01
[2026-04-04T09:47:41.691Z] [MQTT] DATA seq=0 node=11-03-1-2-01 V=0V I=-13.091A bat=0V clean=0
[2026-04-04T09:47:41.698Z] [DB] INSERT log id=961 node=11-03-1-2-01 proto=MQTT
[2026-04-04T09:47:42.184Z] [MQTT] TIME sync → cmd/11-03-1-2-01: TIME|17:47
[2026-04-04T09:47:43.800Z] [MQTT] Disconnected: PV_11-03-1-2-01
[2026-04-04T09:47:44.003Z] [MQTT] Connected: PV_11-03-1-2-01
[2026-04-04T09:47:44.016Z] [MQTT] DATA seq=0 node=11-03-1-2-01 V=0V I=-13.117A bat=0V clean=0
[2026-04-04T09:47:44.024Z] [DB] INSERT log id=962 node=11-03-1-2-01 proto=MQTT
[2026-04-04T09:47:44.507Z] [MQTT] TIME sync → cmd/11-03-1-2-01: TIME|17:47
[2026-04-04T09:47:46.126Z] [MQTT] Disconnected: PV_11-03-1-2-01
[2026-04-04T09:47:46.330Z] [MQTT] Connected: PV_11-03-1-2-01
[2026-04-04T09:47:46.342Z] [MQTT] DATA seq=0 node=11-03-1-2-01 V=0V I=-12.985A bat=0V clean=0
[2026-04-04T09:47:46.353Z] [DB] INSERT log id=963 node=11-03-1-2-01 proto=MQTT
[2026-04-04T09:47:46.832Z] [MQTT] TIME sync → cmd/11-03-1-2-01: TIME|17:47
[2026-04-04T09:47:48.452Z] [MQTT] Disconnected: PV_11-03-1-2-01
[2026-04-04T09:47:48.655Z] [MQTT] Connected: PV_11-03-1-2-01
[2026-04-04T09:47:48.668Z] [MQTT] DATA seq=0 node=11-03-1-2-01 V=0V I=-13.064A bat=0V clean=0
[2026-04-04T09:47:48.676Z] [DB] INSERT log id=964 node=11-03-1-2-01 proto=MQTT
[2026-04-04T09:47:49.171Z] [MQTT] TIME sync → cmd/11-03-1-2-01: TIME|17:47
[2026-04-04T09:47:50.777Z] [MQTT] Disconnected: PV_11-03-1-2-01
[2026-04-04T09:47:50.981Z] [MQTT] Connected: PV_11-03-1-2-01
[2026-04-04T09:47:50.993Z] [MQTT] DATA seq=0 node=11-03-1-2-01 V=0V I=-13.117A bat=0V clean=0
[2026-04-04T09:47:51.001Z] [DB] INSERT log id=965 node=11-03-1-2-01 proto=MQTT
[2026-04-04T09:47:51.484Z] [MQTT] TIME sync → cmd/11-03-1-2-01: TIME|17:47
[2026-04-04T09:47:53.102Z] [MQTT] Disconnected: PV_11-03-1-2-01
[2026-04-04T09:47:53.306Z] [MQTT] Connected: PV_11-03-1-2-01
[2026-04-04T09:47:53.319Z] [MQTT] DATA seq=0 node=11-03-1-2-01 V=0V I=-12.932A bat=0V clean=0
[2026-04-04T09:47:53.328Z] [DB] INSERT log id=966 node=11-03-1-2-01 proto=MQTT
[2026-04-04T09:47:53.812Z] [MQTT] TIME sync → cmd/11-03-1-2-01: TIME|17:47
[2026-04-04T09:47:55.429Z] [MQTT] Disconnected: PV_11-03-1-2-01
[2026-04-04T09:47:55.632Z] [MQTT] Connected: PV_11-03-1-2-01
[2026-04-04T09:47:55.644Z] [MQTT] DATA seq=0 node=11-03-1-2-01 V=0V I=-13.091A bat=0V clean=0
[2026-04-04T09:47:55.652Z] [DB] INSERT log id=967 node=11-03-1-2-01 proto=MQTT
[2026-04-04T09:47:56.144Z] [MQTT] TIME sync → cmd/11-03-1-2-01: TIME|17:47
[2026-04-04T09:47:57.754Z] [MQTT] Disconnected: PV_11-03-1-2-01
[2026-04-04T09:47:57.956Z] [MQTT] Connected: PV_11-03-1-2-01
[2026-04-04T09:47:57.969Z] [MQTT] DATA seq=0 node=11-03-1-2-01 V=0V I=-13.223A bat=0V clean=0
[2026-04-04T09:47:57.976Z] [DB] INSERT log id=968 node=11-03-1-2-01 proto=MQTT
[2026-04-04T09:47:58.462Z] [MQTT] TIME sync → cmd/11-03-1-2-01: TIME|17:47
[2026-04-04T09:48:00.079Z] [MQTT] Disconnected: PV_11-03-1-2-01
[2026-04-04T09:48:00.283Z] [MQTT] Connected: PV_11-03-1-2-01
[2026-04-04T09:48:00.295Z] [MQTT] DATA seq=0 node=11-03-1-2-01 V=0V I=-12.879A bat=0V clean=0
[2026-04-04T09:48:00.304Z] [DB] INSERT log id=969 node=11-03-1-2-01 proto=MQTT
[2026-04-04T09:48:00.784Z] [MQTT] TIME sync → cmd/11-03-1-2-01: TIME|17:48
[2026-04-04T09:48:02.405Z] [MQTT] Disconnected: PV_11-03-1-2-01
[2026-04-04T09:48:02.608Z] [MQTT] Connected: PV_11-03-1-2-01
[2026-04-04T09:48:02.620Z] [MQTT] DATA seq=0 node=11-03-1-2-01 V=0V I=-13.091A bat=0V clean=0
[2026-04-04T09:48:02.628Z] [DB] INSERT log id=970 node=11-03-1-2-01 proto=MQTT
[2026-04-04T09:48:03.111Z] [MQTT] TIME sync → cmd/11-03-1-2-01: TIME|17:48
[2026-04-04T09:48:04.730Z] [MQTT] Disconnected: PV_11-03-1-2-01
[2026-04-04T09:48:04.933Z] [MQTT] Connected: PV_11-03-1-2-01
[2026-04-04T09:48:04.946Z] [MQTT] DATA seq=0 node=11-03-1-2-01 V=0V I=-13.329A bat=0V clean=0
[2026-04-04T09:48:04.954Z] [DB] INSERT log id=971 node=11-03-1-2-01 proto=MQTT
[2026-04-04T09:48:05.453Z] [MQTT] TIME sync → cmd/11-03-1-2-01: TIME|17:48
[2026-04-04T09:48:07.061Z] [MQTT] Disconnected: PV_11-03-1-2-01
[2026-04-04T09:48:07.264Z] [MQTT] Connected: PV_11-03-1-2-01
[2026-04-04T09:48:07.277Z] [MQTT] DATA seq=0 node=11-03-1-2-01 V=0V I=-13.144A bat=0V clean=0
[2026-04-04T09:48:07.284Z] [DB] INSERT log id=972 node=11-03-1-2-01 proto=MQTT
[2026-04-04T09:48:07.776Z] [MQTT] TIME sync → cmd/11-03-1-2-01: TIME|17:48
[2026-04-04T09:48:09.386Z] [MQTT] Disconnected: PV_11-03-1-2-01
[2026-04-04T09:48:09.590Z] [MQTT] Connected: PV_11-03-1-2-01
[2026-04-04T09:48:09.602Z] [MQTT] DATA seq=0 node=11-03-1-2-01 V=0V I=-13.064A bat=0V clean=0
[2026-04-04T09:48:09.610Z] [DB] INSERT log id=973 node=11-03-1-2-01 proto=MQTT
[2026-04-04T09:48:10.107Z] [MQTT] TIME sync → cmd/11-03-1-2-01: TIME|17:48
[2026-04-04T09:48:11.712Z] [MQTT] Disconnected: PV_11-03-1-2-01
[2026-04-04T09:48:11.915Z] [MQTT] Connected: PV_11-03-1-2-01
[2026-04-04T09:48:11.927Z] [MQTT] DATA seq=0 node=11-03-1-2-01 V=0V I=-13.355A bat=0V clean=0
[2026-04-04T09:48:11.937Z] [DB] INSERT log id=974 node=11-03-1-2-01 proto=MQTT
[2026-04-04T09:48:12.426Z] [MQTT] TIME sync → cmd/11-03-1-2-01: TIME|17:48
[2026-04-04T09:48:14.037Z] [MQTT] Disconnected: PV_11-03-1-2-01
[2026-04-04T09:48:14.240Z] [MQTT] Connected: PV_11-03-1-2-01
[2026-04-04T09:48:14.252Z] [MQTT] DATA seq=0 node=11-03-1-2-01 V=0V I=-13.064A bat=0V clean=0
[2026-04-04T09:48:14.260Z] [DB] INSERT log id=975 node=11-03-1-2-01 proto=MQTT
[2026-04-04T09:48:14.746Z] [MQTT] TIME sync → cmd/11-03-1-2-01: TIME|17:48
[2026-04-04T09:48:16.361Z] [MQTT] Disconnected: PV_11-03-1-2-01
[2026-04-04T09:48:16.564Z] [MQTT] Connected: PV_11-03-1-2-01
[2026-04-04T09:48:16.576Z] [MQTT] DATA seq=0 node=11-03-1-2-01 V=0V I=-12.879A bat=0V clean=0
[2026-04-04T09:48:16.585Z] [DB] INSERT log id=976 node=11-03-1-2-01 proto=MQTT
[2026-04-04T09:48:17.072Z] [MQTT] TIME sync → cmd/11-03-1-2-01: TIME|17:48
[2026-04-04T09:48:26.134Z] [MQTT] Disconnected: PV_11-03-1-2-01
[2026-04-04T09:48:26.337Z] [MQTT] Connected: PV_11-03-1-2-01
[2026-04-04T09:48:26.350Z] [MQTT] DATA seq=0 node=11-03-1-2-01 V=0V I=-12.774A bat=0V clean=0
[2026-04-04T09:48:26.359Z] [DB] INSERT log id=977 node=11-03-1-2-01 proto=MQTT
[2026-04-04T09:48:26.837Z] [MQTT] TIME sync → cmd/11-03-1-2-01: TIME|17:48
[2026-04-04T09:48:33.283Z] [MQTT] Disconnected: PV_11-03-1-2-01
[2026-04-04T09:48:33.486Z] [MQTT] Connected: PV_11-03-1-2-01
[2026-04-04T09:48:33.499Z] [MQTT] DATA seq=0 node=11-03-1-2-01 V=0V I=-13.17A bat=0V clean=0
[2026-04-04T09:48:33.507Z] [DB] INSERT log id=978 node=11-03-1-2-01 proto=MQTT
[2026-04-04T09:48:33.992Z] [MQTT] TIME sync → cmd/11-03-1-2-01: TIME|17:48
[2026-04-04T09:48:44.089Z] [MQTT] Disconnected: PV_11-03-1-2-01
[2026-04-04T09:48:44.292Z] [MQTT] Connected: PV_11-03-1-2-01
[2026-04-04T09:48:44.305Z] [MQTT] DATA seq=0 node=11-03-1-2-01 V=0V I=-13.117A bat=0V clean=0
[2026-04-04T09:48:44.313Z] [DB] INSERT log id=979 node=11-03-1-2-01 proto=MQTT
[2026-04-04T09:48:44.801Z] [MQTT] TIME sync → cmd/11-03-1-2-01: TIME|17:48
[2026-04-04T09:48:54.897Z] [MQTT] Disconnected: PV_11-03-1-2-01
[2026-04-04T09:48:55.100Z] [MQTT] Connected: PV_11-03-1-2-01
[2026-04-04T09:48:55.113Z] [MQTT] DATA seq=0 node=11-03-1-2-01 V=0V I=-13.012A bat=0V clean=0
[2026-04-04T09:48:55.125Z] [DB] INSERT log id=980 node=11-03-1-2-01 proto=MQTT
[2026-04-04T09:48:55.775Z] [MQTT] TIME sync → cmd/11-03-1-2-01: TIME|17:48
[2026-04-04T09:49:05.879Z] [MQTT] Disconnected: PV_11-03-1-2-01
[2026-04-04T09:49:06.083Z] [MQTT] Connected: PV_11-03-1-2-01
[2026-04-04T09:49:06.096Z] [MQTT] DATA seq=0 node=11-03-1-2-01 V=0V I=-12.8A bat=0V clean=0
[2026-04-04T09:49:06.104Z] [DB] INSERT log id=981 node=11-03-1-2-01 proto=MQTT
[2026-04-04T09:49:06.594Z] [MQTT] TIME sync → cmd/11-03-1-2-01: TIME|17:49
[2026-04-04T09:49:08.205Z] [MQTT] Disconnected: PV_11-03-1-2-01
[2026-04-04T09:49:08.408Z] [MQTT] Connected: PV_11-03-1-2-01
[2026-04-04T09:49:08.421Z] [MQTT] DATA seq=0 node=11-03-1-2-01 V=0V I=-13.091A bat=0V clean=0
[2026-04-04T09:49:08.429Z] [DB] INSERT log id=982 node=11-03-1-2-01 proto=MQTT
[2026-04-04T09:49:08.924Z] [MQTT] TIME sync → cmd/11-03-1-2-01: TIME|17:49
[2026-04-04T09:49:10.530Z] [MQTT] Disconnected: PV_11-03-1-2-01
[2026-04-04T09:49:10.733Z] [MQTT] Connected: PV_11-03-1-2-01
[2026-04-04T09:49:10.746Z] [MQTT] DATA seq=0 node=11-03-1-2-01 V=0V I=-13.249A bat=0V clean=0
[2026-04-04T09:49:10.753Z] [DB] INSERT log id=983 node=11-03-1-2-01 proto=MQTT
[2026-04-04T09:49:11.240Z] [MQTT] TIME sync → cmd/11-03-1-2-01: TIME|17:49
[2026-04-04T09:49:12.855Z] [MQTT] Disconnected: PV_11-03-1-2-01
[2026-04-04T09:49:13.059Z] [MQTT] Connected: PV_11-03-1-2-01
[2026-04-04T09:49:13.072Z] [MQTT] DATA seq=0 node=11-03-1-2-01 V=0V I=-12.774A bat=0V clean=0
[2026-04-04T09:49:13.081Z] [DB] INSERT log id=984 node=11-03-1-2-01 proto=MQTT
[2026-04-04T09:49:13.562Z] [MQTT] TIME sync → cmd/11-03-1-2-01: TIME|17:49
[2026-04-04T09:49:15.181Z] [MQTT] Disconnected: PV_11-03-1-2-01
[2026-04-04T09:49:15.386Z] [MQTT] Connected: PV_11-03-1-2-01
[2026-04-04T09:49:15.399Z] [MQTT] DATA seq=0 node=11-03-1-2-01 V=0V I=-13.064A bat=0V clean=0
[2026-04-04T09:49:15.407Z] [DB] INSERT log id=985 node=11-03-1-2-01 proto=MQTT
[2026-04-04T09:49:15.900Z] [MQTT] TIME sync → cmd/11-03-1-2-01: TIME|17:49
[2026-04-04T09:49:17.508Z] [MQTT] Disconnected: PV_11-03-1-2-01
[2026-04-04T09:49:17.711Z] [MQTT] Connected: PV_11-03-1-2-01
[2026-04-04T09:49:17.724Z] [MQTT] DATA seq=0 node=11-03-1-2-01 V=0V I=-13.17A bat=0V clean=0
[2026-04-04T09:49:17.732Z] [DB] INSERT log id=986 node=11-03-1-2-01 proto=MQTT
[2026-04-04T09:49:18.219Z] [MQTT] TIME sync → cmd/11-03-1-2-01: TIME|17:49
[2026-04-04T09:49:19.833Z] [MQTT] Disconnected: PV_11-03-1-2-01
[2026-04-04T09:49:20.037Z] [MQTT] Connected: PV_11-03-1-2-01
[2026-04-04T09:49:20.050Z] [MQTT] DATA seq=0 node=11-03-1-2-01 V=0V I=-12.8A bat=0V clean=0
[2026-04-04T09:49:20.058Z] [DB] INSERT log id=987 node=11-03-1-2-01 proto=MQTT
[2026-04-04T09:49:20.550Z] [MQTT] TIME sync → cmd/11-03-1-2-01: TIME|17:49
[2026-04-04T09:49:22.159Z] [MQTT] Disconnected: PV_11-03-1-2-01
[2026-04-04T09:49:22.362Z] [MQTT] Connected: PV_11-03-1-2-01
[2026-04-04T09:49:22.375Z] [MQTT] DATA seq=0 node=11-03-1-2-01 V=0V I=-13.064A bat=0V clean=0
[2026-04-04T09:49:22.384Z] [DB] INSERT log id=988 node=11-03-1-2-01 proto=MQTT
[2026-04-04T09:49:22.864Z] [MQTT] TIME sync → cmd/11-03-1-2-01: TIME|17:49
[2026-04-04T09:49:24.484Z] [MQTT] Disconnected: PV_11-03-1-2-01
[2026-04-04T09:49:24.688Z] [MQTT] Connected: PV_11-03-1-2-01
[2026-04-04T09:49:24.701Z] [MQTT] DATA seq=0 node=11-03-1-2-01 V=0V I=-13.196A bat=0V clean=0
[2026-04-04T09:49:24.710Z] [DB] INSERT log id=989 node=11-03-1-2-01 proto=MQTT
[2026-04-04T09:49:25.196Z] [MQTT] TIME sync → cmd/11-03-1-2-01: TIME|17:49
[2026-04-04T09:49:26.811Z] [MQTT] Disconnected: PV_11-03-1-2-01
[2026-04-04T09:49:27.014Z] [MQTT] Connected: PV_11-03-1-2-01
[2026-04-04T09:49:27.026Z] [MQTT] DATA seq=0 node=11-03-1-2-01 V=0V I=-12.906A bat=0V clean=0
[2026-04-04T09:49:27.035Z] [DB] INSERT log id=990 node=11-03-1-2-01 proto=MQTT
[2026-04-04T09:49:27.522Z] [MQTT] TIME sync → cmd/11-03-1-2-01: TIME|17:49
[2026-04-04T09:49:29.135Z] [MQTT] Disconnected: PV_11-03-1-2-01
[2026-04-04T09:49:29.338Z] [MQTT] Connected: PV_11-03-1-2-01
[2026-04-04T09:49:29.350Z] [MQTT] DATA seq=0 node=11-03-1-2-01 V=0V I=-12.985A bat=0V clean=0
[2026-04-04T09:49:29.357Z] [DB] INSERT log id=991 node=11-03-1-2-01 proto=MQTT
[2026-04-04T09:49:29.844Z] [MQTT] TIME sync → cmd/11-03-1-2-01: TIME|17:49
[2026-04-04T09:49:31.459Z] [MQTT] Disconnected: PV_11-03-1-2-01
[2026-04-04T09:49:31.663Z] [MQTT] Connected: PV_11-03-1-2-01
[2026-04-04T09:49:31.676Z] [MQTT] DATA seq=0 node=11-03-1-2-01 V=0V I=-13.302A bat=0V clean=0
[2026-04-04T09:49:31.684Z] [DB] INSERT log id=992 node=11-03-1-2-01 proto=MQTT
[2026-04-04T09:49:32.177Z] [MQTT] TIME sync → cmd/11-03-1-2-01: TIME|17:49
[2026-04-04T09:49:33.785Z] [MQTT] Disconnected: PV_11-03-1-2-01
[2026-04-04T09:49:33.988Z] [MQTT] Connected: PV_11-03-1-2-01
[2026-04-04T09:49:34.001Z] [MQTT] DATA seq=0 node=11-03-1-2-01 V=0V I=-13.117A bat=0V clean=0
[2026-04-04T09:49:34.010Z] [DB] INSERT log id=993 node=11-03-1-2-01 proto=MQTT
[2026-04-04T09:49:34.503Z] [MQTT] TIME sync → cmd/11-03-1-2-01: TIME|17:49
[2026-04-04T09:49:36.110Z] [MQTT] Disconnected: PV_11-03-1-2-01
[2026-04-04T09:49:36.313Z] [MQTT] Connected: PV_11-03-1-2-01
[2026-04-04T09:49:36.326Z] [MQTT] DATA seq=0 node=11-03-1-2-01 V=0V I=-12.8A bat=0V clean=0
[2026-04-04T09:49:36.335Z] [DB] INSERT log id=994 node=11-03-1-2-01 proto=MQTT
[2026-04-04T09:49:36.815Z] [MQTT] TIME sync → cmd/11-03-1-2-01: TIME|17:49
[2026-04-04T09:49:38.435Z] [MQTT] Disconnected: PV_11-03-1-2-01
[2026-04-04T09:49:38.638Z] [MQTT] Connected: PV_11-03-1-2-01
[2026-04-04T09:49:38.651Z] [MQTT] DATA seq=0 node=11-03-1-2-01 V=0V I=-13.012A bat=0V clean=0
[2026-04-04T09:49:38.660Z] [DB] INSERT log id=995 node=11-03-1-2-01 proto=MQTT
[2026-04-04T09:49:39.140Z] [MQTT] TIME sync → cmd/11-03-1-2-01: TIME|17:49
[2026-04-04T09:49:40.760Z] [MQTT] Disconnected: PV_11-03-1-2-01
[2026-04-04T09:49:40.965Z] [MQTT] Connected: PV_11-03-1-2-01
[2026-04-04T09:49:40.978Z] [MQTT] DATA seq=0 node=11-03-1-2-01 V=0V I=-13.434A bat=0V clean=0
[2026-04-04T09:49:40.986Z] [DB] INSERT log id=996 node=11-03-1-2-01 proto=MQTT
[2026-04-04T09:49:41.469Z] [MQTT] TIME sync → cmd/11-03-1-2-01: TIME|17:49
[2026-04-04T09:49:43.087Z] [MQTT] Disconnected: PV_11-03-1-2-01
[2026-04-04T09:49:43.290Z] [MQTT] Connected: PV_11-03-1-2-01
[2026-04-04T09:49:43.303Z] [MQTT] DATA seq=0 node=11-03-1-2-01 V=0V I=-13.064A bat=0V clean=0
[2026-04-04T09:49:43.311Z] [DB] INSERT log id=997 node=11-03-1-2-01 proto=MQTT
[2026-04-04T09:49:43.806Z] [MQTT] TIME sync → cmd/11-03-1-2-01: TIME|17:49
[2026-04-04T09:49:45.412Z] [MQTT] Disconnected: PV_11-03-1-2-01
[2026-04-04T09:49:45.615Z] [MQTT] Connected: PV_11-03-1-2-01
[2026-04-04T09:49:45.628Z] [MQTT] DATA seq=0 node=11-03-1-2-01 V=0V I=-12.8A bat=0V clean=0
[2026-04-04T09:49:45.636Z] [DB] INSERT log id=998 node=11-03-1-2-01 proto=MQTT
[2026-04-04T09:49:46.128Z] [MQTT] TIME sync → cmd/11-03-1-2-01: TIME|17:49
[2026-04-04T09:49:47.737Z] [MQTT] Disconnected: PV_11-03-1-2-01
[2026-04-04T09:49:47.940Z] [MQTT] Connected: PV_11-03-1-2-01
[2026-04-04T09:49:47.953Z] [MQTT] DATA seq=0 node=11-03-1-2-01 V=0V I=-13.038A bat=0V clean=0
[2026-04-04T09:49:47.962Z] [DB] INSERT log id=999 node=11-03-1-2-01 proto=MQTT
[2026-04-04T09:49:48.441Z] [MQTT] TIME sync → cmd/11-03-1-2-01: TIME|17:49
[2026-04-04T09:49:50.062Z] [MQTT] Disconnected: PV_11-03-1-2-01
[2026-04-04T09:49:50.265Z] [MQTT] Connected: PV_11-03-1-2-01
[2026-04-04T09:49:50.278Z] [MQTT] DATA seq=0 node=11-03-1-2-01 V=0V I=-13.434A bat=0V clean=0
[2026-04-04T09:49:50.287Z] [DB] INSERT log id=1000 node=11-03-1-2-01 proto=MQTT
[2026-04-04T09:49:50.780Z] [MQTT] TIME sync → cmd/11-03-1-2-01: TIME|17:49
[2026-04-04T09:49:52.387Z] [MQTT] Disconnected: PV_11-03-1-2-01
[2026-04-04T09:49:52.591Z] [MQTT] Connected: PV_11-03-1-2-01
[2026-04-04T09:49:52.603Z] [MQTT] DATA seq=0 node=11-03-1-2-01 V=0V I=-13.091A bat=0V clean=0
[2026-04-04T09:49:52.614Z] [DB] INSERT log id=1001 node=11-03-1-2-01 proto=MQTT
[2026-04-04T09:49:53.099Z] [MQTT] TIME sync → cmd/11-03-1-2-01: TIME|17:49
[2026-04-04T09:49:54.713Z] [MQTT] Disconnected: PV_11-03-1-2-01
[2026-04-04T09:49:54.916Z] [MQTT] Connected: PV_11-03-1-2-01
[2026-04-04T09:49:54.929Z] [MQTT] DATA seq=0 node=11-03-1-2-01 V=0V I=-12.932A bat=0V clean=0
[2026-04-04T09:49:54.936Z] [DB] INSERT log id=1002 node=11-03-1-2-01 proto=MQTT
[2026-04-04T09:49:55.422Z] [MQTT] TIME sync → cmd/11-03-1-2-01: TIME|17:49
[2026-04-04T09:49:57.038Z] [MQTT] Disconnected: PV_11-03-1-2-01
[2026-04-04T09:49:57.241Z] [MQTT] Connected: PV_11-03-1-2-01
[2026-04-04T09:49:57.253Z] [MQTT] DATA seq=0 node=11-03-1-2-01 V=0V I=-13.064A bat=0V clean=0
[2026-04-04T09:49:57.261Z] [DB] INSERT log id=1003 node=11-03-1-2-01 proto=MQTT
[2026-04-04T09:49:57.743Z] [MQTT] TIME sync → cmd/11-03-1-2-01: TIME|17:49
[2026-04-04T09:49:59.363Z] [MQTT] Disconnected: PV_11-03-1-2-01
[2026-04-04T09:49:59.566Z] [MQTT] Connected: PV_11-03-1-2-01
[2026-04-04T09:49:59.579Z] [MQTT] DATA seq=0 node=11-03-1-2-01 V=0V I=-13.064A bat=0V clean=0
[2026-04-04T09:49:59.586Z] [DB] INSERT log id=1004 node=11-03-1-2-01 proto=MQTT
[2026-04-04T09:50:00.079Z] [MQTT] TIME sync → cmd/11-03-1-2-01: TIME|17:49
[2026-04-04T09:50:01.688Z] [MQTT] Disconnected: PV_11-03-1-2-01
[2026-04-04T09:50:01.891Z] [MQTT] Connected: PV_11-03-1-2-01
[2026-04-04T09:50:01.904Z] [MQTT] DATA seq=0 node=11-03-1-2-01 V=0V I=-13.196A bat=0V clean=0
[2026-04-04T09:50:01.912Z] [DB] INSERT log id=1005 node=11-03-1-2-01 proto=MQTT
[2026-04-04T09:50:02.395Z] [MQTT] TIME sync → cmd/11-03-1-2-01: TIME|17:50
[2026-04-04T09:50:04.014Z] [MQTT] Disconnected: PV_11-03-1-2-01
[2026-04-04T09:50:04.216Z] [MQTT] Connected: PV_11-03-1-2-01
[2026-04-04T09:50:04.229Z] [MQTT] DATA seq=0 node=11-03-1-2-01 V=0V I=-13.091A bat=0V clean=0
[2026-04-04T09:50:04.236Z] [DB] INSERT log id=1006 node=11-03-1-2-01 proto=MQTT
[2026-04-04T09:50:04.718Z] [MQTT] TIME sync → cmd/11-03-1-2-01: TIME|17:50
[2026-04-04T09:50:06.344Z] [MQTT] Disconnected: PV_11-03-1-2-01
[2026-04-04T09:50:06.548Z] [MQTT] Connected: PV_11-03-1-2-01
[2026-04-04T09:50:06.560Z] [MQTT] DATA seq=0 node=11-03-1-2-01 V=0V I=-12.985A bat=0V clean=0
[2026-04-04T09:50:06.567Z] [DB] INSERT log id=1007 node=11-03-1-2-01 proto=MQTT
[2026-04-04T09:50:07.062Z] [MQTT] TIME sync → cmd/11-03-1-2-01: TIME|17:50
[2026-04-04T09:50:08.669Z] [MQTT] Disconnected: PV_11-03-1-2-01
[2026-04-04T09:50:08.873Z] [MQTT] Connected: PV_11-03-1-2-01
[2026-04-04T09:50:08.885Z] [MQTT] DATA seq=0 node=11-03-1-2-01 V=0V I=-13.091A bat=0V clean=0
[2026-04-04T09:50:08.895Z] [DB] INSERT log id=1008 node=11-03-1-2-01 proto=MQTT
[2026-04-04T09:50:09.387Z] [MQTT] TIME sync → cmd/11-03-1-2-01: TIME|17:50
[2026-04-04T09:50:10.994Z] [MQTT] Disconnected: PV_11-03-1-2-01
[2026-04-04T09:50:11.198Z] [MQTT] Connected: PV_11-03-1-2-01
[2026-04-04T09:50:11.210Z] [MQTT] DATA seq=0 node=11-03-1-2-01 V=0V I=-13.355A bat=0V clean=0
[2026-04-04T09:50:11.219Z] [DB] INSERT log id=1009 node=11-03-1-2-01 proto=MQTT
[2026-04-04T09:50:11.700Z] [MQTT] TIME sync → cmd/11-03-1-2-01: TIME|17:50
[2026-04-04T09:50:13.319Z] [MQTT] Disconnected: PV_11-03-1-2-01
[2026-04-04T09:50:13.523Z] [MQTT] Connected: PV_11-03-1-2-01
[2026-04-04T09:50:13.535Z] [MQTT] DATA seq=0 node=11-03-1-2-01 V=0V I=-13.038A bat=0V clean=0
[2026-04-04T09:50:13.543Z] [DB] INSERT log id=1010 node=11-03-1-2-01 proto=MQTT
[2026-04-04T09:50:14.025Z] [MQTT] TIME sync → cmd/11-03-1-2-01: TIME|17:50
[2026-04-04T09:50:15.644Z] [MQTT] Disconnected: PV_11-03-1-2-01
[2026-04-04T09:50:15.848Z] [MQTT] Connected: PV_11-03-1-2-01
[2026-04-04T09:50:15.860Z] [MQTT] DATA seq=0 node=11-03-1-2-01 V=0V I=-12.853A bat=0V clean=0
[2026-04-04T09:50:15.870Z] [DB] INSERT log id=1011 node=11-03-1-2-01 proto=MQTT
[2026-04-04T09:50:16.352Z] [MQTT] TIME sync → cmd/11-03-1-2-01: TIME|17:50
[2026-04-04T09:50:17.971Z] [MQTT] Disconnected: PV_11-03-1-2-01
[2026-04-04T09:50:18.173Z] [MQTT] Connected: PV_11-03-1-2-01
[2026-04-04T09:50:18.186Z] [MQTT] DATA seq=0 node=11-03-1-2-01 V=0V I=-13.091A bat=0V clean=0
[2026-04-04T09:50:18.197Z] [DB] INSERT log id=1012 node=11-03-1-2-01 proto=MQTT
[2026-04-04T09:50:18.682Z] [MQTT] TIME sync → cmd/11-03-1-2-01: TIME|17:50
[2026-04-04T09:50:20.295Z] [MQTT] Disconnected: PV_11-03-1-2-01
[2026-04-04T09:50:20.499Z] [MQTT] Connected: PV_11-03-1-2-01
[2026-04-04T09:50:20.511Z] [MQTT] DATA seq=0 node=11-03-1-2-01 V=0V I=-13.355A bat=0V clean=0
[2026-04-04T09:50:20.519Z] [DB] INSERT log id=1013 node=11-03-1-2-01 proto=MQTT
[2026-04-04T09:50:21.007Z] [MQTT] TIME sync → cmd/11-03-1-2-01: TIME|17:50
[2026-04-04T09:50:22.621Z] [MQTT] Disconnected: PV_11-03-1-2-01
[2026-04-04T09:50:22.824Z] [MQTT] Connected: PV_11-03-1-2-01
[2026-04-04T09:50:22.837Z] [MQTT] DATA seq=0 node=11-03-1-2-01 V=0V I=-13.064A bat=0V clean=0
[2026-04-04T09:50:22.845Z] [DB] INSERT log id=1014 node=11-03-1-2-01 proto=MQTT
[2026-04-04T09:50:23.331Z] [MQTT] TIME sync → cmd/11-03-1-2-01: TIME|17:50
[2026-04-04T09:50:24.946Z] [MQTT] Disconnected: PV_11-03-1-2-01
[2026-04-04T09:50:25.150Z] [MQTT] Connected: PV_11-03-1-2-01
[2026-04-04T09:50:25.163Z] [MQTT] DATA seq=0 node=11-03-1-2-01 V=0V I=-12.827A bat=0V clean=0
[2026-04-04T09:50:25.171Z] [DB] INSERT log id=1015 node=11-03-1-2-01 proto=MQTT
[2026-04-04T09:50:25.651Z] [MQTT] TIME sync → cmd/11-03-1-2-01: TIME|17:50
[2026-04-04T09:50:27.271Z] [MQTT] Disconnected: PV_11-03-1-2-01
[2026-04-04T09:50:27.475Z] [MQTT] Connected: PV_11-03-1-2-01
[2026-04-04T09:50:27.488Z] [MQTT] DATA seq=0 node=11-03-1-2-01 V=0V I=-13.038A bat=0V clean=0
[2026-04-04T09:50:27.496Z] [DB] INSERT log id=1016 node=11-03-1-2-01 proto=MQTT
[2026-04-04T09:50:27.984Z] [MQTT] TIME sync → cmd/11-03-1-2-01: TIME|17:50
[2026-04-04T09:51:12.498Z] [MQTT] Disconnected: PV_11-03-1-2-01
[2026-04-04T09:52:44.421Z] [TCP] Error [::ffff:10.4.119.240:49153]: read ECONNRESET
[2026-04-04T09:52:44.427Z] [TCP] Disconnected: ::ffff:10.4.119.240:49153
[2026-04-04T09:57:42.876Z] [MQTT] Connected: PV_11-03-1-2-01
[2026-04-04T09:57:43.391Z] [MQTT] TIME sync → cmd/11-03-1-2-01: TIME|17:57
[2026-04-04T09:57:44.979Z] [MQTT] Disconnected: PV_11-03-1-2-01
[2026-04-04T09:57:44.980Z] [MQTT] Connected: PV_11-03-1-2-01
[2026-04-04T09:57:45.493Z] [MQTT] TIME sync → cmd/11-03-1-2-01: TIME|17:57
[2026-04-04T09:57:49.994Z] [MQTT] Disconnected: PV_11-03-1-2-01
[2026-04-04T09:57:50.198Z] [MQTT] Connected: PV_11-03-1-2-01
[2026-04-04T09:57:50.704Z] [MQTT] TIME sync → cmd/11-03-1-2-01: TIME|17:57
[2026-04-04T09:58:00.020Z] [MQTT] Disconnected: PV_11-03-1-2-01
[2026-04-04T09:58:00.224Z] [MQTT] Connected: PV_11-03-1-2-01
[2026-04-04T09:58:00.739Z] [MQTT] TIME sync → cmd/11-03-1-2-01: TIME|17:58
[2026-04-04T09:58:10.031Z] [MQTT] Disconnected: PV_11-03-1-2-01
[2026-04-04T09:58:10.234Z] [MQTT] Connected: PV_11-03-1-2-01
[2026-04-04T09:58:10.744Z] [MQTT] TIME sync → cmd/11-03-1-2-01: TIME|17:58
[2026-04-04T09:58:20.036Z] [MQTT] Disconnected: PV_11-03-1-2-01
[2026-04-04T09:58:20.239Z] [MQTT] Connected: PV_11-03-1-2-01
[2026-04-04T09:58:20.752Z] [MQTT] TIME sync → cmd/11-03-1-2-01: TIME|17:58
[2026-04-04T09:58:30.040Z] [MQTT] Disconnected: PV_11-03-1-2-01
[2026-04-04T09:58:30.244Z] [MQTT] Connected: PV_11-03-1-2-01
[2026-04-04T09:58:30.747Z] [MQTT] TIME sync → cmd/11-03-1-2-01: TIME|17:58
[2026-04-04T09:58:40.044Z] [MQTT] Disconnected: PV_11-03-1-2-01
[2026-04-04T09:58:40.248Z] [MQTT] Connected: PV_11-03-1-2-01
[2026-04-04T09:58:40.751Z] [MQTT] TIME sync → cmd/11-03-1-2-01: TIME|17:58
[2026-04-04T09:58:50.049Z] [MQTT] Disconnected: PV_11-03-1-2-01
[2026-04-04T09:58:50.252Z] [MQTT] Connected: PV_11-03-1-2-01
[2026-04-04T09:58:50.759Z] [MQTT] TIME sync → cmd/11-03-1-2-01: TIME|17:58
[2026-04-04T09:59:00.052Z] [MQTT] Disconnected: PV_11-03-1-2-01
[2026-04-04T09:59:00.256Z] [MQTT] Connected: PV_11-03-1-2-01
[2026-04-04T09:59:00.762Z] [MQTT] TIME sync → cmd/11-03-1-2-01: TIME|17:59
[2026-04-04T09:59:10.062Z] [MQTT] Disconnected: PV_11-03-1-2-01
[2026-04-04T09:59:10.265Z] [MQTT] Connected: PV_11-03-1-2-01
[2026-04-04T09:59:10.774Z] [MQTT] TIME sync → cmd/11-03-1-2-01: TIME|17:59
[2026-04-04T09:59:20.066Z] [MQTT] Disconnected: PV_11-03-1-2-01
[2026-04-04T09:59:20.268Z] [MQTT] Connected: PV_11-03-1-2-01
[2026-04-04T09:59:20.774Z] [MQTT] TIME sync → cmd/11-03-1-2-01: TIME|17:59
[2026-04-04T09:59:30.069Z] [MQTT] Disconnected: PV_11-03-1-2-01
[2026-04-04T09:59:30.273Z] [MQTT] Connected: PV_11-03-1-2-01
[2026-04-04T09:59:30.780Z] [MQTT] TIME sync → cmd/11-03-1-2-01: TIME|17:59
[2026-04-04T09:59:40.073Z] [MQTT] Disconnected: PV_11-03-1-2-01
[2026-04-04T09:59:40.276Z] [MQTT] Connected: PV_11-03-1-2-01
[2026-04-04T09:59:40.785Z] [MQTT] TIME sync → cmd/11-03-1-2-01: TIME|17:59
[2026-04-04T09:59:50.078Z] [MQTT] Disconnected: PV_11-03-1-2-01
[2026-04-04T09:59:50.281Z] [MQTT] Connected: PV_11-03-1-2-01
[2026-04-04T09:59:50.783Z] [MQTT] TIME sync → cmd/11-03-1-2-01: TIME|17:59
[2026-04-04T10:00:00.082Z] [MQTT] Disconnected: PV_11-03-1-2-01
[2026-04-04T10:00:00.285Z] [MQTT] Connected: PV_11-03-1-2-01
[2026-04-04T10:00:00.795Z] [MQTT] TIME sync → cmd/11-03-1-2-01: TIME|18:00
[2026-04-04T10:00:10.092Z] [MQTT] Disconnected: PV_11-03-1-2-01
[2026-04-04T10:00:10.295Z] [MQTT] Connected: PV_11-03-1-2-01
[2026-04-04T10:00:10.799Z] [MQTT] TIME sync → cmd/11-03-1-2-01: TIME|18:00
[2026-04-04T10:00:20.096Z] [MQTT] Disconnected: PV_11-03-1-2-01
[2026-04-04T10:00:20.299Z] [MQTT] Connected: PV_11-03-1-2-01
[2026-04-04T10:00:20.806Z] [MQTT] TIME sync → cmd/11-03-1-2-01: TIME|18:00
[2026-04-04T10:00:30.106Z] [MQTT] Disconnected: PV_11-03-1-2-01
[2026-04-04T10:00:30.317Z] [MQTT] Connected: PV_11-03-1-2-01
[2026-04-04T10:00:30.855Z] [MQTT] TIME sync → cmd/11-03-1-2-01: TIME|18:00
[2026-04-04T10:00:41.420Z] [MQTT] Disconnected: PV_11-03-1-2-01
[2026-04-04T10:00:43.020Z] [MQTT] Connected: PV_11-03-1-2-01
[2026-04-04T10:00:43.536Z] [MQTT] TIME sync → cmd/11-03-1-2-01: TIME|18:00
[2026-04-04T10:00:50.324Z] [MQTT] Disconnected: PV_11-03-1-2-01
[2026-04-04T10:00:50.341Z] [MQTT] Connected: PV_11-03-1-2-01
[2026-04-04T10:00:50.870Z] [MQTT] TIME sync → cmd/11-03-1-2-01: TIME|18:00
[2026-04-04T10:01:00.121Z] [MQTT] Disconnected: PV_11-03-1-2-01
[2026-04-04T10:01:00.338Z] [MQTT] Connected: PV_11-03-1-2-01
[2026-04-04T10:01:00.884Z] [MQTT] TIME sync → cmd/11-03-1-2-01: TIME|18:01
[2026-04-04T10:01:10.129Z] [MQTT] Disconnected: PV_11-03-1-2-01
[2026-04-04T10:01:10.335Z] [MQTT] Connected: PV_11-03-1-2-01
[2026-04-04T10:01:10.860Z] [MQTT] TIME sync → cmd/11-03-1-2-01: TIME|18:01
[2026-04-04T10:01:20.130Z] [MQTT] Disconnected: PV_11-03-1-2-01
[2026-04-04T10:01:20.337Z] [MQTT] Connected: PV_11-03-1-2-01
[2026-04-04T10:01:20.867Z] [MQTT] TIME sync → cmd/11-03-1-2-01: TIME|18:01
[2026-04-04T10:01:30.135Z] [MQTT] Disconnected: PV_11-03-1-2-01
[2026-04-04T10:01:30.338Z] [MQTT] Connected: PV_11-03-1-2-01
[2026-04-04T10:01:30.852Z] [MQTT] TIME sync → cmd/11-03-1-2-01: TIME|18:01
[2026-04-04T10:01:40.138Z] [MQTT] Disconnected: PV_11-03-1-2-01
[2026-04-04T10:01:40.341Z] [MQTT] Connected: PV_11-03-1-2-01
[2026-04-04T10:01:40.861Z] [MQTT] TIME sync → cmd/11-03-1-2-01: TIME|18:01
[2026-04-04T10:01:50.143Z] [MQTT] Disconnected: PV_11-03-1-2-01
[2026-04-04T10:01:50.347Z] [MQTT] Connected: PV_11-03-1-2-01
[2026-04-04T10:01:50.860Z] [MQTT] TIME sync → cmd/11-03-1-2-01: TIME|18:01
[2026-04-04T10:02:00.150Z] [MQTT] Disconnected: PV_11-03-1-2-01
[2026-04-04T10:02:00.353Z] [MQTT] Connected: PV_11-03-1-2-01
[2026-04-04T10:02:00.879Z] [MQTT] TIME sync → cmd/11-03-1-2-01: TIME|18:02
[2026-04-04T10:02:10.161Z] [MQTT] Disconnected: PV_11-03-1-2-01
[2026-04-04T10:02:10.365Z] [MQTT] Connected: PV_11-03-1-2-01
[2026-04-04T10:02:10.896Z] [MQTT] TIME sync → cmd/11-03-1-2-01: TIME|18:02
[2026-04-04T10:02:20.163Z] [MQTT] Disconnected: PV_11-03-1-2-01
[2026-04-04T10:02:20.366Z] [MQTT] Connected: PV_11-03-1-2-01
[2026-04-04T10:02:20.885Z] [MQTT] TIME sync → cmd/11-03-1-2-01: TIME|18:02
[2026-04-04T10:02:30.168Z] [MQTT] Disconnected: PV_11-03-1-2-01
[2026-04-04T10:02:30.373Z] [MQTT] Connected: PV_11-03-1-2-01
[2026-04-04T10:02:30.886Z] [MQTT] TIME sync → cmd/11-03-1-2-01: TIME|18:02
[2026-04-04T10:02:40.173Z] [MQTT] Disconnected: PV_11-03-1-2-01
[2026-04-04T10:02:40.378Z] [MQTT] Connected: PV_11-03-1-2-01
[2026-04-04T10:02:40.893Z] [MQTT] TIME sync → cmd/11-03-1-2-01: TIME|18:02
[2026-04-04T10:02:50.178Z] [MQTT] Disconnected: PV_11-03-1-2-01
[2026-04-04T10:02:50.381Z] [MQTT] Connected: PV_11-03-1-2-01
[2026-04-04T10:02:50.902Z] [MQTT] TIME sync → cmd/11-03-1-2-01: TIME|18:02
[2026-04-04T10:03:00.188Z] [MQTT] Disconnected: PV_11-03-1-2-01
[2026-04-04T10:03:00.396Z] [MQTT] Connected: PV_11-03-1-2-01
[2026-04-04T10:03:00.925Z] [MQTT] TIME sync → cmd/11-03-1-2-01: TIME|18:03
[2026-04-04T10:03:10.190Z] [MQTT] Disconnected: PV_11-03-1-2-01
[2026-04-04T10:03:10.393Z] [MQTT] Connected: PV_11-03-1-2-01
[2026-04-04T10:03:10.919Z] [MQTT] TIME sync → cmd/11-03-1-2-01: TIME|18:03
[2026-04-04T10:03:20.188Z] [MQTT] Disconnected: PV_11-03-1-2-01
[2026-04-04T10:03:20.392Z] [MQTT] Connected: PV_11-03-1-2-01
[2026-04-04T10:03:20.900Z] [MQTT] TIME sync → cmd/11-03-1-2-01: TIME|18:03
[2026-04-04T10:03:30.193Z] [MQTT] Disconnected: PV_11-03-1-2-01
[2026-04-04T10:03:30.396Z] [MQTT] Connected: PV_11-03-1-2-01
[2026-04-04T10:03:30.907Z] [MQTT] TIME sync → cmd/11-03-1-2-01: TIME|18:03
[2026-04-04T10:04:15.420Z] [MQTT] Disconnected: PV_11-03-1-2-01
[2026-04-04T10:33:50.668Z] [MQTT] Connected: PV_11-03-1-2-01
[2026-04-04T10:33:51.171Z] [MQTT] TIME sync → cmd/11-03-1-2-01: TIME|18:33
[2026-04-04T10:33:52.772Z] [MQTT] Disconnected: PV_11-03-1-2-01
[2026-04-04T10:33:52.773Z] [MQTT] Connected: PV_11-03-1-2-01
[2026-04-04T10:33:53.276Z] [MQTT] TIME sync → cmd/11-03-1-2-01: TIME|18:33
[2026-04-04T10:34:12.540Z] [MQTT] Disconnected: PV_11-03-1-2-01
[2026-04-04T10:34:12.744Z] [MQTT] Connected: PV_11-03-1-2-01
[2026-04-04T10:34:13.257Z] [MQTT] TIME sync → cmd/11-03-1-2-01: TIME|18:34
[2026-04-04T10:36:18.357Z] [MQTT] Disconnected: PV_11-03-1-2-01
[2026-04-04T10:36:18.561Z] [MQTT] Connected: PV_11-03-1-2-01
[2026-04-04T10:36:19.069Z] [MQTT] TIME sync → cmd/11-03-1-2-01: TIME|18:36
[2026-04-04T10:36:25.385Z] [MQTT] Disconnected: PV_11-03-1-2-01
[2026-04-04T10:36:25.588Z] [MQTT] Connected: PV_11-03-1-2-01
[2026-04-04T10:36:26.103Z] [MQTT] TIME sync → cmd/11-03-1-2-01: TIME|18:36
[2026-04-04T10:38:38.664Z] [SYSTEM] SIGINT — shutting down
[2026-04-04T10:38:39.746Z] [MQTT] Broker on port 1883
[2026-04-04T10:38:39.748Z] [TCP] Server on port 9000
[2026-04-04T10:38:39.749Z] [HTTP] API → http://localhost:3000
[2026-04-04T10:38:39.781Z] [DB] MySQL OK ✓
[2026-04-04T10:38:43.671Z] [MQTT] Connected: PV_11-03-1-2-01
[2026-04-04T10:38:44.180Z] [MQTT] TIME sync → cmd/11-03-1-2-01: TIME|18:38
[2026-04-04T10:39:14.994Z] [SYSTEM] SIGINT — shutting down
[2026-04-04T10:39:16.362Z] [MQTT] Broker on port 1883
[2026-04-04T10:39:16.364Z] [TCP] Server on port 9000
[2026-04-04T10:39:16.365Z] [HTTP] API → http://localhost:3000
[2026-04-04T10:39:16.397Z] [DB] MySQL OK ✓
[2026-04-04T10:39:20.015Z] [MQTT] Connected: PV_11-03-1-2-01
[2026-04-04T10:39:20.521Z] [MQTT] TIME sync → cmd/11-03-1-2-01: TIME|18:39
[2026-04-04T10:42:22.356Z] [MQTT] Disconnected: PV_11-03-1-2-01
[2026-04-04T10:42:22.357Z] [MQTT] Connected: PV_11-03-1-2-01
[2026-04-04T10:42:22.870Z] [MQTT] TIME sync → cmd/11-03-1-2-01: TIME|18:42
[2026-04-04T10:44:32.909Z] [MQTT] Disconnected: PV_11-03-1-2-01
[2026-04-04T10:44:33.112Z] [MQTT] Connected: PV_11-03-1-2-01
[2026-04-04T10:44:33.615Z] [MQTT] TIME sync → cmd/11-03-1-2-01: TIME|18:44
[2026-04-04T10:44:42.631Z] [MQTT] Disconnected: PV_11-03-1-2-01
[2026-04-04T10:44:42.835Z] [MQTT] Connected: PV_11-03-1-2-01
[2026-04-04T10:44:43.338Z] [MQTT] TIME sync → cmd/11-03-1-2-01: TIME|18:44
[2026-04-04T10:44:50.564Z] [MQTT] DATA seq=1 node=11-03-1-2-01 V=64V I=-13.064A bat=0V clean=0
[2026-04-04T10:44:50.577Z] [DB] INSERT log id=1017 node=11-03-1-2-01 proto=MQTT
[2026-04-04T10:45:00.564Z] [MQTT] DATA seq=2 node=11-03-1-2-01 V=12V I=-13.012A bat=0V clean=0
[2026-04-04T10:45:00.574Z] [DB] INSERT log id=1018 node=11-03-1-2-01 proto=MQTT
[2026-04-04T10:45:10.562Z] [MQTT] DATA seq=3 node=11-03-1-2-01 V=12V I=-13.012A bat=0V clean=0
[2026-04-04T10:45:10.575Z] [DB] INSERT log id=1019 node=11-03-1-2-01 proto=MQTT
[2026-04-04T10:45:20.563Z] [MQTT] DATA seq=4 node=11-03-1-2-01 V=12V I=-13.012A bat=0V clean=0
[2026-04-04T10:45:20.577Z] [DB] INSERT log id=1020 node=11-03-1-2-01 proto=MQTT
[2026-04-04T10:45:30.563Z] [MQTT] DATA seq=5 node=11-03-1-2-01 V=14V I=-13.514A bat=0V clean=0
[2026-04-04T10:45:30.577Z] [DB] INSERT log id=1021 node=11-03-1-2-01 proto=MQTT
[2026-04-04T10:45:40.563Z] [MQTT] DATA seq=6 node=11-03-1-2-01 V=14V I=-13.514A bat=0V clean=0
[2026-04-04T10:45:40.576Z] [DB] INSERT log id=1022 node=11-03-1-2-01 proto=MQTT
[2026-04-04T10:45:50.563Z] [MQTT] DATA seq=7 node=11-03-1-2-01 V=7V I=-0.357A bat=0V clean=0
[2026-04-04T10:45:50.578Z] [DB] INSERT log id=1023 node=11-03-1-2-01 proto=MQTT
[2026-04-04T10:46:00.563Z] [MQTT] DATA seq=8 node=11-03-1-2-01 V=5V I=-0.515A bat=0V clean=0
[2026-04-04T10:46:00.581Z] [DB] INSERT log id=1024 node=11-03-1-2-01 proto=MQTT
[2026-04-04T10:46:10.564Z] [MQTT] DATA seq=9 node=11-03-1-2-01 V=6V I=-0.436A bat=0V clean=0
[2026-04-04T10:46:10.579Z] [DB] INSERT log id=1025 node=11-03-1-2-01 proto=MQTT
[2026-04-04T10:46:20.564Z] [MQTT] DATA seq=10 node=11-03-1-2-01 V=9V I=-0.489A bat=0V clean=0
[2026-04-04T10:46:20.581Z] [DB] INSERT log id=1026 node=11-03-1-2-01 proto=MQTT
[2026-04-04T10:46:30.564Z] [MQTT] DATA seq=11 node=11-03-1-2-01 V=2V I=-0.462A bat=0V clean=0
[2026-04-04T10:46:30.579Z] [DB] INSERT log id=1027 node=11-03-1-2-01 proto=MQTT
[2026-04-04T10:46:40.565Z] [MQTT] DATA seq=12 node=11-03-1-2-01 V=6V I=-0.436A bat=0V clean=0
[2026-04-04T10:46:40.582Z] [DB] INSERT log id=1028 node=11-03-1-2-01 proto=MQTT
[2026-04-04T10:46:50.566Z] [MQTT] DATA seq=13 node=11-03-1-2-01 V=7V I=-0.357A bat=0V clean=0
[2026-04-04T10:46:50.582Z] [DB] INSERT log id=1029 node=11-03-1-2-01 proto=MQTT
[2026-04-04T10:47:00.565Z] [MQTT] DATA seq=14 node=11-03-1-2-01 V=6V I=-0.436A bat=0V clean=0
[2026-04-04T10:47:00.575Z] [DB] INSERT log id=1030 node=11-03-1-2-01 proto=MQTT
[2026-04-04T10:47:10.566Z] [MQTT] DATA seq=15 node=11-03-1-2-01 V=9V I=-0.489A bat=0V clean=0
[2026-04-04T10:47:10.577Z] [DB] INSERT log id=1031 node=11-03-1-2-01 proto=MQTT
[2026-04-04T10:47:20.565Z] [MQTT] DATA seq=16 node=11-03-1-2-01 V=2V I=-0.462A bat=0V clean=0
[2026-04-04T10:47:20.574Z] [DB] INSERT log id=1032 node=11-03-1-2-01 proto=MQTT
[2026-04-04T10:47:30.566Z] [MQTT] DATA seq=17 node=11-03-1-2-01 V=0V I=-0.33A bat=0V clean=0
[2026-04-04T10:47:30.576Z] [DB] INSERT log id=1033 node=11-03-1-2-01 proto=MQTT
[2026-04-04T10:47:40.567Z] [MQTT] DATA seq=18 node=11-03-1-2-01 V=0V I=-0.41A bat=0V clean=0
[2026-04-04T10:47:40.575Z] [DB] INSERT log id=1034 node=11-03-1-2-01 proto=MQTT
[2026-04-04T10:47:50.566Z] [MQTT] DATA seq=19 node=11-03-1-2-01 V=0V I=-0.33A bat=0V clean=0
[2026-04-04T10:47:50.580Z] [DB] INSERT log id=1035 node=11-03-1-2-01 proto=MQTT
[2026-04-04T10:48:00.567Z] [MQTT] DATA seq=20 node=11-03-1-2-01 V=2V I=-0.462A bat=0V clean=0
[2026-04-04T10:48:00.577Z] [DB] INSERT log id=1036 node=11-03-1-2-01 proto=MQTT
[2026-04-04T10:48:10.567Z] [MQTT] DATA seq=21 node=11-03-1-2-01 V=9V I=-0.489A bat=0V clean=0
[2026-04-04T10:48:10.577Z] [DB] INSERT log id=1037 node=11-03-1-2-01 proto=MQTT
[2026-04-04T10:48:20.567Z] [MQTT] DATA seq=22 node=11-03-1-2-01 V=7V I=-0.357A bat=0V clean=0
[2026-04-04T10:48:20.578Z] [DB] INSERT log id=1038 node=11-03-1-2-01 proto=MQTT
[2026-04-04T10:48:30.568Z] [MQTT] DATA seq=23 node=11-03-1-2-01 V=3V I=-0.383A bat=0V clean=0
[2026-04-04T10:48:30.579Z] [DB] INSERT log id=1039 node=11-03-1-2-01 proto=MQTT
[2026-04-04T10:48:40.567Z] [MQTT] DATA seq=24 node=11-03-1-2-01 V=0V I=-0.41A bat=0V clean=0
[2026-04-04T10:48:40.579Z] [DB] INSERT log id=1040 node=11-03-1-2-01 proto=MQTT
[2026-04-04T10:48:50.567Z] [MQTT] DATA seq=25 node=11-03-1-2-01 V=2V I=-0.462A bat=0V clean=0
[2026-04-04T10:48:50.576Z] [DB] INSERT log id=1041 node=11-03-1-2-01 proto=MQTT
[2026-04-04T10:49:00.568Z] [MQTT] DATA seq=26 node=11-03-1-2-01 V=2V I=-0.462A bat=0V clean=0
[2026-04-04T10:49:00.579Z] [DB] INSERT log id=1042 node=11-03-1-2-01 proto=MQTT
[2026-04-04T10:49:10.568Z] [MQTT] DATA seq=27 node=11-03-1-2-01 V=0V I=-0.33A bat=0V clean=0
[2026-04-04T10:49:10.578Z] [DB] INSERT log id=1043 node=11-03-1-2-01 proto=MQTT
[2026-04-04T10:49:20.568Z] [MQTT] DATA seq=28 node=11-03-1-2-01 V=7V I=-0.357A bat=0V clean=0
[2026-04-04T10:49:20.576Z] [DB] INSERT log id=1044 node=11-03-1-2-01 proto=MQTT
[2026-04-04T10:49:30.567Z] [MQTT] DATA seq=29 node=11-03-1-2-01 V=0V I=-0.33A bat=0V clean=0
[2026-04-04T10:49:30.578Z] [DB] INSERT log id=1045 node=11-03-1-2-01 proto=MQTT
[2026-04-04T10:49:40.568Z] [MQTT] DATA seq=30 node=11-03-1-2-01 V=7V I=-0.357A bat=0V clean=0
[2026-04-04T10:49:40.576Z] [DB] INSERT log id=1046 node=11-03-1-2-01 proto=MQTT
[2026-04-04T10:49:50.569Z] [MQTT] DATA seq=31 node=11-03-1-2-01 V=3V I=-0.383A bat=0V clean=0
[2026-04-04T10:49:50.578Z] [DB] INSERT log id=1047 node=11-03-1-2-01 proto=MQTT
[2026-04-04T10:50:00.568Z] [MQTT] DATA seq=32 node=11-03-1-2-01 V=0V I=-0.41A bat=0V clean=0
[2026-04-04T10:50:00.577Z] [DB] INSERT log id=1048 node=11-03-1-2-01 proto=MQTT
[2026-04-04T10:50:10.568Z] [MQTT] DATA seq=33 node=11-03-1-2-01 V=9V I=-0.489A bat=0V clean=0
[2026-04-04T10:50:10.578Z] [DB] INSERT log id=1049 node=11-03-1-2-01 proto=MQTT
[2026-04-04T10:50:20.569Z] [MQTT] DATA seq=34 node=11-03-1-2-01 V=6V I=-0.436A bat=0V clean=0
[2026-04-04T10:50:20.579Z] [DB] INSERT log id=1050 node=11-03-1-2-01 proto=MQTT
[2026-04-04T10:50:30.568Z] [MQTT] DATA seq=35 node=11-03-1-2-01 V=0V I=-0.41A bat=0V clean=0
[2026-04-04T10:50:30.577Z] [DB] INSERT log id=1051 node=11-03-1-2-01 proto=MQTT
[2026-04-04T10:50:40.568Z] [MQTT] DATA seq=36 node=11-03-1-2-01 V=6V I=-0.436A bat=0V clean=0
[2026-04-04T10:50:40.576Z] [DB] INSERT log id=1052 node=11-03-1-2-01 proto=MQTT
[2026-04-04T10:50:48.589Z] [SYSTEM] SIGINT — shutting down
[2026-04-04T10:50:50.758Z] [MQTT] Broker on port 1883
[2026-04-04T10:50:50.760Z] [TCP] Server on port 9000
[2026-04-04T10:50:50.761Z] [HTTP] API → http://localhost:3000
[2026-04-04T10:50:50.795Z] [DB] MySQL OK ✓
[2026-04-04T10:50:53.594Z] [MQTT] Connected: PV_11-03-1-2-01
[2026-04-04T10:50:53.612Z] [MQTT] DATA seq=37 node=11-03-1-2-01 V=0V I=-0.41A bat=0V clean=0
[2026-04-04T10:50:53.630Z] [DB] INSERT log id=1053 node=11-03-1-2-01 proto=MQTT
[2026-04-04T10:50:54.106Z] [MQTT] TIME sync → cmd/11-03-1-2-01: TIME|18:50
[2026-04-04T10:51:03.612Z] [MQTT] DATA seq=38 node=11-03-1-2-01 V=3V I=-0.383A bat=0V clean=0
[2026-04-04T10:51:03.623Z] [DB] INSERT log id=1054 node=11-03-1-2-01 proto=MQTT
[2026-04-04T10:51:13.612Z] [MQTT] DATA seq=39 node=11-03-1-2-01 V=6V I=-0.436A bat=0V clean=0
[2026-04-04T10:51:13.622Z] [DB] INSERT log id=1055 node=11-03-1-2-01 proto=MQTT
[2026-04-04T10:51:23.612Z] [MQTT] DATA seq=40 node=11-03-1-2-01 V=6V I=-0.436A bat=0V clean=0
[2026-04-04T10:51:23.625Z] [DB] INSERT log id=1056 node=11-03-1-2-01 proto=MQTT
[2026-04-04T10:51:33.613Z] [MQTT] DATA seq=41 node=11-03-1-2-01 V=5V I=-0.515A bat=0V clean=0
[2026-04-04T10:51:33.624Z] [DB] INSERT log id=1057 node=11-03-1-2-01 proto=MQTT
[2026-04-04T10:51:43.613Z] [MQTT] DATA seq=42 node=11-03-1-2-01 V=2V I=-0.462A bat=0V clean=0
[2026-04-04T10:51:43.620Z] [DB] INSERT log id=1058 node=11-03-1-2-01 proto=MQTT
[2026-04-04T10:51:53.614Z] [MQTT] DATA seq=43 node=11-03-1-2-01 V=6V I=-0.436A bat=0V clean=0
[2026-04-04T10:51:53.623Z] [DB] INSERT log id=1059 node=11-03-1-2-01 proto=MQTT
[2026-04-04T10:52:03.614Z] [MQTT] DATA seq=44 node=11-03-1-2-01 V=5V I=-0.515A bat=0V clean=0
[2026-04-04T10:52:03.623Z] [DB] INSERT log id=1060 node=11-03-1-2-01 proto=MQTT
[2026-04-04T10:52:13.614Z] [MQTT] DATA seq=45 node=11-03-1-2-01 V=2V I=-0.462A bat=0V clean=0
[2026-04-04T10:52:13.625Z] [DB] INSERT log id=1061 node=11-03-1-2-01 proto=MQTT
[2026-04-04T10:52:23.614Z] [MQTT] DATA seq=46 node=11-03-1-2-01 V=0V I=-0.33A bat=0V clean=0
[2026-04-04T10:52:23.624Z] [DB] INSERT log id=1062 node=11-03-1-2-01 proto=MQTT
[2026-04-04T10:52:33.613Z] [MQTT] DATA seq=47 node=11-03-1-2-01 V=7V I=-0.357A bat=0V clean=0
[2026-04-04T10:52:33.624Z] [DB] INSERT log id=1063 node=11-03-1-2-01 proto=MQTT
[2026-04-04T10:52:43.614Z] [MQTT] DATA seq=48 node=11-03-1-2-01 V=6V I=-0.436A bat=0V clean=0
[2026-04-04T10:52:43.623Z] [DB] INSERT log id=1064 node=11-03-1-2-01 proto=MQTT
[2026-04-04T10:52:53.615Z] [MQTT] DATA seq=49 node=11-03-1-2-01 V=0V I=-0.41A bat=0V clean=0
[2026-04-04T10:52:53.625Z] [DB] INSERT log id=1065 node=11-03-1-2-01 proto=MQTT
[2026-04-04T10:53:03.616Z] [MQTT] DATA seq=50 node=11-03-1-2-01 V=7V I=-0.357A bat=0V clean=0
[2026-04-04T10:53:03.625Z] [DB] INSERT log id=1066 node=11-03-1-2-01 proto=MQTT
[2026-04-04T10:53:13.617Z] [MQTT] DATA seq=51 node=11-03-1-2-01 V=7V I=-0.357A bat=0V clean=0
[2026-04-04T10:53:13.627Z] [DB] INSERT log id=1067 node=11-03-1-2-01 proto=MQTT
[2026-04-04T10:53:23.616Z] [MQTT] DATA seq=52 node=11-03-1-2-01 V=2V I=-0.462A bat=0V clean=0
[2026-04-04T10:53:23.626Z] [DB] INSERT log id=1068 node=11-03-1-2-01 proto=MQTT
[2026-04-04T10:53:33.616Z] [MQTT] DATA seq=53 node=11-03-1-2-01 V=4V I=-0.304A bat=0V clean=0
[2026-04-04T10:53:33.627Z] [DB] INSERT log id=1069 node=11-03-1-2-01 proto=MQTT
[2026-04-04T10:53:43.617Z] [MQTT] DATA seq=54 node=11-03-1-2-01 V=6V I=-0.436A bat=0V clean=0
[2026-04-04T10:53:43.627Z] [DB] INSERT log id=1070 node=11-03-1-2-01 proto=MQTT
[2026-04-04T10:53:53.608Z] [MQTT] DATA seq=55 node=11-03-1-2-01 V=0V I=-0.41A bat=0V clean=0
[2026-04-04T10:53:53.617Z] [DB] INSERT log id=1071 node=11-03-1-2-01 proto=MQTT
[2026-04-04T10:54:03.608Z] [MQTT] DATA seq=56 node=11-03-1-2-01 V=9V I=-0.489A bat=0V clean=0
[2026-04-04T10:54:03.617Z] [DB] INSERT log id=1072 node=11-03-1-2-01 proto=MQTT
[2026-04-04T10:54:13.607Z] [MQTT] DATA seq=57 node=11-03-1-2-01 V=6V I=-0.436A bat=0V clean=0
[2026-04-04T10:54:13.617Z] [DB] INSERT log id=1073 node=11-03-1-2-01 proto=MQTT
[2026-04-04T10:54:23.607Z] [MQTT] DATA seq=58 node=11-03-1-2-01 V=2V I=-0.462A bat=0V clean=0
[2026-04-04T10:54:23.617Z] [DB] INSERT log id=1074 node=11-03-1-2-01 proto=MQTT
[2026-04-04T10:54:33.608Z] [MQTT] DATA seq=59 node=11-03-1-2-01 V=5V I=-0.515A bat=0V clean=0
[2026-04-04T10:54:33.617Z] [DB] INSERT log id=1075 node=11-03-1-2-01 proto=MQTT
[2026-04-04T10:54:43.606Z] [MQTT] DATA seq=60 node=11-03-1-2-01 V=3V I=-0.383A bat=0V clean=0
[2026-04-04T10:54:43.616Z] [DB] INSERT log id=1076 node=11-03-1-2-01 proto=MQTT
[2026-04-04T10:54:53.604Z] [MQTT] DATA seq=61 node=11-03-1-2-01 V=7V I=-0.357A bat=0V clean=0
[2026-04-04T10:54:53.613Z] [DB] INSERT log id=1077 node=11-03-1-2-01 proto=MQTT
[2026-04-04T10:55:03.604Z] [MQTT] DATA seq=62 node=11-03-1-2-01 V=9V I=-0.489A bat=0V clean=0
[2026-04-04T10:55:03.613Z] [DB] INSERT log id=1078 node=11-03-1-2-01 proto=MQTT
[2026-04-04T10:55:13.604Z] [MQTT] DATA seq=63 node=11-03-1-2-01 V=2V I=-0.462A bat=0V clean=0
[2026-04-04T10:55:13.614Z] [DB] INSERT log id=1079 node=11-03-1-2-01 proto=MQTT
[2026-04-04T10:55:23.605Z] [MQTT] DATA seq=64 node=11-03-1-2-01 V=7V I=-0.277A bat=0V clean=0
[2026-04-04T10:55:23.615Z] [DB] INSERT log id=1080 node=11-03-1-2-01 proto=MQTT
[2026-04-04T10:55:33.603Z] [MQTT] DATA seq=65 node=11-03-1-2-01 V=7V I=-0.357A bat=0V clean=0
[2026-04-04T10:55:33.613Z] [DB] INSERT log id=1081 node=11-03-1-2-01 proto=MQTT
[2026-04-04T10:55:43.604Z] [MQTT] DATA seq=66 node=11-03-1-2-01 V=6V I=-0.436A bat=0V clean=0
[2026-04-04T10:55:43.615Z] [DB] INSERT log id=1082 node=11-03-1-2-01 proto=MQTT
[2026-04-04T10:55:53.604Z] [MQTT] DATA seq=67 node=11-03-1-2-01 V=3V I=-0.383A bat=0V clean=0
[2026-04-04T10:55:53.628Z] [DB] INSERT log id=1083 node=11-03-1-2-01 proto=MQTT
[2026-04-04T10:56:03.620Z] [MQTT] DATA seq=68 node=11-03-1-2-01 V=6V I=-0.436A bat=0V clean=0
[2026-04-04T10:56:03.631Z] [DB] INSERT log id=1084 node=11-03-1-2-01 proto=MQTT
[2026-04-04T10:56:13.619Z] [MQTT] DATA seq=69 node=11-03-1-2-01 V=3V I=-0.383A bat=0V clean=0
[2026-04-04T10:56:13.628Z] [DB] INSERT log id=1085 node=11-03-1-2-01 proto=MQTT
[2026-04-04T10:56:23.620Z] [MQTT] DATA seq=70 node=11-03-1-2-01 V=3V I=-0.383A bat=0V clean=0
[2026-04-04T10:56:23.629Z] [DB] INSERT log id=1086 node=11-03-1-2-01 proto=MQTT
[2026-04-04T10:56:33.618Z] [MQTT] DATA seq=71 node=11-03-1-2-01 V=9V I=-0.489A bat=0V clean=0
[2026-04-04T10:56:33.628Z] [DB] INSERT log id=1087 node=11-03-1-2-01 proto=MQTT
[2026-04-04T10:56:43.620Z] [MQTT] DATA seq=72 node=11-03-1-2-01 V=6V I=-0.436A bat=0V clean=0
[2026-04-04T10:56:43.629Z] [DB] INSERT log id=1088 node=11-03-1-2-01 proto=MQTT
[2026-04-04T10:56:53.619Z] [MQTT] DATA seq=73 node=11-03-1-2-01 V=7V I=-0.357A bat=0V clean=0
[2026-04-04T10:56:53.629Z] [DB] INSERT log id=1089 node=11-03-1-2-01 proto=MQTT
[2026-04-04T10:57:03.619Z] [MQTT] DATA seq=74 node=11-03-1-2-01 V=7V I=-0.357A bat=0V clean=0
[2026-04-04T10:57:03.628Z] [DB] INSERT log id=1090 node=11-03-1-2-01 proto=MQTT
[2026-04-04T10:57:13.620Z] [MQTT] DATA seq=75 node=11-03-1-2-01 V=2V I=-0.542A bat=0V clean=0
[2026-04-04T10:57:13.628Z] [DB] INSERT log id=1091 node=11-03-1-2-01 proto=MQTT
[2026-04-04T10:57:23.619Z] [MQTT] DATA seq=76 node=11-03-1-2-01 V=6V I=-0.436A bat=0V clean=0
[2026-04-04T10:57:23.629Z] [DB] INSERT log id=1092 node=11-03-1-2-01 proto=MQTT
[2026-04-04T10:57:33.620Z] [MQTT] DATA seq=77 node=11-03-1-2-01 V=2V I=-0.462A bat=0V clean=0
[2026-04-04T10:57:33.630Z] [DB] INSERT log id=1093 node=11-03-1-2-01 proto=MQTT
[2026-04-04T10:57:43.621Z] [MQTT] DATA seq=78 node=11-03-1-2-01 V=0V I=-0.41A bat=0V clean=0
[2026-04-04T10:57:43.630Z] [DB] INSERT log id=1094 node=11-03-1-2-01 proto=MQTT
[2026-04-04T10:57:53.620Z] [MQTT] DATA seq=79 node=11-03-1-2-01 V=6V I=-0.436A bat=0V clean=0
[2026-04-04T10:57:53.630Z] [DB] INSERT log id=1095 node=11-03-1-2-01 proto=MQTT
[2026-04-04T10:58:03.620Z] [MQTT] DATA seq=80 node=11-03-1-2-01 V=3V I=-0.383A bat=0V clean=0
[2026-04-04T10:58:03.630Z] [DB] INSERT log id=1096 node=11-03-1-2-01 proto=MQTT
[2026-04-04T10:58:13.620Z] [MQTT] DATA seq=81 node=11-03-1-2-01 V=2V I=-0.462A bat=0V clean=0
[2026-04-04T10:58:13.629Z] [DB] INSERT log id=1097 node=11-03-1-2-01 proto=MQTT
[2026-04-04T10:58:23.619Z] [MQTT] DATA seq=82 node=11-03-1-2-01 V=0V I=-0.41A bat=0V clean=0
[2026-04-04T10:58:23.630Z] [DB] INSERT log id=1098 node=11-03-1-2-01 proto=MQTT
[2026-04-04T10:58:33.620Z] [MQTT] DATA seq=83 node=11-03-1-2-01 V=0V I=-0.41A bat=0V clean=0
[2026-04-04T10:58:33.629Z] [DB] INSERT log id=1099 node=11-03-1-2-01 proto=MQTT
[2026-04-04T10:58:43.619Z] [MQTT] DATA seq=84 node=11-03-1-2-01 V=0V I=-0.41A bat=0V clean=0
[2026-04-04T10:58:43.628Z] [DB] INSERT log id=1100 node=11-03-1-2-01 proto=MQTT
[2026-04-04T10:58:53.620Z] [MQTT] DATA seq=85 node=11-03-1-2-01 V=3V I=-0.383A bat=0V clean=0
[2026-04-04T10:58:53.625Z] [DB] INSERT log id=1101 node=11-03-1-2-01 proto=MQTT
[2026-04-04T10:59:03.616Z] [MQTT] DATA seq=86 node=11-03-1-2-01 V=6V I=-0.436A bat=0V clean=0
[2026-04-04T10:59:03.626Z] [DB] INSERT log id=1102 node=11-03-1-2-01 proto=MQTT
[2026-04-04T10:59:13.616Z] [MQTT] DATA seq=87 node=11-03-1-2-01 V=0V I=-0.41A bat=0V clean=0
[2026-04-04T10:59:13.626Z] [DB] INSERT log id=1103 node=11-03-1-2-01 proto=MQTT
[2026-04-04T10:59:23.616Z] [MQTT] DATA seq=88 node=11-03-1-2-01 V=0V I=-0.33A bat=0V clean=0
[2026-04-04T10:59:23.626Z] [DB] INSERT log id=1104 node=11-03-1-2-01 proto=MQTT
[2026-04-04T10:59:33.617Z] [MQTT] DATA seq=89 node=11-03-1-2-01 V=6V I=-0.436A bat=0V clean=0
[2026-04-04T10:59:33.625Z] [DB] INSERT log id=1105 node=11-03-1-2-01 proto=MQTT
[2026-04-04T10:59:43.618Z] [MQTT] DATA seq=90 node=11-03-1-2-01 V=6V I=-0.436A bat=0V clean=0
[2026-04-04T10:59:43.627Z] [DB] INSERT log id=1106 node=11-03-1-2-01 proto=MQTT
[2026-04-04T10:59:53.618Z] [MQTT] DATA seq=91 node=11-03-1-2-01 V=0V I=-0.41A bat=0V clean=0
[2026-04-04T10:59:53.629Z] [DB] INSERT log id=1107 node=11-03-1-2-01 proto=MQTT
[2026-04-04T11:00:03.618Z] [MQTT] DATA seq=92 node=11-03-1-2-01 V=7V I=-0.357A bat=0V clean=0
[2026-04-04T11:00:03.628Z] [DB] INSERT log id=1108 node=11-03-1-2-01 proto=MQTT
[2026-04-04T11:00:13.619Z] [MQTT] DATA seq=93 node=11-03-1-2-01 V=3V I=-0.383A bat=0V clean=0
[2026-04-04T11:00:13.628Z] [DB] INSERT log id=1109 node=11-03-1-2-01 proto=MQTT
[2026-04-04T11:00:23.620Z] [MQTT] DATA seq=94 node=11-03-1-2-01 V=6V I=-0.436A bat=0V clean=0
[2026-04-04T11:00:23.629Z] [DB] INSERT log id=1110 node=11-03-1-2-01 proto=MQTT
[2026-04-04T11:00:33.619Z] [MQTT] DATA seq=95 node=11-03-1-2-01 V=2V I=-0.462A bat=0V clean=0
[2026-04-04T11:00:33.628Z] [DB] INSERT log id=1111 node=11-03-1-2-01 proto=MQTT
[2026-04-04T11:00:43.620Z] [MQTT] DATA seq=96 node=11-03-1-2-01 V=2V I=-0.462A bat=0V clean=0
[2026-04-04T11:00:43.629Z] [DB] INSERT log id=1112 node=11-03-1-2-01 proto=MQTT
[2026-04-04T11:00:53.618Z] [MQTT] DATA seq=97 node=11-03-1-2-01 V=3V I=-0.383A bat=0V clean=0
[2026-04-04T11:00:53.630Z] [DB] INSERT log id=1113 node=11-03-1-2-01 proto=MQTT
[2026-04-04T11:01:03.622Z] [MQTT] DATA seq=98 node=11-03-1-2-01 V=3V I=-0.383A bat=0V clean=0
[2026-04-04T11:01:03.632Z] [DB] INSERT log id=1114 node=11-03-1-2-01 proto=MQTT
[2026-04-04T11:01:13.622Z] [MQTT] DATA seq=99 node=11-03-1-2-01 V=7V I=-0.357A bat=0V clean=0
[2026-04-04T11:01:13.631Z] [DB] INSERT log id=1115 node=11-03-1-2-01 proto=MQTT
[2026-04-04T11:01:23.621Z] [MQTT] DATA seq=100 node=11-03-1-2-01 V=2V I=-0.462A bat=0V clean=0
[2026-04-04T11:01:23.630Z] [DB] INSERT log id=1116 node=11-03-1-2-01 proto=MQTT
[2026-04-04T11:01:33.622Z] [MQTT] DATA seq=101 node=11-03-1-2-01 V=3V I=-0.383A bat=0V clean=0
[2026-04-04T11:01:33.630Z] [DB] INSERT log id=1117 node=11-03-1-2-01 proto=MQTT
[2026-04-04T11:01:43.622Z] [MQTT] DATA seq=102 node=11-03-1-2-01 V=3V I=-0.383A bat=0V clean=0
[2026-04-04T11:01:43.631Z] [DB] INSERT log id=1118 node=11-03-1-2-01 proto=MQTT
[2026-04-04T11:01:53.622Z] [MQTT] DATA seq=103 node=11-03-1-2-01 V=2V I=-0.462A bat=0V clean=0
[2026-04-04T11:01:53.627Z] [DB] INSERT log id=1119 node=11-03-1-2-01 proto=MQTT
[2026-04-04T11:02:03.620Z] [MQTT] DATA seq=104 node=11-03-1-2-01 V=3V I=-0.383A bat=0V clean=0
[2026-04-04T11:02:03.630Z] [DB] INSERT log id=1120 node=11-03-1-2-01 proto=MQTT
[2026-04-04T11:02:13.620Z] [MQTT] DATA seq=105 node=11-03-1-2-01 V=0V I=-0.41A bat=0V clean=0
[2026-04-04T11:02:13.629Z] [DB] INSERT log id=1121 node=11-03-1-2-01 proto=MQTT
[2026-04-04T11:02:23.621Z] [MQTT] DATA seq=106 node=11-03-1-2-01 V=7V I=-0.357A bat=0V clean=0
[2026-04-04T11:02:23.631Z] [DB] INSERT log id=1122 node=11-03-1-2-01 proto=MQTT
[2026-04-04T11:02:33.622Z] [MQTT] DATA seq=107 node=11-03-1-2-01 V=7V I=-0.357A bat=0V clean=0
[2026-04-04T11:02:33.630Z] [DB] INSERT log id=1123 node=11-03-1-2-01 proto=MQTT
[2026-04-04T11:02:43.620Z] [MQTT] DATA seq=108 node=11-03-1-2-01 V=0V I=-0.33A bat=0V clean=0
[2026-04-04T11:02:43.629Z] [DB] INSERT log id=1124 node=11-03-1-2-01 proto=MQTT
[2026-04-04T11:02:53.622Z] [MQTT] DATA seq=109 node=11-03-1-2-01 V=3V I=-0.383A bat=0V clean=0
[2026-04-04T11:02:53.632Z] [DB] INSERT log id=1125 node=11-03-1-2-01 proto=MQTT
[2026-04-04T11:03:03.621Z] [MQTT] DATA seq=110 node=11-03-1-2-01 V=1V I=-0.251A bat=0V clean=0
[2026-04-04T11:03:03.630Z] [DB] INSERT log id=1126 node=11-03-1-2-01 proto=MQTT
[2026-04-04T11:03:13.622Z] [MQTT] DATA seq=111 node=11-03-1-2-01 V=4V I=-0.304A bat=0V clean=0
[2026-04-04T11:03:13.632Z] [DB] INSERT log id=1127 node=11-03-1-2-01 proto=MQTT
[2026-04-04T11:03:23.621Z] [MQTT] DATA seq=112 node=11-03-1-2-01 V=2V I=-0.462A bat=0V clean=0
[2026-04-04T11:03:23.631Z] [DB] INSERT log id=1128 node=11-03-1-2-01 proto=MQTT
[2026-04-04T11:03:33.621Z] [MQTT] DATA seq=113 node=11-03-1-2-01 V=6V I=-0.436A bat=0V clean=0
[2026-04-04T11:03:33.631Z] [DB] INSERT log id=1129 node=11-03-1-2-01 proto=MQTT
[2026-04-04T11:03:43.621Z] [MQTT] DATA seq=114 node=11-03-1-2-01 V=0V I=-0.41A bat=0V clean=0
[2026-04-04T11:03:43.631Z] [DB] INSERT log id=1130 node=11-03-1-2-01 proto=MQTT
[2026-04-04T11:03:53.622Z] [MQTT] DATA seq=115 node=11-03-1-2-01 V=7V I=-0.357A bat=0V clean=0
[2026-04-04T11:03:53.632Z] [DB] INSERT log id=1131 node=11-03-1-2-01 proto=MQTT
[2026-04-04T11:04:03.624Z] [MQTT] DATA seq=116 node=11-03-1-2-01 V=0V I=-0.41A bat=0V clean=0
[2026-04-04T11:04:03.634Z] [DB] INSERT log id=1132 node=11-03-1-2-01 proto=MQTT
[2026-04-04T11:04:13.625Z] [MQTT] DATA seq=117 node=11-03-1-2-01 V=2V I=-0.462A bat=0V clean=0
[2026-04-04T11:04:13.635Z] [DB] INSERT log id=1133 node=11-03-1-2-01 proto=MQTT
[2026-04-04T11:04:23.624Z] [MQTT] DATA seq=118 node=11-03-1-2-01 V=3V I=-0.383A bat=0V clean=0
[2026-04-04T11:04:23.635Z] [DB] INSERT log id=1134 node=11-03-1-2-01 proto=MQTT
[2026-04-04T11:04:33.625Z] [MQTT] DATA seq=119 node=11-03-1-2-01 V=6V I=-0.436A bat=0V clean=0
[2026-04-04T11:04:33.634Z] [DB] INSERT log id=1135 node=11-03-1-2-01 proto=MQTT
[2026-04-04T11:04:43.625Z] [MQTT] DATA seq=120 node=11-03-1-2-01 V=7V I=-0.357A bat=0V clean=0
[2026-04-04T11:04:43.634Z] [DB] INSERT log id=1136 node=11-03-1-2-01 proto=MQTT
[2026-04-04T11:04:53.625Z] [MQTT] DATA seq=121 node=11-03-1-2-01 V=0V I=-0.41A bat=0V clean=0
[2026-04-04T11:04:53.632Z] [DB] INSERT log id=1137 node=11-03-1-2-01 proto=MQTT
[2026-04-04T11:05:03.625Z] [MQTT] DATA seq=122 node=11-03-1-2-01 V=0V I=-0.41A bat=0V clean=0
[2026-04-04T11:05:03.634Z] [DB] INSERT log id=1138 node=11-03-1-2-01 proto=MQTT
[2026-04-04T11:05:13.626Z] [MQTT] DATA seq=123 node=11-03-1-2-01 V=9V I=-0.489A bat=0V clean=0
[2026-04-04T11:05:13.635Z] [DB] INSERT log id=1139 node=11-03-1-2-01 proto=MQTT
[2026-04-04T11:05:23.624Z] [MQTT] DATA seq=124 node=11-03-1-2-01 V=6V I=-0.436A bat=0V clean=0
[2026-04-04T11:05:23.633Z] [DB] INSERT log id=1140 node=11-03-1-2-01 proto=MQTT
[2026-04-04T11:05:33.626Z] [MQTT] DATA seq=125 node=11-03-1-2-01 V=3V I=-0.383A bat=0V clean=0
[2026-04-04T11:05:33.635Z] [DB] INSERT log id=1141 node=11-03-1-2-01 proto=MQTT
[2026-04-04T11:05:43.625Z] [MQTT] DATA seq=126 node=11-03-1-2-01 V=6V I=-0.436A bat=0V clean=0
[2026-04-04T11:05:43.635Z] [DB] INSERT log id=1142 node=11-03-1-2-01 proto=MQTT
[2026-04-04T11:05:53.627Z] [MQTT] DATA seq=127 node=11-03-1-2-01 V=0V I=-0.33A bat=0V clean=0
[2026-04-04T11:05:53.637Z] [DB] INSERT log id=1143 node=11-03-1-2-01 proto=MQTT
[2026-04-04T11:06:03.626Z] [MQTT] DATA seq=128 node=11-03-1-2-01 V=6V I=-0.436A bat=0V clean=0
[2026-04-04T11:06:03.634Z] [DB] INSERT log id=1144 node=11-03-1-2-01 proto=MQTT
[2026-04-04T11:06:13.626Z] [MQTT] DATA seq=129 node=11-03-1-2-01 V=6V I=-0.436A bat=0V clean=0
[2026-04-04T11:06:13.633Z] [DB] INSERT log id=1145 node=11-03-1-2-01 proto=MQTT
[2026-04-04T11:06:23.627Z] [MQTT] DATA seq=130 node=11-03-1-2-01 V=4V I=-0.304A bat=0V clean=0
[2026-04-04T11:06:23.634Z] [DB] INSERT log id=1146 node=11-03-1-2-01 proto=MQTT
[2026-04-04T11:06:33.627Z] [MQTT] DATA seq=131 node=11-03-1-2-01 V=3V I=-0.383A bat=0V clean=0
[2026-04-04T11:06:33.638Z] [DB] INSERT log id=1147 node=11-03-1-2-01 proto=MQTT
[2026-04-04T11:06:43.628Z] [MQTT] DATA seq=132 node=11-03-1-2-01 V=0V I=-0.41A bat=0V clean=0
[2026-04-04T11:06:43.636Z] [DB] INSERT log id=1148 node=11-03-1-2-01 proto=MQTT
[2026-04-04T11:06:53.630Z] [MQTT] DATA seq=133 node=11-03-1-2-01 V=9V I=-0.489A bat=0V clean=0
[2026-04-04T11:06:53.641Z] [DB] INSERT log id=1149 node=11-03-1-2-01 proto=MQTT
[2026-04-04T11:07:03.628Z] [MQTT] DATA seq=134 node=11-03-1-2-01 V=2V I=-0.462A bat=0V clean=0
[2026-04-04T11:07:03.637Z] [DB] INSERT log id=1150 node=11-03-1-2-01 proto=MQTT
[2026-04-04T11:07:13.629Z] [MQTT] DATA seq=135 node=11-03-1-2-01 V=6V I=-0.436A bat=0V clean=0
[2026-04-04T11:07:13.639Z] [DB] INSERT log id=1151 node=11-03-1-2-01 proto=MQTT
[2026-04-04T11:07:23.628Z] [MQTT] DATA seq=136 node=11-03-1-2-01 V=7V I=-0.357A bat=0V clean=0
[2026-04-04T11:07:23.637Z] [DB] INSERT log id=1152 node=11-03-1-2-01 proto=MQTT
[2026-04-04T11:07:33.629Z] [MQTT] DATA seq=137 node=11-03-1-2-01 V=2V I=-0.462A bat=0V clean=0
[2026-04-04T11:07:33.638Z] [DB] INSERT log id=1153 node=11-03-1-2-01 proto=MQTT
[2026-04-04T11:07:43.628Z] [MQTT] DATA seq=138 node=11-03-1-2-01 V=4V I=-0.304A bat=0V clean=0
[2026-04-04T11:07:43.637Z] [DB] INSERT log id=1154 node=11-03-1-2-01 proto=MQTT
[2026-04-04T11:07:53.628Z] [MQTT] DATA seq=139 node=11-03-1-2-01 V=9V I=-0.489A bat=0V clean=0
[2026-04-04T11:07:53.637Z] [DB] INSERT log id=1155 node=11-03-1-2-01 proto=MQTT
[2026-04-04T11:08:03.629Z] [MQTT] DATA seq=140 node=11-03-1-2-01 V=3V I=-0.383A bat=0V clean=0
[2026-04-04T11:08:03.639Z] [DB] INSERT log id=1156 node=11-03-1-2-01 proto=MQTT
[2026-04-04T11:08:13.630Z] [MQTT] DATA seq=141 node=11-03-1-2-01 V=0V I=-0.41A bat=0V clean=0
[2026-04-04T11:08:13.638Z] [DB] INSERT log id=1157 node=11-03-1-2-01 proto=MQTT
[2026-04-04T11:08:23.628Z] [MQTT] DATA seq=142 node=11-03-1-2-01 V=7V I=-0.357A bat=0V clean=0
[2026-04-04T11:08:23.635Z] [DB] INSERT log id=1158 node=11-03-1-2-01 proto=MQTT
[2026-04-04T11:08:33.629Z] [MQTT] DATA seq=143 node=11-03-1-2-01 V=0V I=-0.41A bat=0V clean=0
[2026-04-04T11:08:33.639Z] [DB] INSERT log id=1159 node=11-03-1-2-01 proto=MQTT
[2026-04-04T11:08:43.629Z] [MQTT] DATA seq=144 node=11-03-1-2-01 V=6V I=-0.436A bat=0V clean=0
[2026-04-04T11:08:43.640Z] [DB] INSERT log id=1160 node=11-03-1-2-01 proto=MQTT
[2026-04-04T11:08:53.629Z] [MQTT] DATA seq=145 node=11-03-1-2-01 V=0V I=-0.41A bat=0V clean=0
[2026-04-04T11:08:53.635Z] [DB] INSERT log id=1161 node=11-03-1-2-01 proto=MQTT
[2026-04-04T11:09:03.627Z] [MQTT] DATA seq=146 node=11-03-1-2-01 V=2V I=-0.462A bat=0V clean=0
[2026-04-04T11:09:03.636Z] [DB] INSERT log id=1162 node=11-03-1-2-01 proto=MQTT
[2026-04-04T11:09:13.627Z] [MQTT] DATA seq=147 node=11-03-1-2-01 V=0V I=-0.41A bat=0V clean=0
[2026-04-04T11:09:13.636Z] [DB] INSERT log id=1163 node=11-03-1-2-01 proto=MQTT
[2026-04-04T11:09:25.927Z] [MQTT] Disconnected: PV_11-03-1-2-01
[2026-04-04T11:09:25.928Z] [MQTT] Connected: PV_11-03-1-2-01
[2026-04-04T11:09:26.431Z] [MQTT] TIME sync → cmd/11-03-1-2-01: TIME|19:09
[2026-04-04T11:09:33.856Z] [MQTT] DATA seq=1 node=11-03-1-2-01 V=6V I=-0.436A bat=0V clean=0
[2026-04-04T11:09:33.866Z] [DB] INSERT log id=1164 node=11-03-1-2-01 proto=MQTT
[2026-04-04T11:09:38.108Z] [SYSTEM] SIGINT — shutting down
[2026-04-04T11:09:39.773Z] [MQTT] Broker on port 1883
[2026-04-04T11:09:39.775Z] [TCP] Server on port 9000
[2026-04-04T11:09:39.776Z] [HTTP] API → http://localhost:3000
[2026-04-04T11:09:39.805Z] [DB] MySQL OK ✓
[2026-04-04T11:09:45.918Z] [MQTT] Connected: PV_11-03-1-2-01
[2026-04-04T11:09:46.426Z] [MQTT] TIME sync → cmd/11-03-1-2-01: TIME|260306190945
[2026-04-04T11:09:53.847Z] [MQTT] DATA seq=1 node=11-03-1-2-01 V=5V I=-0.515A bat=0V clean=0
[2026-04-04T11:09:53.866Z] [DB] INSERT log id=1165 node=11-03-1-2-01 proto=MQTT
[2026-04-04T11:10:03.847Z] [MQTT] DATA seq=2 node=11-03-1-2-01 V=3V I=-0.383A bat=0V clean=0
[2026-04-04T11:10:03.863Z] [DB] INSERT log id=1166 node=11-03-1-2-01 proto=MQTT
[2026-04-04T11:10:13.847Z] [MQTT] DATA seq=3 node=11-03-1-2-01 V=1V I=-0.251A bat=0V clean=0
[2026-04-04T11:10:13.858Z] [DB] INSERT log id=1167 node=11-03-1-2-01 proto=MQTT
[2026-04-04T11:10:23.847Z] [MQTT] DATA seq=4 node=11-03-1-2-01 V=2V I=-0.462A bat=0V clean=0
[2026-04-04T11:10:23.864Z] [DB] INSERT log id=1168 node=11-03-1-2-01 proto=MQTT
[2026-04-04T11:10:33.848Z] [MQTT] DATA seq=5 node=11-03-1-2-01 V=0V I=-0.41A bat=0V clean=0
[2026-04-04T11:10:33.857Z] [DB] INSERT log id=1169 node=11-03-1-2-01 proto=MQTT
[2026-04-04T11:10:43.855Z] [MQTT] DATA seq=6 node=11-03-1-2-01 V=7V I=-0.357A bat=0V clean=0
[2026-04-04T11:10:43.869Z] [DB] INSERT log id=1170 node=11-03-1-2-01 proto=MQTT
[2026-04-04T11:10:53.855Z] [MQTT] DATA seq=7 node=11-03-1-2-01 V=6V I=-0.436A bat=0V clean=0
[2026-04-04T11:10:53.864Z] [DB] INSERT log id=1171 node=11-03-1-2-01 proto=MQTT
[2026-04-04T11:11:03.854Z] [MQTT] DATA seq=8 node=11-03-1-2-01 V=0V I=-0.41A bat=0V clean=0
[2026-04-04T11:11:03.864Z] [DB] INSERT log id=1172 node=11-03-1-2-01 proto=MQTT
[2026-04-04T11:11:13.854Z] [MQTT] DATA seq=9 node=11-03-1-2-01 V=7V I=-0.357A bat=0V clean=0
[2026-04-04T11:11:13.865Z] [DB] INSERT log id=1173 node=11-03-1-2-01 proto=MQTT
[2026-04-04T11:11:16.357Z] [SYSTEM] SIGINT — shutting down
[2026-04-04T11:11:19.146Z] [MQTT] Broker on port 1883
[2026-04-04T11:11:19.149Z] [TCP] Server on port 9000
[2026-04-04T11:11:19.151Z] [HTTP] API → http://localhost:3000
[2026-04-04T11:11:19.180Z] [DB] MySQL OK ✓
[2026-04-04T11:11:21.358Z] [MQTT] Connected: PV_11-03-1-2-01
[2026-04-04T11:11:21.872Z] [MQTT] TIME sync → cmd/11-03-1-2-01: TIME|260306191121
[2026-04-04T11:11:23.980Z] [MQTT] Disconnected: PV_11-03-1-2-01
[2026-04-04T11:11:23.981Z] [MQTT] Connected: PV_11-03-1-2-01
[2026-04-04T11:11:24.493Z] [MQTT] TIME sync → cmd/11-03-1-2-01: TIME|260306191123
[2026-04-04T11:11:26.600Z] [MQTT] Disconnected: PV_11-03-1-2-01
[2026-04-04T11:11:26.803Z] [MQTT] Connected: PV_11-03-1-2-01
[2026-04-04T11:11:27.313Z] [MQTT] TIME sync → cmd/11-03-1-2-01: TIME|260306191126
[2026-04-04T11:11:29.420Z] [MQTT] Disconnected: PV_11-03-1-2-01
[2026-04-04T11:11:29.623Z] [MQTT] Connected: PV_11-03-1-2-01
[2026-04-04T11:11:30.134Z] [MQTT] TIME sync → cmd/11-03-1-2-01: TIME|260306191129
[2026-04-04T11:11:30.743Z] [SYSTEM] SIGINT — shutting down
[2026-04-04T11:11:37.325Z] [MQTT] DATA seq=1 node=11-03-1-2-01 V=6V I=-0.436A bat=0V clean=0
[2026-04-04T11:11:37.335Z] [DB] INSERT log id=1174 node=11-03-1-2-01 proto=MQTT
[2026-04-04T11:11:47.325Z] [MQTT] DATA seq=2 node=11-03-1-2-01 V=3V I=-0.383A bat=0V clean=0
[2026-04-04T11:11:47.336Z] [DB] INSERT log id=1175 node=11-03-1-2-01 proto=MQTT
[2026-04-04T11:13:17.403Z] [MQTT] Broker on port 1883
[2026-04-04T11:13:17.405Z] [TCP] Server on port 9000
[2026-04-04T11:13:17.405Z] [HTTP] API → http://localhost:3000
[2026-04-04T11:13:17.433Z] [DB] MySQL OK ✓
[2026-04-04T11:13:18.551Z] [MQTT] Connected: PV_11-03-1-2-01
[2026-04-04T11:13:18.569Z] [MQTT] DATA seq=3 node=11-03-1-2-01 V=0V I=-0.41A bat=0V clean=0
[2026-04-04T11:13:18.584Z] [DB] INSERT log id=1176 node=11-03-1-2-01 proto=MQTT
[2026-04-04T11:13:19.064Z] [MQTT] TIME sync → cmd/11-03-1-2-01: TIME|260404191318
[2026-04-04T11:13:28.568Z] [MQTT] DATA seq=4 node=11-03-1-2-01 V=0V I=-0.41A bat=0V clean=0
[2026-04-04T11:13:28.581Z] [DB] INSERT log id=1177 node=11-03-1-2-01 proto=MQTT
[2026-04-04T11:13:38.569Z] [MQTT] DATA seq=5 node=11-03-1-2-01 V=9V I=-0.489A bat=0V clean=0
[2026-04-04T11:13:38.578Z] [DB] INSERT log id=1178 node=11-03-1-2-01 proto=MQTT
[2026-04-04T11:13:48.567Z] [MQTT] DATA seq=6 node=11-03-1-2-01 V=4V I=-0.304A bat=0V clean=0
[2026-04-04T11:13:48.577Z] [DB] INSERT log id=1179 node=11-03-1-2-01 proto=MQTT
[2026-04-04T11:13:58.568Z] [MQTT] DATA seq=7 node=11-03-1-2-01 V=7V I=-0.357A bat=0V clean=0
[2026-04-04T11:13:58.578Z] [DB] INSERT log id=1180 node=11-03-1-2-01 proto=MQTT
[2026-04-04T11:14:08.568Z] [MQTT] DATA seq=8 node=11-03-1-2-01 V=6V I=-0.436A bat=0V clean=0
[2026-04-04T11:14:08.578Z] [DB] INSERT log id=1181 node=11-03-1-2-01 proto=MQTT
[2026-04-04T11:14:18.565Z] [MQTT] DATA seq=9 node=11-03-1-2-01 V=6V I=-0.436A bat=0V clean=0
[2026-04-04T11:14:18.575Z] [DB] INSERT log id=1182 node=11-03-1-2-01 proto=MQTT
[2026-04-04T11:14:28.566Z] [MQTT] DATA seq=10 node=11-03-1-2-01 V=5V I=-0.515A bat=0V clean=0
[2026-04-04T11:14:28.576Z] [DB] INSERT log id=1183 node=11-03-1-2-01 proto=MQTT
[2026-04-04T11:14:38.565Z] [MQTT] DATA seq=11 node=11-03-1-2-01 V=0V I=-0.41A bat=0V clean=0
[2026-04-04T11:14:38.577Z] [DB] INSERT log id=1184 node=11-03-1-2-01 proto=MQTT
[2026-04-04T11:14:48.566Z] [MQTT] DATA seq=12 node=11-03-1-2-01 V=0V I=-0.41A bat=0V clean=0
[2026-04-04T11:14:48.575Z] [DB] INSERT log id=1185 node=11-03-1-2-01 proto=MQTT
[2026-04-04T11:14:58.566Z] [MQTT] DATA seq=13 node=11-03-1-2-01 V=0V I=-0.41A bat=0V clean=0
[2026-04-04T11:14:58.575Z] [DB] INSERT log id=1186 node=11-03-1-2-01 proto=MQTT
[2026-04-04T11:15:08.566Z] [MQTT] DATA seq=14 node=11-03-1-2-01 V=2V I=-0.462A bat=0V clean=0
[2026-04-04T11:15:08.579Z] [DB] INSERT log id=1187 node=11-03-1-2-01 proto=MQTT
[2026-04-04T11:15:18.560Z] [MQTT] DATA seq=15 node=11-03-1-2-01 V=9V I=-0.489A bat=0V clean=0
[2026-04-04T11:15:18.571Z] [DB] INSERT log id=1188 node=11-03-1-2-01 proto=MQTT
[2026-04-04T11:15:28.561Z] [MQTT] DATA seq=16 node=11-03-1-2-01 V=0V I=-0.41A bat=0V clean=0
[2026-04-04T11:15:28.577Z] [DB] INSERT log id=1189 node=11-03-1-2-01 proto=MQTT
[2026-04-04T11:15:38.563Z] [MQTT] DATA seq=17 node=11-03-1-2-01 V=2V I=-0.462A bat=0V clean=0
[2026-04-04T11:15:38.580Z] [DB] INSERT log id=1190 node=11-03-1-2-01 proto=MQTT
[2026-04-04T11:15:48.561Z] [MQTT] DATA seq=18 node=11-03-1-2-01 V=2V I=-0.462A bat=0V clean=0
[2026-04-04T11:15:48.571Z] [DB] INSERT log id=1191 node=11-03-1-2-01 proto=MQTT
[2026-04-04T11:15:58.561Z] [MQTT] DATA seq=19 node=11-03-1-2-01 V=2V I=-0.462A bat=0V clean=0
[2026-04-04T11:15:58.571Z] [DB] INSERT log id=1192 node=11-03-1-2-01 proto=MQTT
[2026-04-04T11:16:08.561Z] [MQTT] DATA seq=20 node=11-03-1-2-01 V=7V I=-0.357A bat=0V clean=0
[2026-04-04T11:16:08.570Z] [DB] INSERT log id=1193 node=11-03-1-2-01 proto=MQTT
[2026-04-04T11:16:18.561Z] [MQTT] DATA seq=21 node=11-03-1-2-01 V=6V I=-0.436A bat=0V clean=0
[2026-04-04T11:16:18.570Z] [DB] INSERT log id=1194 node=11-03-1-2-01 proto=MQTT
[2026-04-04T11:16:28.561Z] [MQTT] DATA seq=22 node=11-03-1-2-01 V=9V I=-0.489A bat=0V clean=0
[2026-04-04T11:16:28.570Z] [DB] INSERT log id=1195 node=11-03-1-2-01 proto=MQTT
[2026-04-04T11:16:38.560Z] [MQTT] DATA seq=23 node=11-03-1-2-01 V=5V I=-0.515A bat=0V clean=0
[2026-04-04T11:16:38.570Z] [DB] INSERT log id=1196 node=11-03-1-2-01 proto=MQTT
[2026-04-04T11:16:48.562Z] [MQTT] DATA seq=24 node=11-03-1-2-01 V=7V I=-0.357A bat=0V clean=0
[2026-04-04T11:16:48.571Z] [DB] INSERT log id=1197 node=11-03-1-2-01 proto=MQTT
[2026-04-04T11:16:58.561Z] [MQTT] DATA seq=25 node=11-03-1-2-01 V=3V I=-0.383A bat=0V clean=0
[2026-04-04T11:16:58.572Z] [DB] INSERT log id=1198 node=11-03-1-2-01 proto=MQTT
[2026-04-04T11:17:08.563Z] [MQTT] DATA seq=26 node=11-03-1-2-01 V=0V I=-0.33A bat=0V clean=0
[2026-04-04T11:17:08.573Z] [DB] INSERT log id=1199 node=11-03-1-2-01 proto=MQTT
[2026-04-04T11:17:18.564Z] [MQTT] DATA seq=27 node=11-03-1-2-01 V=3V I=-0.383A bat=0V clean=0
[2026-04-04T11:17:18.574Z] [DB] INSERT log id=1200 node=11-03-1-2-01 proto=MQTT
[2026-04-04T11:17:28.565Z] [MQTT] DATA seq=28 node=11-03-1-2-01 V=3V I=-0.383A bat=0V clean=0
[2026-04-04T11:17:28.574Z] [DB] INSERT log id=1201 node=11-03-1-2-01 proto=MQTT
[2026-04-04T11:17:38.565Z] [MQTT] DATA seq=29 node=11-03-1-2-01 V=2V I=-0.462A bat=0V clean=0
[2026-04-04T11:17:38.574Z] [DB] INSERT log id=1202 node=11-03-1-2-01 proto=MQTT
[2026-04-04T11:17:48.565Z] [MQTT] DATA seq=30 node=11-03-1-2-01 V=3V I=-0.383A bat=0V clean=0
[2026-04-04T11:17:48.574Z] [DB] INSERT log id=1203 node=11-03-1-2-01 proto=MQTT
[2026-04-04T11:17:58.565Z] [MQTT] DATA seq=31 node=11-03-1-2-01 V=0V I=-0.41A bat=0V clean=0
[2026-04-04T11:17:58.575Z] [DB] INSERT log id=1204 node=11-03-1-2-01 proto=MQTT
[2026-04-04T11:18:08.566Z] [MQTT] DATA seq=32 node=11-03-1-2-01 V=7V I=-0.357A bat=0V clean=0
[2026-04-04T11:18:08.576Z] [DB] INSERT log id=1205 node=11-03-1-2-01 proto=MQTT
[2026-04-04T11:18:18.569Z] [MQTT] DATA seq=33 node=11-03-1-2-01 V=0V I=-0.41A bat=0V clean=0
[2026-04-04T11:18:18.580Z] [DB] INSERT log id=1206 node=11-03-1-2-01 proto=MQTT
[2026-04-04T11:18:28.569Z] [MQTT] DATA seq=34 node=11-03-1-2-01 V=7V I=-0.357A bat=0V clean=0
[2026-04-04T11:18:28.582Z] [DB] INSERT log id=1207 node=11-03-1-2-01 proto=MQTT
[2026-04-04T11:18:38.568Z] [MQTT] DATA seq=35 node=11-03-1-2-01 V=3V I=-0.383A bat=0V clean=0
[2026-04-04T11:18:38.577Z] [DB] INSERT log id=1208 node=11-03-1-2-01 proto=MQTT
[2026-04-04T11:18:48.568Z] [MQTT] DATA seq=36 node=11-03-1-2-01 V=0V I=-0.41A bat=0V clean=0
[2026-04-04T11:18:48.577Z] [DB] INSERT log id=1209 node=11-03-1-2-01 proto=MQTT
[2026-04-04T11:18:58.569Z] [MQTT] DATA seq=37 node=11-03-1-2-01 V=6V I=-0.436A bat=0V clean=0
[2026-04-04T11:18:58.578Z] [DB] INSERT log id=1210 node=11-03-1-2-01 proto=MQTT
[2026-04-04T11:19:08.568Z] [MQTT] DATA seq=38 node=11-03-1-2-01 V=0V I=-0.41A bat=0V clean=0
[2026-04-04T11:19:08.577Z] [DB] INSERT log id=1211 node=11-03-1-2-01 proto=MQTT
[2026-04-04T11:19:18.568Z] [MQTT] DATA seq=39 node=11-03-1-2-01 V=0V I=-0.33A bat=0V clean=0
[2026-04-04T11:19:18.580Z] [DB] INSERT log id=1212 node=11-03-1-2-01 proto=MQTT
[2026-04-04T11:19:28.571Z] [MQTT] DATA seq=40 node=11-03-1-2-01 V=7V I=-0.277A bat=0V clean=0
[2026-04-04T11:19:28.579Z] [DB] INSERT log id=1213 node=11-03-1-2-01 proto=MQTT
[2026-04-04T11:19:38.571Z] [MQTT] DATA seq=41 node=11-03-1-2-01 V=0V I=-0.33A bat=0V clean=0
[2026-04-04T11:19:38.580Z] [DB] INSERT log id=1214 node=11-03-1-2-01 proto=MQTT
[2026-04-04T11:19:48.572Z] [MQTT] DATA seq=42 node=11-03-1-2-01 V=5V I=-0.515A bat=0V clean=0
[2026-04-04T11:19:48.581Z] [DB] INSERT log id=1215 node=11-03-1-2-01 proto=MQTT
[2026-04-04T11:19:58.570Z] [MQTT] DATA seq=43 node=11-03-1-2-01 V=2V I=-0.462A bat=0V clean=0
[2026-04-04T11:19:58.579Z] [DB] INSERT log id=1216 node=11-03-1-2-01 proto=MQTT
[2026-04-04T11:20:08.572Z] [MQTT] DATA seq=44 node=11-03-1-2-01 V=0V I=-0.41A bat=0V clean=0
[2026-04-04T11:20:08.580Z] [DB] INSERT log id=1217 node=11-03-1-2-01 proto=MQTT
[2026-04-04T11:20:18.571Z] [MQTT] DATA seq=45 node=11-03-1-2-01 V=0V I=-0.41A bat=0V clean=0
[2026-04-04T11:20:18.581Z] [DB] INSERT log id=1218 node=11-03-1-2-01 proto=MQTT
[2026-04-04T11:20:28.572Z] [MQTT] DATA seq=46 node=11-03-1-2-01 V=7V I=-0.357A bat=0V clean=0
[2026-04-04T11:20:28.583Z] [DB] INSERT log id=1219 node=11-03-1-2-01 proto=MQTT
[2026-04-04T11:20:38.571Z] [MQTT] DATA seq=47 node=11-03-1-2-01 V=2V I=-0.542A bat=0V clean=0
[2026-04-04T11:20:38.581Z] [DB] INSERT log id=1220 node=11-03-1-2-01 proto=MQTT
[2026-04-04T11:20:48.572Z] [MQTT] DATA seq=48 node=11-03-1-2-01 V=7V I=-0.357A bat=0V clean=0
[2026-04-04T11:20:48.583Z] [DB] INSERT log id=1221 node=11-03-1-2-01 proto=MQTT
[2026-04-04T11:20:58.571Z] [MQTT] DATA seq=49 node=11-03-1-2-01 V=7V I=-0.357A bat=0V clean=0
[2026-04-04T11:20:58.580Z] [DB] INSERT log id=1222 node=11-03-1-2-01 proto=MQTT
[2026-04-04T11:21:08.572Z] [MQTT] DATA seq=50 node=11-03-1-2-01 V=0V I=-0.33A bat=0V clean=0
[2026-04-04T11:21:08.582Z] [DB] INSERT log id=1223 node=11-03-1-2-01 proto=MQTT
[2026-04-04T11:21:18.571Z] [MQTT] DATA seq=51 node=11-03-1-2-01 V=0V I=-0.33A bat=0V clean=0
[2026-04-04T11:21:18.581Z] [DB] INSERT log id=1224 node=11-03-1-2-01 proto=MQTT
[2026-04-04T11:21:28.571Z] [MQTT] DATA seq=52 node=11-03-1-2-01 V=3V I=-0.383A bat=0V clean=0
[2026-04-04T11:21:28.581Z] [DB] INSERT log id=1225 node=11-03-1-2-01 proto=MQTT
[2026-04-04T11:21:38.572Z] [MQTT] DATA seq=53 node=11-03-1-2-01 V=3V I=-0.383A bat=0V clean=0
[2026-04-04T11:21:38.582Z] [DB] INSERT log id=1226 node=11-03-1-2-01 proto=MQTT
[2026-04-04T11:21:48.572Z] [MQTT] DATA seq=54 node=11-03-1-2-01 V=0V I=-0.41A bat=0V clean=0
[2026-04-04T11:21:48.581Z] [DB] INSERT log id=1227 node=11-03-1-2-01 proto=MQTT
[2026-04-04T11:21:58.572Z] [MQTT] DATA seq=55 node=11-03-1-2-01 V=0V I=-0.41A bat=0V clean=0
[2026-04-04T11:21:58.582Z] [DB] INSERT log id=1228 node=11-03-1-2-01 proto=MQTT
[2026-04-04T11:22:08.573Z] [MQTT] DATA seq=56 node=11-03-1-2-01 V=6V I=-0.436A bat=0V clean=0
[2026-04-04T11:22:08.583Z] [DB] INSERT log id=1229 node=11-03-1-2-01 proto=MQTT
[2026-04-04T11:22:18.574Z] [MQTT] DATA seq=57 node=11-03-1-2-01 V=0V I=-0.41A bat=0V clean=0
[2026-04-04T11:22:18.584Z] [DB] INSERT log id=1230 node=11-03-1-2-01 proto=MQTT
[2026-04-04T11:22:28.574Z] [MQTT] DATA seq=58 node=11-03-1-2-01 V=2V I=-0.462A bat=0V clean=0
[2026-04-04T11:22:28.586Z] [DB] INSERT log id=1231 node=11-03-1-2-01 proto=MQTT
[2026-04-04T11:22:38.574Z] [MQTT] DATA seq=59 node=11-03-1-2-01 V=0V I=-0.33A bat=0V clean=0
[2026-04-04T11:22:38.585Z] [DB] INSERT log id=1232 node=11-03-1-2-01 proto=MQTT
[2026-04-04T11:22:48.574Z] [MQTT] DATA seq=60 node=11-03-1-2-01 V=3V I=-0.383A bat=0V clean=0
[2026-04-04T11:22:48.584Z] [DB] INSERT log id=1233 node=11-03-1-2-01 proto=MQTT
[2026-04-04T11:22:58.573Z] [MQTT] DATA seq=61 node=11-03-1-2-01 V=3V I=-0.383A bat=0V clean=0
[2026-04-04T11:22:58.584Z] [DB] INSERT log id=1234 node=11-03-1-2-01 proto=MQTT
[2026-04-04T11:23:08.573Z] [MQTT] DATA seq=62 node=11-03-1-2-01 V=2V I=-0.462A bat=0V clean=0
[2026-04-04T11:23:08.583Z] [DB] INSERT log id=1235 node=11-03-1-2-01 proto=MQTT
[2026-04-04T11:23:18.574Z] [MQTT] DATA seq=63 node=11-03-1-2-01 V=4V I=-0.304A bat=0V clean=0
[2026-04-04T11:23:18.582Z] [DB] INSERT log id=1236 node=11-03-1-2-01 proto=MQTT
[2026-04-04T11:23:28.571Z] [MQTT] DATA seq=64 node=11-03-1-2-01 V=7V I=-0.357A bat=0V clean=0
[2026-04-04T11:23:28.581Z] [DB] INSERT log id=1237 node=11-03-1-2-01 proto=MQTT
[2026-04-04T11:23:38.572Z] [MQTT] DATA seq=65 node=11-03-1-2-01 V=6V I=-0.436A bat=0V clean=0
[2026-04-04T11:23:38.581Z] [DB] INSERT log id=1238 node=11-03-1-2-01 proto=MQTT
[2026-04-04T11:23:48.571Z] [MQTT] DATA seq=66 node=11-03-1-2-01 V=0V I=-0.33A bat=0V clean=0
[2026-04-04T11:23:48.580Z] [DB] INSERT log id=1239 node=11-03-1-2-01 proto=MQTT
[2026-04-04T11:23:58.571Z] [MQTT] DATA seq=67 node=11-03-1-2-01 V=6V I=-0.436A bat=0V clean=0
[2026-04-04T11:23:58.583Z] [DB] INSERT log id=1240 node=11-03-1-2-01 proto=MQTT
[2026-04-04T11:24:08.571Z] [MQTT] DATA seq=68 node=11-03-1-2-01 V=0V I=-0.41A bat=0V clean=0
[2026-04-04T11:24:08.581Z] [DB] INSERT log id=1241 node=11-03-1-2-01 proto=MQTT
[2026-04-04T11:24:18.572Z] [MQTT] DATA seq=69 node=11-03-1-2-01 V=6V I=-0.436A bat=0V clean=0
[2026-04-04T11:24:18.571Z] [DB] INSERT log id=1242 node=11-03-1-2-01 proto=MQTT
[2026-04-04T11:24:28.560Z] [MQTT] DATA seq=70 node=11-03-1-2-01 V=0V I=-0.41A bat=0V clean=0
[2026-04-04T11:24:28.572Z] [DB] INSERT log id=1243 node=11-03-1-2-01 proto=MQTT
[2026-04-04T11:24:38.561Z] [MQTT] DATA seq=71 node=11-03-1-2-01 V=0V I=-0.41A bat=0V clean=0
[2026-04-04T11:24:38.571Z] [DB] INSERT log id=1244 node=11-03-1-2-01 proto=MQTT
[2026-04-04T11:24:48.560Z] [MQTT] DATA seq=72 node=11-03-1-2-01 V=3V I=-0.383A bat=0V clean=0
[2026-04-04T11:24:48.572Z] [DB] INSERT log id=1245 node=11-03-1-2-01 proto=MQTT
[2026-04-04T11:24:58.561Z] [MQTT] DATA seq=73 node=11-03-1-2-01 V=5V I=-0.515A bat=0V clean=0
[2026-04-04T11:24:58.570Z] [DB] INSERT log id=1246 node=11-03-1-2-01 proto=MQTT
[2026-04-04T11:25:08.561Z] [MQTT] DATA seq=74 node=11-03-1-2-01 V=3V I=-0.383A bat=0V clean=0
[2026-04-04T11:25:08.572Z] [DB] INSERT log id=1247 node=11-03-1-2-01 proto=MQTT
[2026-04-04T11:25:18.561Z] [MQTT] DATA seq=75 node=11-03-1-2-01 V=3V I=-0.383A bat=0V clean=0
[2026-04-04T11:25:18.583Z] [DB] INSERT log id=1248 node=11-03-1-2-01 proto=MQTT
[2026-04-04T11:25:28.575Z] [MQTT] DATA seq=76 node=11-03-1-2-01 V=0V I=-0.41A bat=0V clean=0
[2026-04-04T11:25:28.585Z] [DB] INSERT log id=1249 node=11-03-1-2-01 proto=MQTT
[2026-04-04T11:25:38.574Z] [MQTT] DATA seq=77 node=11-03-1-2-01 V=3V I=-0.383A bat=0V clean=0
[2026-04-04T11:25:38.584Z] [DB] INSERT log id=1250 node=11-03-1-2-01 proto=MQTT
[2026-04-04T11:25:48.574Z] [MQTT] DATA seq=78 node=11-03-1-2-01 V=3V I=-0.383A bat=0V clean=0
[2026-04-04T11:25:48.583Z] [DB] INSERT log id=1251 node=11-03-1-2-01 proto=MQTT
[2026-04-04T11:25:58.574Z] [MQTT] DATA seq=79 node=11-03-1-2-01 V=3V I=-0.383A bat=0V clean=0
[2026-04-04T11:25:58.583Z] [DB] INSERT log id=1252 node=11-03-1-2-01 proto=MQTT
[2026-04-04T11:26:08.573Z] [MQTT] DATA seq=80 node=11-03-1-2-01 V=6V I=-0.436A bat=0V clean=0
[2026-04-04T11:26:08.583Z] [DB] INSERT log id=1253 node=11-03-1-2-01 proto=MQTT
[2026-04-04T11:26:18.574Z] [MQTT] DATA seq=81 node=11-03-1-2-01 V=6V I=-0.436A bat=0V clean=0
[2026-04-04T11:26:18.583Z] [DB] INSERT log id=1254 node=11-03-1-2-01 proto=MQTT
[2026-04-04T11:26:28.573Z] [MQTT] DATA seq=82 node=11-03-1-2-01 V=0V I=-0.41A bat=0V clean=0
[2026-04-04T11:26:28.582Z] [DB] INSERT log id=1255 node=11-03-1-2-01 proto=MQTT
[2026-04-04T11:26:38.572Z] [MQTT] DATA seq=83 node=11-03-1-2-01 V=0V I=-0.41A bat=0V clean=0
[2026-04-04T11:26:38.581Z] [DB] INSERT log id=1256 node=11-03-1-2-01 proto=MQTT
[2026-04-04T11:26:48.573Z] [MQTT] DATA seq=84 node=11-03-1-2-01 V=0V I=-0.41A bat=0V clean=0
[2026-04-04T11:26:48.583Z] [DB] INSERT log id=1257 node=11-03-1-2-01 proto=MQTT
[2026-04-04T11:26:58.574Z] [MQTT] DATA seq=85 node=11-03-1-2-01 V=2V I=-0.462A bat=0V clean=0
[2026-04-04T11:26:58.583Z] [DB] INSERT log id=1258 node=11-03-1-2-01 proto=MQTT
[2026-04-04T11:27:08.573Z] [MQTT] DATA seq=86 node=11-03-1-2-01 V=0V I=-0.41A bat=0V clean=0
[2026-04-04T11:27:08.582Z] [DB] INSERT log id=1259 node=11-03-1-2-01 proto=MQTT
[2026-04-04T11:27:18.573Z] [MQTT] DATA seq=87 node=11-03-1-2-01 V=3V I=-0.383A bat=0V clean=0
[2026-04-04T11:27:18.583Z] [DB] INSERT log id=1260 node=11-03-1-2-01 proto=MQTT
[2026-04-04T11:27:28.573Z] [MQTT] DATA seq=88 node=11-03-1-2-01 V=0V I=-0.41A bat=0V clean=0
[2026-04-04T11:27:28.582Z] [DB] INSERT log id=1261 node=11-03-1-2-01 proto=MQTT
[2026-04-04T11:27:38.574Z] [MQTT] DATA seq=89 node=11-03-1-2-01 V=7V I=-0.357A bat=0V clean=0
[2026-04-04T11:27:38.583Z] [DB] INSERT log id=1262 node=11-03-1-2-01 proto=MQTT
[2026-04-04T11:27:48.575Z] [MQTT] DATA seq=90 node=11-03-1-2-01 V=0V I=-0.41A bat=0V clean=0
[2026-04-04T11:27:48.585Z] [DB] INSERT log id=1263 node=11-03-1-2-01 proto=MQTT
[2026-04-04T11:27:58.574Z] [MQTT] DATA seq=91 node=11-03-1-2-01 V=2V I=-0.462A bat=0V clean=0
[2026-04-04T11:27:58.584Z] [DB] INSERT log id=1264 node=11-03-1-2-01 proto=MQTT
[2026-04-04T11:28:08.574Z] [MQTT] DATA seq=92 node=11-03-1-2-01 V=2V I=-0.462A bat=0V clean=0
[2026-04-04T11:28:08.583Z] [DB] INSERT log id=1265 node=11-03-1-2-01 proto=MQTT
[2026-04-04T11:28:18.574Z] [MQTT] DATA seq=93 node=11-03-1-2-01 V=0V I=-0.41A bat=0V clean=0
[2026-04-04T11:28:18.585Z] [DB] INSERT log id=1266 node=11-03-1-2-01 proto=MQTT
[2026-04-04T11:28:28.575Z] [MQTT] DATA seq=94 node=11-03-1-2-01 V=4V I=-0.304A bat=0V clean=0
[2026-04-04T11:28:28.585Z] [DB] INSERT log id=1267 node=11-03-1-2-01 proto=MQTT
[2026-04-04T11:28:38.575Z] [MQTT] DATA seq=95 node=11-03-1-2-01 V=3V I=-0.383A bat=0V clean=0
[2026-04-04T11:28:38.584Z] [DB] INSERT log id=1268 node=11-03-1-2-01 proto=MQTT
[2026-04-04T11:28:48.575Z] [MQTT] DATA seq=96 node=11-03-1-2-01 V=0V I=-0.41A bat=0V clean=0
[2026-04-04T11:28:48.584Z] [DB] INSERT log id=1269 node=11-03-1-2-01 proto=MQTT
[2026-04-04T11:28:58.575Z] [MQTT] DATA seq=97 node=11-03-1-2-01 V=4V I=-0.304A bat=0V clean=0
[2026-04-04T11:28:58.585Z] [DB] INSERT log id=1270 node=11-03-1-2-01 proto=MQTT
[2026-04-04T11:29:08.575Z] [MQTT] DATA seq=98 node=11-03-1-2-01 V=2V I=-0.462A bat=0V clean=0
[2026-04-04T11:29:08.584Z] [DB] INSERT log id=1271 node=11-03-1-2-01 proto=MQTT
[2026-04-04T11:29:18.575Z] [MQTT] DATA seq=99 node=11-03-1-2-01 V=7V I=-0.357A bat=0V clean=0
[2026-04-04T11:29:18.585Z] [DB] INSERT log id=1272 node=11-03-1-2-01 proto=MQTT
[2026-04-04T11:29:28.575Z] [MQTT] DATA seq=100 node=11-03-1-2-01 V=0V I=-0.41A bat=0V clean=0
[2026-04-04T11:29:28.585Z] [DB] INSERT log id=1273 node=11-03-1-2-01 proto=MQTT
[2026-04-04T11:29:38.574Z] [MQTT] DATA seq=101 node=11-03-1-2-01 V=0V I=-0.33A bat=0V clean=0
[2026-04-04T11:29:38.584Z] [DB] INSERT log id=1274 node=11-03-1-2-01 proto=MQTT
[2026-04-04T11:29:48.574Z] [MQTT] DATA seq=102 node=11-03-1-2-01 V=3V I=-0.383A bat=0V clean=0
[2026-04-04T11:29:48.584Z] [DB] INSERT log id=1275 node=11-03-1-2-01 proto=MQTT
[2026-04-04T11:29:58.576Z] [MQTT] DATA seq=103 node=11-03-1-2-01 V=7V I=-0.357A bat=0V clean=0
[2026-04-04T11:29:58.586Z] [DB] INSERT log id=1276 node=11-03-1-2-01 proto=MQTT
[2026-04-04T11:30:08.575Z] [MQTT] DATA seq=104 node=11-03-1-2-01 V=7V I=-0.357A bat=0V clean=0
[2026-04-04T11:30:08.585Z] [DB] INSERT log id=1277 node=11-03-1-2-01 proto=MQTT
[2026-04-04T11:30:18.576Z] [MQTT] DATA seq=105 node=11-03-1-2-01 V=7V I=-0.357A bat=0V clean=0
[2026-04-04T11:30:18.586Z] [DB] INSERT log id=1278 node=11-03-1-2-01 proto=MQTT
[2026-04-04T11:30:28.577Z] [MQTT] DATA seq=106 node=11-03-1-2-01 V=6V I=-0.436A bat=0V clean=0
[2026-04-04T11:30:28.588Z] [DB] INSERT log id=1279 node=11-03-1-2-01 proto=MQTT
[2026-04-04T11:30:38.577Z] [MQTT] DATA seq=107 node=11-03-1-2-01 V=0V I=-0.41A bat=0V clean=0
[2026-04-04T11:30:38.587Z] [DB] INSERT log id=1280 node=11-03-1-2-01 proto=MQTT
[2026-04-04T11:30:48.576Z] [MQTT] DATA seq=108 node=11-03-1-2-01 V=0V I=-0.41A bat=0V clean=0
[2026-04-04T11:30:48.586Z] [DB] INSERT log id=1281 node=11-03-1-2-01 proto=MQTT
[2026-04-04T11:30:58.577Z] [MQTT] DATA seq=109 node=11-03-1-2-01 V=0V I=-0.41A bat=0V clean=0
[2026-04-04T11:30:58.587Z] [DB] INSERT log id=1282 node=11-03-1-2-01 proto=MQTT
[2026-04-04T11:31:08.576Z] [MQTT] DATA seq=110 node=11-03-1-2-01 V=7V I=-0.357A bat=0V clean=0
[2026-04-04T11:31:08.587Z] [DB] INSERT log id=1283 node=11-03-1-2-01 proto=MQTT
[2026-04-04T11:31:18.577Z] [MQTT] DATA seq=111 node=11-03-1-2-01 V=9V I=-0.489A bat=0V clean=0
[2026-04-04T11:31:18.589Z] [DB] INSERT log id=1284 node=11-03-1-2-01 proto=MQTT
[2026-04-04T11:31:28.578Z] [MQTT] DATA seq=112 node=11-03-1-2-01 V=0V I=-0.33A bat=0V clean=0
[2026-04-04T11:31:28.590Z] [DB] INSERT log id=1285 node=11-03-1-2-01 proto=MQTT
[2026-04-04T11:31:38.579Z] [MQTT] DATA seq=113 node=11-03-1-2-01 V=4V I=-0.304A bat=0V clean=0
[2026-04-04T11:31:38.590Z] [DB] INSERT log id=1286 node=11-03-1-2-01 proto=MQTT
[2026-04-04T11:31:48.578Z] [MQTT] DATA seq=114 node=11-03-1-2-01 V=7V I=-0.357A bat=0V clean=0
[2026-04-04T11:31:48.587Z] [DB] INSERT log id=1287 node=11-03-1-2-01 proto=MQTT
[2026-04-04T11:31:58.578Z] [MQTT] DATA seq=115 node=11-03-1-2-01 V=7V I=-0.277A bat=0V clean=0
[2026-04-04T11:31:58.589Z] [DB] INSERT log id=1288 node=11-03-1-2-01 proto=MQTT
[2026-04-04T11:32:08.579Z] [MQTT] DATA seq=116 node=11-03-1-2-01 V=5V I=-0.515A bat=0V clean=0
[2026-04-04T11:32:08.589Z] [DB] INSERT log id=1289 node=11-03-1-2-01 proto=MQTT
[2026-04-04T11:32:18.578Z] [MQTT] DATA seq=117 node=11-03-1-2-01 V=0V I=-0.33A bat=0V clean=0
[2026-04-04T11:32:18.589Z] [DB] INSERT log id=1290 node=11-03-1-2-01 proto=MQTT
[2026-04-04T11:32:28.579Z] [MQTT] DATA seq=118 node=11-03-1-2-01 V=6V I=-0.436A bat=0V clean=0
[2026-04-04T11:32:28.590Z] [DB] INSERT log id=1291 node=11-03-1-2-01 proto=MQTT
[2026-04-04T11:32:38.580Z] [MQTT] DATA seq=119 node=11-03-1-2-01 V=7V I=-0.357A bat=0V clean=0
[2026-04-04T11:32:38.591Z] [DB] INSERT log id=1292 node=11-03-1-2-01 proto=MQTT
[2026-04-04T11:32:48.579Z] [MQTT] DATA seq=120 node=11-03-1-2-01 V=4V I=-0.304A bat=0V clean=0
[2026-04-04T11:32:48.588Z] [DB] INSERT log id=1293 node=11-03-1-2-01 proto=MQTT
[2026-04-04T11:32:58.579Z] [MQTT] DATA seq=121 node=11-03-1-2-01 V=6V I=-0.436A bat=0V clean=0
[2026-04-04T11:32:58.589Z] [DB] INSERT log id=1294 node=11-03-1-2-01 proto=MQTT
[2026-04-04T11:33:08.580Z] [MQTT] DATA seq=122 node=11-03-1-2-01 V=0V I=-0.41A bat=0V clean=0
[2026-04-04T11:33:08.590Z] [DB] INSERT log id=1295 node=11-03-1-2-01 proto=MQTT
[2026-04-04T11:33:18.579Z] [MQTT] DATA seq=123 node=11-03-1-2-01 V=6V I=-0.436A bat=0V clean=0
[2026-04-04T11:33:18.589Z] [DB] INSERT log id=1296 node=11-03-1-2-01 proto=MQTT
[2026-04-04T11:33:28.580Z] [MQTT] DATA seq=124 node=11-03-1-2-01 V=6V I=-0.436A bat=0V clean=0
[2026-04-04T11:33:28.589Z] [DB] INSERT log id=1297 node=11-03-1-2-01 proto=MQTT
[2026-04-04T11:33:38.580Z] [MQTT] DATA seq=125 node=11-03-1-2-01 V=0V I=-0.41A bat=0V clean=0
[2026-04-04T11:33:38.590Z] [DB] INSERT log id=1298 node=11-03-1-2-01 proto=MQTT
[2026-04-04T11:33:48.581Z] [MQTT] DATA seq=126 node=11-03-1-2-01 V=6V I=-0.436A bat=0V clean=0
[2026-04-04T11:33:48.591Z] [DB] INSERT log id=1299 node=11-03-1-2-01 proto=MQTT
[2026-04-04T11:33:58.581Z] [MQTT] DATA seq=127 node=11-03-1-2-01 V=3V I=-0.383A bat=0V clean=0
[2026-04-04T11:33:58.590Z] [DB] INSERT log id=1300 node=11-03-1-2-01 proto=MQTT
[2026-04-04T11:34:08.581Z] [MQTT] DATA seq=128 node=11-03-1-2-01 V=6V I=-0.436A bat=0V clean=0
[2026-04-04T11:34:08.590Z] [DB] INSERT log id=1301 node=11-03-1-2-01 proto=MQTT
[2026-04-04T11:34:18.581Z] [MQTT] DATA seq=129 node=11-03-1-2-01 V=3V I=-0.383A bat=0V clean=0
[2026-04-04T11:34:18.588Z] [DB] INSERT log id=1302 node=11-03-1-2-01 proto=MQTT
[2026-04-04T11:34:28.577Z] [MQTT] DATA seq=130 node=11-03-1-2-01 V=3V I=-0.383A bat=0V clean=0
[2026-04-04T11:34:28.586Z] [DB] INSERT log id=1303 node=11-03-1-2-01 proto=MQTT
[2026-04-04T11:34:38.578Z] [MQTT] DATA seq=131 node=11-03-1-2-01 V=7V I=-0.357A bat=0V clean=0
[2026-04-04T11:34:38.588Z] [DB] INSERT log id=1304 node=11-03-1-2-01 proto=MQTT
[2026-04-04T11:34:48.578Z] [MQTT] DATA seq=132 node=11-03-1-2-01 V=4V I=-0.304A bat=0V clean=0
[2026-04-04T11:34:48.587Z] [DB] INSERT log id=1305 node=11-03-1-2-01 proto=MQTT
[2026-04-04T11:34:58.578Z] [MQTT] DATA seq=133 node=11-03-1-2-01 V=2V I=-0.462A bat=0V clean=0
[2026-04-04T11:34:58.588Z] [DB] INSERT log id=1306 node=11-03-1-2-01 proto=MQTT
[2026-04-04T11:35:08.579Z] [MQTT] DATA seq=134 node=11-03-1-2-01 V=6V I=-0.436A bat=0V clean=0
[2026-04-04T11:35:08.589Z] [DB] INSERT log id=1307 node=11-03-1-2-01 proto=MQTT
[2026-04-04T11:35:18.579Z] [MQTT] DATA seq=135 node=11-03-1-2-01 V=0V I=-0.41A bat=0V clean=0
[2026-04-04T11:35:18.590Z] [DB] INSERT log id=1308 node=11-03-1-2-01 proto=MQTT
[2026-04-04T11:35:28.580Z] [MQTT] DATA seq=136 node=11-03-1-2-01 V=3V I=-0.383A bat=0V clean=0
[2026-04-04T11:35:28.590Z] [DB] INSERT log id=1309 node=11-03-1-2-01 proto=MQTT
[2026-04-04T11:35:38.580Z] [MQTT] DATA seq=137 node=11-03-1-2-01 V=7V I=-0.357A bat=0V clean=0
[2026-04-04T11:35:38.590Z] [DB] INSERT log id=1310 node=11-03-1-2-01 proto=MQTT
[2026-04-04T11:35:48.579Z] [MQTT] DATA seq=138 node=11-03-1-2-01 V=3V I=-0.383A bat=0V clean=0
[2026-04-04T11:35:48.588Z] [DB] INSERT log id=1311 node=11-03-1-2-01 proto=MQTT
[2026-04-04T11:35:58.579Z] [MQTT] DATA seq=139 node=11-03-1-2-01 V=6V I=-0.436A bat=0V clean=0
[2026-04-04T11:35:58.588Z] [DB] INSERT log id=1312 node=11-03-1-2-01 proto=MQTT
[2026-04-04T11:36:08.581Z] [MQTT] DATA seq=140 node=11-03-1-2-01 V=7V I=-0.357A bat=0V clean=0
[2026-04-04T11:36:08.591Z] [DB] INSERT log id=1313 node=11-03-1-2-01 proto=MQTT
[2026-04-04T11:36:18.580Z] [MQTT] DATA seq=141 node=11-03-1-2-01 V=7V I=-0.357A bat=0V clean=0
[2026-04-04T11:36:18.593Z] [DB] INSERT log id=1314 node=11-03-1-2-01 proto=MQTT
[2026-04-04T11:36:28.584Z] [MQTT] DATA seq=142 node=11-03-1-2-01 V=6V I=-0.436A bat=0V clean=0
[2026-04-04T11:36:28.594Z] [DB] INSERT log id=1315 node=11-03-1-2-01 proto=MQTT
[2026-04-04T11:36:38.584Z] [MQTT] DATA seq=143 node=11-03-1-2-01 V=7V I=-0.357A bat=0V clean=0
[2026-04-04T11:36:38.594Z] [DB] INSERT log id=1316 node=11-03-1-2-01 proto=MQTT
[2026-04-04T11:36:48.583Z] [MQTT] DATA seq=144 node=11-03-1-2-01 V=3V I=-0.383A bat=0V clean=0
[2026-04-04T11:36:48.592Z] [DB] INSERT log id=1317 node=11-03-1-2-01 proto=MQTT
[2026-04-04T11:36:58.584Z] [MQTT] DATA seq=145 node=11-03-1-2-01 V=0V I=-0.41A bat=0V clean=0
[2026-04-04T11:36:58.594Z] [DB] INSERT log id=1318 node=11-03-1-2-01 proto=MQTT
[2026-04-04T11:37:08.583Z] [MQTT] DATA seq=146 node=11-03-1-2-01 V=6V I=-0.436A bat=0V clean=0
[2026-04-04T11:37:08.595Z] [DB] INSERT log id=1319 node=11-03-1-2-01 proto=MQTT
[2026-04-04T11:37:18.584Z] [MQTT] DATA seq=147 node=11-03-1-2-01 V=3V I=-0.383A bat=0V clean=0
[2026-04-04T11:37:18.594Z] [DB] INSERT log id=1320 node=11-03-1-2-01 proto=MQTT
[2026-04-04T11:37:28.585Z] [MQTT] DATA seq=148 node=11-03-1-2-01 V=7V I=-0.357A bat=0V clean=0
[2026-04-04T11:37:28.596Z] [DB] INSERT log id=1321 node=11-03-1-2-01 proto=MQTT
[2026-04-04T11:37:38.585Z] [MQTT] DATA seq=149 node=11-03-1-2-01 V=6V I=-0.436A bat=0V clean=0
[2026-04-04T11:37:38.594Z] [DB] INSERT log id=1322 node=11-03-1-2-01 proto=MQTT
[2026-04-04T11:37:48.586Z] [MQTT] DATA seq=150 node=11-03-1-2-01 V=3V I=-0.383A bat=0V clean=0
[2026-04-04T11:37:48.597Z] [DB] INSERT log id=1323 node=11-03-1-2-01 proto=MQTT
[2026-04-04T11:37:58.586Z] [MQTT] DATA seq=151 node=11-03-1-2-01 V=2V I=-0.462A bat=0V clean=0
[2026-04-04T11:37:58.595Z] [DB] INSERT log id=1324 node=11-03-1-2-01 proto=MQTT
[2026-04-04T11:38:08.585Z] [MQTT] DATA seq=152 node=11-03-1-2-01 V=0V I=-0.41A bat=0V clean=0
[2026-04-04T11:38:08.594Z] [DB] INSERT log id=1325 node=11-03-1-2-01 proto=MQTT
[2026-04-04T11:38:18.585Z] [MQTT] DATA seq=153 node=11-03-1-2-01 V=9V I=-0.489A bat=0V clean=0
[2026-04-04T11:38:18.591Z] [DB] INSERT log id=1326 node=11-03-1-2-01 proto=MQTT
[2026-04-04T11:38:28.589Z] [MQTT] DATA seq=154 node=11-03-1-2-01 V=0V I=-0.41A bat=0V clean=0
[2026-04-04T11:38:28.696Z] [DB] INSERT log id=1327 node=11-03-1-2-01 proto=MQTT
[2026-04-04T11:38:38.589Z] [MQTT] DATA seq=155 node=11-03-1-2-01 V=7V I=-0.357A bat=0V clean=0
[2026-04-04T11:38:38.695Z] [DB] INSERT log id=1328 node=11-03-1-2-01 proto=MQTT
[2026-04-04T11:38:48.591Z] [MQTT] DATA seq=156 node=11-03-1-2-01 V=2V I=-0.462A bat=0V clean=0
[2026-04-04T11:38:48.693Z] [DB] INSERT log id=1329 node=11-03-1-2-01 proto=MQTT
[2026-04-04T11:38:58.590Z] [MQTT] DATA seq=157 node=11-03-1-2-01 V=2V I=-0.462A bat=0V clean=0
[2026-04-04T11:38:58.711Z] [DB] INSERT log id=1330 node=11-03-1-2-01 proto=MQTT
[2026-04-04T11:39:08.592Z] [MQTT] DATA seq=158 node=11-03-1-2-01 V=0V I=-0.41A bat=0V clean=0
[2026-04-04T11:39:08.706Z] [DB] INSERT log id=1331 node=11-03-1-2-01 proto=MQTT
[2026-04-04T11:39:18.594Z] [MQTT] DATA seq=159 node=11-03-1-2-01 V=0V I=-0.41A bat=0V clean=0
[2026-04-04T11:39:18.695Z] [DB] INSERT log id=1332 node=11-03-1-2-01 proto=MQTT
[2026-04-04T11:39:28.595Z] [MQTT] DATA seq=160 node=11-03-1-2-01 V=6V I=-0.436A bat=0V clean=0
[2026-04-04T11:39:28.715Z] [DB] INSERT log id=1333 node=11-03-1-2-01 proto=MQTT
[2026-04-04T11:39:38.595Z] [MQTT] DATA seq=161 node=11-03-1-2-01 V=3V I=-0.383A bat=0V clean=0
[2026-04-04T11:39:38.710Z] [DB] INSERT log id=1334 node=11-03-1-2-01 proto=MQTT
[2026-04-04T11:40:23.626Z] [MQTT] Disconnected: PV_11-03-1-2-01
[2026-04-04T16:26:59.106Z] [CMD] → 11-03-1-2-01 via MQTT: SCHED|10:00|17:00
[2026-04-04T16:26:59.111Z] [DB] INSERT cmd id=7 node=11-03-1-2-01 cmd=SCHED|10:00|17:00
[2026-04-04T16:26:59.112Z] [API] Schedule set for 11-03-1-2-01: SCHED|10:00|17:00 | delivery={"ok":true,"proto":"MQTT","topic":"cmd/11-03-1-2-01"}
[2026-04-04T17:04:42.285Z] [DB_ERR] getSchedule: Unknown database 'solarmonitor'
[2026-04-04T17:04:42.784Z] [API_ERR] GET /api/nodes: Unknown database 'solarmonitor'
[2026-04-04T17:46:58.943Z] [SYSTEM] SIGINT — shutting down
[2026-04-04T17:47:01.323Z] [MQTT] Broker on port 1883
[2026-04-04T17:47:01.325Z] [TCP] Server on port 9000
[2026-04-04T17:47:01.326Z] [HTTP] API → http://localhost:3000
[2026-04-04T17:47:01.365Z] [DB] MySQL OK ✓
[2026-04-04T17:47:09.548Z] [API_ERR] GET /api/cmdlog: Unknown column 'c.cmd_text' in 'field list'
[2026-04-04T17:47:47.323Z] [API_ERR] GET /api/cmdlog: Unknown column 'c.cmd_text' in 'field list'
[2026-04-04T17:47:47.495Z] [API_ERR] GET /api/cmdlog: Unknown column 'c.cmd_text' in 'field list'
[2026-04-04T17:48:04.233Z] [API_ERR] GET /api/cmdlog: Unknown column 'c.cmd_text' in 'field list'
[2026-04-04T17:48:24.393Z] [API_ERR] GET /api/cmdlog: Unknown column 'c.cmd_text' in 'field list'
[2026-04-04T17:48:34.587Z] [API_ERR] GET /api/cmdlog: Unknown column 'c.cmd_text' in 'field list'
[2026-04-04T17:50:43.198Z] [API_ERR] GET /api/cmdlog: Unknown column 'c.cmd_text' in 'field list'
[2026-04-04T18:13:54.571Z] [SYSTEM] SIGINT — shutting down
[2026-04-04T18:13:57.797Z] [MQTT] Broker on port 1883
[2026-04-04T18:13:57.800Z] [TCP] Server on port 9000
[2026-04-04T18:13:57.801Z] [HTTP] API → http://localhost:3000
[2026-04-04T18:13:57.837Z] [DB] MySQL OK ✓
[2026-04-04T18:14:54.622Z] [API_ERR] GET /api/nodes: Unknown database 'solarmonitor'
[2026-04-04T18:15:03.252Z] [API_ERR] GET /api/nodes: Unknown database 'solarmonitor'
[2026-04-04T18:15:04.228Z] [API_ERR] GET /api/nodes: Unknown database 'solarmonitor'
[2026-04-04T18:15:04.769Z] [API_ERR] GET /api/nodes: Unknown database 'solarmonitor'
[2026-04-04T18:15:06.013Z] [API_ERR] GET /api/nodes: Unknown database 'solarmonitor'
[2026-04-04T18:15:06.183Z] [API_ERR] GET /api/nodes: Unknown database 'solarmonitor'
[2026-04-04T18:15:06.360Z] [API_ERR] GET /api/nodes: Unknown database 'solarmonitor'
[2026-04-04T18:15:06.529Z] [API_ERR] GET /api/nodes: Unknown database 'solarmonitor'
[2026-04-04T18:15:33.128Z] [API_ERR] GET /api/nodes: Unknown database 'solarmonitor'
[2026-04-04T18:15:34.282Z] [API_ERR] GET /api/nodes: Unknown database 'solarmonitor'
[2026-04-04T18:15:34.283Z] [API_ERR] GET /api/cmdlog: Unknown database 'solarmonitor'
[2026-04-04T18:15:36.540Z] [API_ERR] GET /api/nodes: Unknown database 'solarmonitor'
[2026-04-04T18:15:38.040Z] [API_ERR] GET /api/nodes: Unknown database 'solarmonitor'
[2026-04-05T07:07:02.070Z] [API_ERR] GET /api/nodes: Unknown database 'solarmonitor'
[2026-04-05T07:07:03.837Z] [API_ERR] GET /api/nodes: Unknown database 'solarmonitor'
[2026-04-05T07:07:03.839Z] [API_ERR] GET /api/cmdlog: Unknown database 'solarmonitor'
[2026-04-05T07:07:43.632Z] [API_ERR] GET /api/nodes: Unknown database 'solarmonitor'
[2026-04-05T07:07:43.657Z] [API_ERR] GET /api/cmdlog: Unknown database 'solarmonitor'
[2026-04-05T07:07:43.808Z] [API_ERR] GET /api/cmdlog: Unknown database 'solarmonitor'
[2026-04-05T07:07:43.818Z] [API_ERR] GET /api/nodes: Unknown database 'solarmonitor'
[2026-04-05T07:07:43.871Z] [API_ERR] GET /api/nodes: Unknown database 'solarmonitor'
[2026-04-05T07:07:44.007Z] [API_ERR] GET /api/cmdlog: Unknown database 'solarmonitor'
[2026-04-05T07:07:44.010Z] [API_ERR] GET /api/nodes: Unknown database 'solarmonitor'
[2026-04-05T07:07:54.949Z] [API_ERR] GET /api/nodes: Unknown database 'solarmonitor'
[2026-04-05T07:07:54.951Z] [API_ERR] GET /api/cmdlog: Unknown database 'solarmonitor'
[2026-04-05T07:07:55.000Z] [API_ERR] GET /api/nodes: Unknown database 'solarmonitor'
[2026-04-05T07:08:00.268Z] [API_ERR] GET /api/cmdlog: Unknown database 'solarmonitor'
[2026-04-05T07:08:00.269Z] [API_ERR] GET /api/nodes: Unknown database 'solarmonitor'
[2026-04-05T07:08:02.786Z] [API_ERR] GET /api/nodes: Unknown database 'solarmonitor'
[2026-04-05T07:08:25.673Z] [API_ERR] GET /api/analytics/11-03-1-2-01: Unknown database 'solarmonitor'
[2026-04-05T07:08:25.832Z] [API_ERR] GET /api/nodes: Unknown database 'solarmonitor'
[2026-04-05T07:08:26.004Z] [API_ERR] GET /api/nodes: Unknown database 'solarmonitor'
[2026-04-05T07:08:26.123Z] [API_ERR] GET /api/cmdlog: Unknown database 'solarmonitor'
[2026-04-05T07:08:26.127Z] [API_ERR] GET /api/nodes: Unknown database 'solarmonitor'
[2026-04-05T07:08:26.273Z] [API_ERR] GET /api/nodes: Unknown database 'solarmonitor'
[2026-04-05T07:08:30.763Z] [API_ERR] GET /api/nodes: Unknown database 'solarmonitor'
[2026-04-05T07:08:35.273Z] [API_ERR] GET /api/nodes: Unknown database 'solarmonitor'
[2026-04-05T07:08:35.290Z] [API_ERR] GET /api/cmdlog: Unknown database 'solarmonitor'
[2026-04-05T07:08:35.292Z] [API_ERR] GET /api/nodes: Unknown database 'solarmonitor'
[2026-04-05T07:08:38.189Z] [API_ERR] GET /api/nodes: Unknown database 'solarmonitor'
[2026-04-05T07:08:38.377Z] [API_ERR] GET /api/nodes: Unknown database 'solarmonitor'
[2026-04-05T07:08:43.807Z] [SYSTEM] SIGINT — shutting down
